DOEID,BA_climate_grp,efficiency_class,NWEIGHT,TOTALDOL,pred_TOTALDOL,top5_annual_savings,savings_share_of_bill
100001,Mixed-Dry,inefficient,3284.1036678,2656.89,2201.146189574734,329.7894325252389,0.12412611456448665
100003,Mixed-Dry,efficient,5669.0021418,522.65,531.7095183186301,94.07315389230821,0.1799926411409322
100020,Hot-Humid,average,5876.5015346,1549.78,2123.9167711272285,464.4165491525774,0.29966611335323556
100023,Cold,average,2147.0685985,2922.94,3698.1974099935633,583.7940553704095,0.19972837464005744
100024,Cold,efficient,1997.9487508,1142.86,1808.561617969778,231.32839804636518,0.2024118422609639
100028,Cold,average,5466.3924372,1230.85,2709.269678286565,406.37876604765995,0.33016108059280985
100047,Mixed-Humid,inefficient,3763.2540004,2236.22,2086.2450612019743,596.5087657502047,0.2667486945605552
100054,Cold,inefficient,8834.1533046,2309.65,1687.1140520116105,424.7723300035207,0.18391199099583083
100056,Mixed-Humid,efficient,7002.2197371,1102.84,1521.7208302685242,114.83626364456134,0.10412776435798607
100064,Mixed-Humid,inefficient,11842.857951,3226.06,2599.1325708567665,969.2814482693535,0.3004536333079216
100069,Cold,average,16880.058644,1063.9,1263.0482066174627,265.32201953242793,0.2493862388687169
100083,Mixed-Humid,efficient,7023.2928383,1566.74,1812.4732913687064,315.60548190398094,0.20144087845078376
100091,Cold,inefficient,19298.557001,1894.06,1759.6244780183576,286.89074726962974,0.15146866903352046
100103,Cold,average,7902.0367142,1704.92,2372.6067788291184,287.79023239728457,0.16879984538704723
100122,Cold,average,5362.5432614,3625.34,3163.925677579531,1084.8075612000334,0.29922919262745934
100125,Mixed-Humid,inefficient,5084.2157064,2377.93,2979.410212085236,468.6324381099111,0.19707579201654848
100129,Mixed-Humid,efficient,6116.1247547,1573.71,1420.7057276044436,288.535413067718,0.18334725779700073
100146,Cold,average,5439.890294,2259.74,1987.6859845828217,246.36838477987374,0.10902510234800188
100155,Cold,average,3711.7042353,1510.59,1564.026412337186,716.0738290389584,0.4740358595243967
100158,Hot-Dry,efficient,3991.156064,2650.92,2571.4335318121143,505.02589320635127,0.19050966955108084
100160,Very-Cold,average,915.04627184,2647.51,2206.572751006406,760.2510158204564,0.2871569949954698
100175,Hot-Humid,inefficient,6839.7470219,1913.16,1630.9894634933682,208.29236685797758,0.10887346947352944
100182,Hot-Humid,efficient,4335.3278494,2339.29,1861.884659128867,725.4601227274442,0.31011978964875847
100184,Cold,efficient,4653.7431568,1717.04,2038.4612779392912,372.3092067333385,0.2168319938576495
100190,Very-Cold,efficient,945.46401579,722.8,1033.7491206652066,225.41114329112014,0.3118582502644164
100194,Mixed-Humid,efficient,4992.082462,461.19,887.4548719647725,57.537404383875675,0.12475856888457182
100198,Hot-Humid,average,10541.095433,684.8,688.2965002242735,114.24746779967663,0.16683333498784556
100199,Hot-Humid,inefficient,6563.6211116,846.55,1164.8457716018163,227.7682469725227,0.26905468899949525
100205,Mixed-Humid,average,10050.159997,997.48,720.6453990439074,437.9363676484544,0.43904275539204235
100208,Marine,average,4488.4576359,1499.64,2374.6027170762027,367.9646458172025,0.2453686523547001
100226,Cold,inefficient,4726.6201971,1244.51,2069.0137285089,82.18600421566711,0.06603884598409585
100228,Mixed-Humid,average,4432.0660136,1760.21,1701.9858605137554,257.4945304714964,0.1462862558850912
100229,Hot-Humid,inefficient,9762.8928006,2583.92,2007.553492357952,566.6748965296099,0.2193082202736965
100234,Cold,average,8077.8025576,1604.99,2269.1340303202123,476.4600485535831,0.2968616929411293
100236,Cold,inefficient,7139.4119274,2036.29,1464.6806918541688,127.95190431697317,0.06283579662865955
100238,Marine,average,5994.4187059,2252.75,1652.247705669773,857.1371144022546,0.38048479165564514
100244,Hot-Humid,inefficient,9446.2153638,2138.19,1459.5973053754449,504.2250745287145,0.2358186477949642
100246,Cold,average,6486.263048,2474.48,2185.182160360097,465.3934387087535,0.18807726823767154
100247,Mixed-Humid,efficient,6152.3501904,1675.22,2048.9462228732673,483.4653873387834,0.2885981467143321
100252,Mixed-Humid,average,7965.3014792,1295.46,1812.4005839565905,368.6268017372008,0.2845528242764738
100262,Hot-Dry,efficient,6433.6635953,928.96,971.067499626086,37.54710459561048,0.040418429852319235
100271,Mixed-Humid,average,6440.2988756,3933.9,3073.186700058667,565.9891512989669,0.14387481921222373
100278,Marine,average,17054.754351,737.92,893.847386268048,280.34185536247304,0.37990819514645635
100286,Cold,inefficient,9405.2673738,5892.24,2837.814114690062,933.2826443694137,0.15839182456407302
100296,Mixed-Humid,inefficient,3155.324277,3086.04,2163.1497719154754,836.0827244439039,0.2709241372256691
100300,Hot-Dry,average,2039.8982333,1125.17,1043.603924176406,219.81383118425217,0.19536055101384872
100303,Mixed-Humid,average,4506.0690254,2296.78,1809.7556175078075,629.3196168811194,0.27400082588716346
100304,Hot-Humid,efficient,9564.7587061,2397.33,2333.651397023487,745.6389157008581,0.3110289011946032
100313,Hot-Dry,inefficient,13090.950813,1019.21,910.5201830005716,35.386472320921534,0.0347195105237601
100316,Hot-Dry,inefficient,4470.5511712,1843.07,1503.3525566813014,258.5372146829347,0.14027530950150277
100317,Hot-Dry,efficient,17006.20365,501.19,1084.574160317997,84.91951502212271,0.16943577290473216
100318,Hot-Humid,efficient,7398.5502527,1529.12,2125.412390681488,313.0471957692488,0.20472375992024747
100320,Cold,efficient,6936.5031729,1493.84,2378.1712288075187,467.74518514606893,0.3131159864149233
100325,Hot-Humid,efficient,13351.019209,433.72,1467.4258780045875,48.929972391798884,0.11281465551922641
100329,Marine,inefficient,6848.1897832,1753.34,2049.8605899266927,409.0161404447721,0.2332782805643926
100336,Mixed-Humid,inefficient,5441.5436526,1237.32,1186.1610659748394,183.13280594894857,0.14800763420048862
100340,Cold,average,5805.4793425,959.55,1026.7360507596288,227.26433722118065,0.2368447055611283
100343,Mixed-Humid,average,3004.6463322,1859.71,2068.274850999964,520.311676375948,0.2797810821988095
100351,Cold,inefficient,6690.5659244,860.6,1154.9075174441807,104.2119560674844,0.12109221016440204
100354,Cold,average,5083.1913119,2662.94,2978.538801817944,586.1552589445699,0.22011583398220386
100357,Hot-Humid,efficient,14355.082981,1887.29,3626.0123946994577,463.1549694370094,0.2454074198649966
100371,Hot-Dry,inefficient,9935.5766624,1953.48,2116.453076543046,146.19807784004487,0.0748398129696976
100372,Cold,efficient,4093.0617327,516.16,816.9658086004383,65.75742796733846,0.1273973728443476
100374,Hot-Dry,average,13268.99651,2382.22,2428.1607117096696,436.29668308688855,0.18314709938078289
100389,Cold,efficient,5878.7752689,1103.39,1373.3619756732044,477.58691209777476,0.4328359982397654
100397,Cold,inefficient,9809.6080133,2615.14,1410.005875889439,489.50023703732313,0.187179362113433
100412,Hot-Dry,inefficient,12023.584602,3478.45,2858.431921339414,868.5648349446479,0.24969881267364716
100413,Mixed-Humid,efficient,8056.9335438,1647.19,1971.4478528422824,535.982786835496,0.3253922054137628
100428,Hot-Humid,average,4911.5056031,1835.7,1712.0454872995929,326.24941165195196,0.17772479798003593
100429,Hot-Dry,efficient,9638.5855053,969.51,1788.664457821204,65.45870310382787,0.06751730575633864
100432,Cold,efficient,8661.0661015,1325.45,1659.7354476271896,242.34304118937618,0.18283831241418097
100437,Cold,efficient,5783.0380686,2622.06,2127.345994609089,380.43140018100024,0.145088747084735
100439,Cold,efficient,6406.5820005,1690.76,1977.5953632384867,127.06194122818307,0.07515078498910731
100440,Cold,inefficient,4094.0961751,4053.22,3013.4302009407556,631.061544509582,0.15569387906641682
100445,Cold,efficient,1979.3614795,2213.06,2123.393379304653,407.3674803869076,0.18407430453169257
100447,Hot-Dry,inefficient,10781.026859,2242.73,1375.50104527821,944.161979423304,0.42098780478403736
100452,Cold,average,5433.3948288,2226.51,2780.496929055085,533.6824501916556,0.23969461183271376
100459,Mixed-Humid,efficient,6396.6083535,779.52,1229.7058856361457,105.08892405334814,0.13481235125891336
100467,Cold,efficient,3303.3470101,1117.94,1615.094131439214,311.2260388540251,0.27839243506272704
100469,Mixed-Humid,efficient,8128.9771251,1219.44,1777.5225038429362,351.86766432764153,0.288548566823822
100473,Mixed-Humid,inefficient,2436.1852964,2247.77,2869.55494697917,411.65782492722116,0.1831405459309543
100478,Mixed-Humid,inefficient,7788.6344947,2259.47,1590.4536032293013,360.3034594599859,0.159463705851366
100479,Cold,efficient,2913.2325673,2161.73,2132.455073934216,388.007825355694,0.1794894946897596
100485,Mixed-Humid,average,2855.7842668,983.86,1078.7117733475636,174.69504214311894,0.17756087466013348
100495,Hot-Dry,average,13235.98477,803.9,1119.4122099841256,106.98339012632933,0.13308047036488285
100504,Mixed-Humid,inefficient,7514.8171925,3506.91,2822.7549634838874,721.3045089392309,0.20568092963299056
100506,Cold,efficient,6520.8906505,1923.81,3090.598844421774,830.280333229537,0.43158125450514184
100511,Marine,efficient,6243.9898569,1100.87,1466.5901312754845,207.75934439815927,0.1887228686385852
100513,Mixed-Humid,average,5636.9055332,1323.21,1343.7272858747594,289.25826279698487,0.21860344374436774
100516,Cold,inefficient,2853.4781956,2841.97,3171.207939911299,559.2164900042382,0.19677072242291024
100525,Mixed-Humid,efficient,7037.2968858,1673.24,2691.4572747064367,398.2683657006069,0.23802225962838977
100534,Cold,inefficient,3120.1548904,2413.35,2744.4868319074103,856.784170735561,0.3550186134359132
100541,Mixed-Humid,average,4169.6000547,1206.13,1250.118677853756,217.07830699351115,0.17997919543789734
100549,Hot-Dry,average,9980.0315341,2000.06,1693.1362561194003,487.3656557569755,0.24367551761295939
100551,Hot-Humid,efficient,10416.708713,902.18,1460.6357053102822,58.96169554050985,0.0653546914590324
100566,Marine,average,12515.740387,1334.83,1712.1031887069532,90.63615018778594,0.0679008938874508
100567,Cold,efficient,3732.3745165,3671.29,2911.599916488631,849.3055496877457,0.23133709123707083
100574,Mixed-Humid,efficient,8249.523954,1292.51,2098.661304265239,307.73004984494145,0.23808717135259413
100576,Cold,efficient,8761.0077396,1161.04,2753.05301674221,260.92697430824785,0.22473555976387363
100583,Mixed-Dry,inefficient,3622.0854995,2002.05,1452.9683344858086,328.1085160274382,0.16388627458227228
100588,Mixed-Humid,inefficient,4532.2085047,2830.12,2530.375311281011,472.11296553519674,0.16681729592215055
100601,Hot-Humid,efficient,8928.7009106,1659.03,2474.5773620721793,656.1466195364859,0.39550015342488437
100617,Hot-Humid,average,9519.1101483,3199.13,2789.247956747052,1218.5726504405545,0.3809075124926322
100620,Cold,inefficient,6017.7779465,2124.71,2815.3177528810174,494.2506158807088,0.23262027094554494
100625,Mixed-Humid,average,3388.9727525,1199.25,1131.5920088514374,495.1869277277053,0.412913844259083
100629,Hot-Dry,efficient,8500.8964303,898.66,1723.4531022533604,82.65401470465521,0.09197473427620592
100631,Cold,inefficient,7150.3214721,1919.79,1712.1512106177324,330.5794654850974,0.1721956388381528
100632,Marine,efficient,9002.083836,1930.69,2315.769687188108,141.2019650941331,0.07313549305902714
100637,Hot-Humid,inefficient,3327.3128766,2311.93,1988.932709053037,503.8818734138252,0.21794858556004085
100645,Mixed-Humid,average,12138.706973,2199.22,2346.795439931584,624.5419813959368,0.2839834038413332
100658,Mixed-Humid,average,3635.2564323,1823.68,1759.0552586803851,261.91375201885967,0.14361826198612676
100662,Cold,average,4424.1069941,2482.03,2873.446357231743,475.34955745030294,0.19151644317365338
100671,Marine,efficient,5991.2035631,786.33,1617.120320775887,218.80977134463873,0.27826710330858384
100677,Cold,average,13731.430064,860.9,1086.8344046046816,71.32733719139375,0.08285205853338803
100686,Marine,inefficient,5510.8964115,2240.44,1402.6924283845142,633.024662276809,0.28254479578868835
100694,Mixed-Humid,efficient,4609.208033,3179.61,2899.459539198817,698.6369064005208,0.21972408767129328
100699,Cold,average,2478.5733477,2440.93,3275.97498100835,274.1890676663548,0.11232975450600992
100701,Cold,efficient,2455.3477129,4241.63,6848.228854954409,853.2021125957797,0.20114958461623944
100707,Cold,average,3523.7385177,2208.36,2703.7139469487824,398.1892094465543,0.18030991751641684
100717,Hot-Dry,average,4056.0725264,2034.59,2218.62346129433,707.50900156317,0.3477403317440713
100724,Mixed-Humid,inefficient,7913.1001506,3424.17,2464.341632955733,714.0281862587467,0.2085259161369753
100725,Cold,efficient,14057.908309,1276.68,1275.3401814638942,255.80570521353533,0.20036791146844574
100729,Mixed-Humid,average,5339.2527416,876.7,1037.228746506464,140.48619526574703,0.16024431991074145
100731,Cold,efficient,12981.282268,3174.88,4581.2861380672275,625.2182351764336,0.1969265720834909
100736,Cold,average,5619.0655028,2040.95,2141.8171710457104,325.16992967194125,0.15932282989389315
100739,Cold,efficient,2054.8784445,2071.65,2253.4282522165577,423.69835535365326,0.20452217090418423
100740,Mixed-Humid,inefficient,7062.4646155,5598.05,2824.8578971173456,1307.1784385162878,0.23350603129952174
100741,Mixed-Humid,average,4455.8612124,2040.75,1890.577870583534,373.2969709447491,0.18292146071040014
100752,Mixed-Humid,inefficient,6460.0064348,3845.0,4723.769430264829,654.6395716848172,0.1702573658478068
100755,Hot-Humid,efficient,18391.462335,733.04,828.587328472746,139.428515146947,0.19020587573249348
100758,Cold,inefficient,7127.3762918,2440.67,2005.819811313445,622.304456101652,0.25497279685563884
100759,Mixed-Humid,inefficient,6475.6369619,2050.44,2049.2402668736427,314.6742829303122,0.15346671101339818
100765,Mixed-Humid,inefficient,11271.955796,5376.02,3444.821521328236,1402.3766844162622,0.26085778780887386
100768,Mixed-Humid,efficient,4087.1628399,2320.85,2184.385669919697,407.9195388232662,0.17576299150021166
100769,Cold,efficient,4511.5135994,1367.76,1438.7340833700816,363.5153582089318,0.2657742280874801
100772,Cold,inefficient,8972.1001525,580.22,664.3844608071901,199.59055444399698,0.34399116618523484
100777,Mixed-Humid,inefficient,6240.0598223,1645.62,1489.1683446194688,478.1899138557477,0.29058343594253094
100779,Cold,efficient,2005.9846711,2010.5,2052.186307944315,436.10505808769534,0.21691373195110436
100784,Mixed-Humid,inefficient,7565.345831,1776.61,1808.111388374206,387.8748280494534,0.21832300169955896
100785,Cold,efficient,1814.116973,2286.77,2421.343007740786,316.8958338341346,0.1385779216248834
100793,Hot-Dry,inefficient,9034.6188584,4111.52,2650.576932867695,1382.792206188576,0.33632141061908394
100796,Cold,efficient,4782.8131889,3589.22,2115.515255446118,1377.8655460835416,0.3838899666455502
100798,Hot-Dry,average,4847.301528,3098.97,3071.4735490657167,1134.6396776571357,0.36613445036806935
100814,Mixed-Humid,efficient,6097.9193667,2634.91,2224.6551804129876,401.11156770969694,0.15222970337115763
100816,Mixed-Humid,average,6237.9151969,2162.86,2106.1692331524177,677.7768784610021,0.3133706659057923
100821,Cold,efficient,5316.9306298,2503.11,2662.743682191817,581.6377303172101,0.2323660287870729
100825,Cold,average,8378.6120329,2142.53,2243.326914636698,597.2706579988508,0.27876886577963933
100828,Mixed-Humid,efficient,7045.1049448,1716.44,1839.0643662365144,263.90150008540223,0.15374933005837793
100839,Cold,inefficient,1483.8028235,4249.24,3389.842279838922,533.5266450457482,0.12555813393589163
100842,Mixed-Humid,average,4773.4338019,4642.77,3359.8570862948013,1621.6548829669891,0.34928606908526355
100843,Marine,average,7631.116463,1254.76,1050.7016109493863,499.80051620131417,0.39832359670479944
100844,Cold,average,3746.667844,2333.4,2194.8120943647486,529.4408155434945,0.2268967238979577
100867,Cold,average,6234.4023237,2426.03,2733.8393928026317,668.051798755132,0.2753683172735424
100870,Marine,average,4823.8816686,1661.07,1787.0031877525253,179.07613615590867,0.10780769994997723
100879,Cold,average,9779.7069245,2175.19,2248.047935331058,493.74588425951174,0.22698977296673473
100890,Mixed-Humid,average,6063.1717245,2355.22,2150.481774966986,378.33077737974844,0.160635005383679
100894,Mixed-Humid,inefficient,7722.6828189,2014.69,2097.459395734171,716.049041756666,0.35541400501152337
100904,Cold,inefficient,5004.6651543,1017.41,1428.6338809506308,233.80005682260426,0.2297992518479318
100906,Mixed-Humid,efficient,14927.254336,986.25,1192.96021779449,189.45805792259324,0.1920994250165711
100907,Cold,efficient,3065.5047469,691.33,886.7225188635427,74.37454610795785,0.10758182938388013
100915,Cold,average,11262.844569,2507.49,2125.3165564381884,707.039612182677,0.28197105957857344
100919,Mixed-Humid,efficient,5793.0590433,1081.59,1912.2454874357184,410.70388083345654,0.3797223354815194
100920,Cold,inefficient,10595.251683,1662.69,2121.8443900855455,552.4689121931455,0.33227415344600947
100925,Cold,efficient,9907.8589822,3152.36,3035.8634514505056,1261.4775822005527,0.40016926436084477
100930,Hot-Dry,inefficient,7305.8324496,4898.88,1807.0015678865016,969.1824664884222,0.1978375601134182
100931,Cold,average,7970.9378488,2156.92,2205.025871650593,715.4649133501745,0.3317067454287477
100932,Very-Cold,efficient,6254.1835382,1245.89,2276.1752811975193,158.92298936789297,0.12755780154579693
100937,Marine,inefficient,12418.947823,2062.4,1683.7185775851667,326.76246518885114,0.15843796799304263
100941,Mixed-Humid,average,2261.4326385,2592.4,2895.324963658755,843.1465431449725,0.32523782716593597
100942,Mixed-Humid,inefficient,5950.2824548,1274.63,1331.7862953514116,313.32673838023516,0.24581779683534447
100944,Mixed-Humid,efficient,2918.8110465,1939.29,1825.8564519161885,345.76682140083597,0.1782955728131615
100953,Cold,efficient,5881.8060801,1583.4,2004.1843533492963,283.8096676788433,0.17924066419025092
100960,Mixed-Humid,efficient,7700.2457505,2652.64,2886.368946769545,1180.7339710834667,0.4451165522209824
100962,Cold,inefficient,6106.237454,1933.27,1634.0097364631442,540.1046186296485,0.2793736098060015
100985,Cold,inefficient,2392.66614,2113.9,1848.926047538176,420.83550715725494,0.19908013962687682
100989,Very-Cold,average,793.03265106,4063.65,3480.904394068053,1390.8827641203784,0.34227425199522066
100991,Cold,efficient,3517.2335301,2494.48,3806.997652947081,372.444880126426,0.14930762328277877
101002,Mixed-Humid,average,12490.667267,963.94,1064.7001288557865,84.51813224550683,0.08767986829627034
101005,Mixed-Humid,efficient,3649.1387682,2423.96,2602.7905134177645,895.427891847278,0.3694070413073145
101016,Cold,inefficient,12670.527455,1175.64,1242.4230737230257,134.99427111820262,0.11482619774608095
101021,Marine,efficient,5035.6845889,1179.51,1459.3437130755508,245.02311523589287,0.2077329698229713
101032,Cold,efficient,2193.6930785,1884.27,2180.240039957254,466.3963712919477,0.24752098759304542
101039,Mixed-Humid,average,9784.2109183,2055.31,2326.7121990812925,756.3515859086277,0.3679987865132889
101042,Hot-Humid,average,7847.7270944,2447.84,3195.4215873435546,627.2222823071736,0.2562349999620782
101049,Hot-Dry,inefficient,8389.7139266,2453.16,2053.672653810122,873.1224435124293,0.35591744668608216
101050,Hot-Dry,inefficient,4508.9251989,2702.94,2111.256925677561,344.62002637152455,0.1274982154141507
101057,Hot-Dry,average,4917.0401989,1841.03,1882.7058527358215,425.6964400228521,0.2312273238474398
101063,Hot-Humid,inefficient,16064.853086,1826.05,1469.4822716209385,157.98355450319934,0.08651655458678532
101064,Cold,average,5717.6724049,860.07,1182.8845929674649,225.67384819241113,0.26239009405328767
101068,Mixed-Humid,average,8200.1372249,2395.21,2186.3566147643223,956.2989128598979,0.39925472624943026
101074,Mixed-Humid,efficient,5800.2807475,1665.79,4007.7922954525466,491.0536241617202,0.29478723258136996
101075,Mixed-Humid,inefficient,11528.581755,1060.38,756.396382086729,300.271807756988,0.28317377520981907
101076,Hot-Humid,average,12528.591928,1302.49,1221.9525711603214,277.99579026026424,0.21343410717952863
101078,Mixed-Humid,average,1714.8696528,848.55,1073.1561568280842,119.09942829853414,0.1403564059849557
101079,Cold,inefficient,2034.3154931,3795.45,4128.966866622091,1279.808635336332,0.3371954933766304
101083,Mixed-Humid,average,4644.9797765,2416.52,2258.4235043860954,619.1451622823566,0.256213547697663
101092,Hot-Humid,inefficient,10415.746285,3074.87,1813.2104734308505,284.51128572835864,0.0925279071077342
101099,Cold,inefficient,8469.2739226,2041.53,1990.1614956479257,745.1216368049079,0.36498196784025116
101102,Hot-Humid,efficient,6291.6537036,922.12,1160.9020716020118,176.86356395234088,0.19180102801407722
101106,Mixed-Humid,inefficient,7829.1435947,1711.89,1406.737855151265,264.0811778123276,0.15426293617716536
101107,Cold,inefficient,3133.3281032,2620.97,1762.7714403751609,906.7726630977297,0.34596834877840255
101125,Marine,inefficient,6140.6889661,1337.27,1077.0424618768702,299.023689597955,0.22360756586026384
101130,Cold,inefficient,12461.914167,895.03,1656.9374656735504,286.1851680440224,0.31974924644316105
101132,Mixed-Humid,inefficient,9660.0841282,2155.61,1754.188742880156,223.24883926079823,0.1035664332883955
101133,Hot-Humid,average,8488.8865639,1759.64,1895.5587177970697,686.3159077230088,0.39003199956980333
101134,Cold,efficient,1999.3902026,2737.18,2861.1035494749767,303.4282362808171,0.11085432316501549
101139,Hot-Humid,inefficient,5711.8868693,818.97,1591.8341477831834,369.1032498338925,0.4506920275881809
101140,Cold,average,7953.9765644,1718.72,1917.878397481658,306.8928032777714,0.17855892948110885
101142,Cold,efficient,5883.010282,1600.84,1674.6868061154637,646.7263613624315,0.4039918801144596
101150,Cold,average,11318.300587,1547.63,1681.159679290164,338.8991186277636,0.21897941925897246
101156,Hot-Humid,average,4915.827279,1024.25,1325.457948561388,211.96739158197622,0.20694888121257135
101164,Hot-Humid,inefficient,2003.4842648,4069.98,1318.0885389965963,157.00001835712033,0.03857513264367892
101166,Mixed-Humid,inefficient,12963.89899,1730.31,1960.3422762804944,334.77972587255556,0.19347962265290936
101173,Mixed-Humid,efficient,4847.1298207,1645.01,1936.7094019463711,346.2536806827496,0.21048728012762816
101183,Mixed-Humid,inefficient,12531.086253,3214.76,2312.7319692814667,290.59370692205005,0.09039359296558687
101192,Cold,efficient,4558.6408996,1260.84,1963.1573438446549,266.9284873351378,0.2117068679095982
101196,Cold,inefficient,3944.2532293,2641.32,1672.1572045100102,478.72330227814234,0.18124396221515846
101202,Hot-Dry,inefficient,4348.7106101,2057.37,1825.6702413950445,420.7248620347806,0.20449645033940447
101206,Cold,inefficient,2533.3198131,2371.53,2488.573441903677,663.3775220023017,0.27972554511319764
101207,Hot-Dry,average,3943.4955502,2227.75,2004.9997588257172,522.6913813464141,0.23462748573512024
101214,Cold,average,7285.7590366,3045.15,2550.0562956352464,578.8653075376837,0.19009418502789147
101227,Cold,inefficient,1131.282266,2874.3,1964.64602712465,543.293858381725,0.18901779855329123
101229,Cold,average,3200.4120531,1962.61,2097.0407066848434,518.5853805836243,0.2642325172008827
101231,Cold,average,4213.0548953,4710.73,5745.942129775711,862.9214359346146,0.1831821046705319
101257,Mixed-Humid,average,8318.0386742,1754.86,2152.4254146872536,311.4777045517004,0.17749433262579375
101266,Mixed-Humid,efficient,5472.5531617,1793.26,2076.4408464500148,374.66457759911003,0.20892931175574653
101268,Cold,efficient,7472.3788092,115.92,225.92533672101675,0.0,0.0
101289,Mixed-Humid,average,2329.4742188,1248.49,1580.4607331470424,189.4180578486761,0.1517177212862547
101303,Very-Cold,efficient,6825.6430561,1729.69,2033.312188232317,379.8170510252595,0.2195867762577453
101308,Mixed-Humid,average,6615.4902899,974.68,1236.3857773873017,79.97853898808839,0.08205620202331883
101311,Mixed-Humid,average,8846.9318067,1347.24,1815.4272252330193,492.04306788431626,0.3652230247649389
101316,Cold,inefficient,3270.9324953,1463.58,1598.046861617359,270.83905348699204,0.18505244229013246
101318,Cold,efficient,10952.510612,255.25,835.2171144062416,37.51666859406905,0.1469800924351383
101330,Hot-Dry,average,12800.032812,1244.74,1400.383527184786,416.83085620132715,0.3348738340547642
101335,Mixed-Humid,efficient,9491.2541245,1014.28,1530.8686044034678,191.32498752577214,0.1886313321033365
101338,Cold,efficient,5504.2315458,1427.83,1841.306959523253,253.22599361839747,0.17735024030759788
101343,Hot-Dry,inefficient,19224.109469,555.66,410.5727782085082,215.766152204639,0.38830607242673404
101344,Very-Cold,inefficient,7039.305194,2556.14,2522.8090825373374,299.62748978135795,0.11721873206528514
101346,Mixed-Humid,average,13785.376491,1232.02,1165.4573877653756,239.24251345248746,0.19418719943871646
101349,Cold,average,15622.303131,1604.65,1652.8645683999928,498.4529044060041,0.31063029595613006
101350,Marine,average,4985.1078059,1513.07,2025.7647162958017,372.30556035395693,0.2460597066586192
101351,Marine,average,6536.9585598,2274.47,2662.8495216727215,708.8058060440874,0.3116355924870794
101359,Hot-Humid,efficient,10037.511135,1676.92,2168.3483059081263,395.09630344950915,0.2356083196869911
101376,Mixed-Humid,inefficient,11431.349807,3504.16,2181.2387753718986,536.9619595885913,0.1532355713176885
101380,Hot-Humid,average,15075.746661,1332.75,1401.300112272201,185.54159829522044,0.1392171062053802
101385,Hot-Dry,inefficient,7766.374332,1031.4,835.3369736957748,187.03533744684208,0.18134122304328298
101389,Hot-Dry,inefficient,5066.7089556,1947.19,1995.9309676350465,437.7649599169288,0.2248188209249887
101392,Cold,average,8631.0695637,579.36,874.7792874619162,116.00869752125577,0.20023594573539039
101399,Mixed-Humid,average,5413.3751649,2525.03,2159.6259037321925,453.7873334827116,0.179715620599641
101401,Hot-Humid,inefficient,5278.0975386,2363.54,1787.109692099829,687.4061593537338,0.2908375400262884
101402,Mixed-Humid,average,10320.719518,1372.08,1681.5526146374934,300.2782031737586,0.21884890325182102
101405,Cold,efficient,7127.3762918,982.43,1493.2744762677985,161.36859599702393,0.16425454841263393
101409,Mixed-Humid,efficient,5335.661356,2732.58,2817.1230503804863,682.6568559378957,0.24982136147446576
101411,Mixed-Humid,efficient,5527.033922,1848.13,1697.8820326223083,461.06053495979427,0.24947408188806752
101412,Mixed-Humid,efficient,14584.031791,785.22,1563.8944518354017,192.2231896546146,0.244801698447078
101419,Mixed-Humid,average,5691.4431166,1881.8,1970.0441672281931,390.08816074896345,0.20729522837122089
101440,Cold,average,3627.1957933,2013.82,2056.4084470900784,463.9794860209181,0.23039769493843448
101442,Mixed-Humid,efficient,7167.4523249,3271.99,3697.624343522472,1295.5678297716047,0.39595714833223966
101446,Cold,average,7649.8546967,1827.25,1965.3374293495565,410.23020538762734,0.22450688487488157
101460,Hot-Dry,inefficient,9873.171141,5279.27,2179.9016974092688,1065.538523140622,0.20183444361448113
101462,Mixed-Humid,efficient,4405.3889405,1066.48,1580.2590922013278,230.23482964784392,0.21588293230800756
101472,Mixed-Humid,efficient,2995.028447,831.69,1138.1418434005811,159.28359292362444,0.19151798497471947
101485,Cold,average,5826.2082791,2423.4,2378.6938642211576,544.1549354200304,0.22454193918462917
101487,Cold,inefficient,6314.0150828,1511.83,1610.372783900763,401.374974904585,0.265489489495899
101495,Hot-Humid,efficient,7339.4187212,2908.61,2678.3382191458186,460.6128798115898,0.15836185662965807
101498,Cold,efficient,5350.0213072,2182.45,1924.240220593488,454.98695346756,0.2084753160290316
101500,Hot-Dry,efficient,4528.4871392,1470.49,1875.9119320732173,409.7972085464737,0.2786807176835434
101502,Cold,average,4516.9160209,1647.25,1601.9969202898335,255.43874600281617,0.1550698108986591
101503,Mixed-Dry,inefficient,4832.1672851,2091.26,1654.3268137077312,782.3368684655036,0.3740983275467917
101508,Cold,average,8804.0757026,380.73,514.8751313161333,46.46001182003864,0.1220287653193566
101512,Mixed-Humid,inefficient,4455.9771729,1659.96,1587.7346658466429,264.0136452322122,0.1590481970843949
101513,Cold,average,3833.89593,2957.6,2895.0018901643543,569.5652282245065,0.19257682858551073
101518,Mixed-Humid,inefficient,10597.791207,1832.13,1554.1025330146829,490.2938560962465,0.26760866100999736
101527,Hot-Dry,average,18193.585674,824.73,731.7795622311996,85.96955094822404,0.10423963108923409
101529,Mixed-Humid,average,11165.728998,1067.52,1088.323511887952,210.9829018020551,0.19763835975162536
101534,Hot-Dry,inefficient,7740.3012216,5115.17,2537.0703261704616,575.4240404300808,0.11249362981681563
101535,Hot-Humid,efficient,12391.712309,551.82,677.5629953842578,80.9149964146838,0.14663295352593925
101536,Mixed-Humid,average,5604.09305,2640.96,2420.602910927057,715.8846943791368,0.27106987397731763
101538,Hot-Humid,inefficient,7838.7661676,828.92,827.5515118401071,241.9772388421106,0.29191868798208587
101541,Cold,average,7890.2194711,1160.82,1439.0210640565926,340.906376071095,0.2936772075525017
101548,Mixed-Humid,average,3301.7511654,1933.73,1473.4786998903282,300.15984779683686,0.15522324615992764
101553,Hot-Dry,inefficient,10415.554243,2527.1,2022.5585678571883,399.05116649646993,0.15790873590141663
101554,Mixed-Humid,average,2043.3364006,2622.98,2482.496365740599,822.0021659591057,0.3133848393655711
101557,Hot-Humid,average,10918.490762,1264.89,2056.874691639766,235.91147442579756,0.1865075021747326
101558,Mixed-Humid,efficient,3605.0418422,1947.84,2166.240820172491,330.6624812420381,0.16975854343377184
101560,Cold,efficient,3219.3817193,2754.55,3602.4516384084163,329.840945364325,0.11974403999358335
101563,Marine,inefficient,5385.1903184,2559.23,1663.7813006356166,356.7793702427353,0.13940887307617342
101565,Marine,average,6047.3386858,1858.73,1581.275787640108,310.02037966585493,0.16679150800054604
101568,Cold,efficient,2533.3198131,1478.2,2157.2740297740347,400.2784842639577,0.27078777179269226
101580,Cold,efficient,9821.3706388,1535.64,2124.135654689994,356.802939284801,0.23234803683467545
101587,Very-Cold,average,967.1284284,1549.72,2296.5782520029807,412.55528629770356,0.26621279088977595
101590,Cold,efficient,5912.078462,1631.59,2068.5582562066925,595.2005154562731,0.3647978447136065
101594,Cold,average,15093.418153,1317.94,1846.9375767909191,231.5800761658947,0.17571367146144337
101595,Hot-Dry,inefficient,9482.6024696,2157.27,1857.5869661285628,417.433365254116,0.19350075106691142
101596,Hot-Humid,average,7375.3675341,3434.45,2480.17294612721,617.410358097527,0.17976979082459404
101603,Cold,inefficient,4540.7076925,2935.63,2456.790889952618,377.0356124249122,0.12843430964559982
101614,Marine,inefficient,17255.863325,1067.43,828.2383152107432,487.0352991143949,0.45626907536268874
101619,Cold,inefficient,6220.4020107,5456.96,4439.5036820914265,1411.7524208839409,0.25870675630459833
101623,Cold,efficient,7473.3261721,1803.07,2000.2474345782616,548.383915329191,0.30413900476919425
101625,Mixed-Humid,efficient,13642.318993,1844.53,2016.966789272868,663.4791492491249,0.35970092611620574
101639,Cold,efficient,5868.9740128,1482.2,1616.7398706897693,313.9472372698274,0.21181165650372916
101642,Mixed-Humid,inefficient,3885.2523965,2775.31,2226.1630242771207,369.9890353799734,0.1333144893291104
101643,Very-Cold,average,829.82009109,2320.89,2555.159935434521,335.0323238343796,0.14435510680574246
101650,Cold,efficient,6596.7308216,2590.38,1970.3710043733045,589.5293456330817,0.2275841172465359
101652,Cold,inefficient,3375.5033366,2317.82,3049.320339328614,454.9420891873455,0.19628016376912163
101655,Cold,average,12958.339422,1134.38,2003.622165282468,198.33570322551972,0.17484062062582179
101656,Hot-Dry,average,11423.264538,1628.32,1779.313114766329,224.61820383605715,0.13794475522996533
101657,Cold,inefficient,7635.3334252,2392.78,2483.0431249893577,738.3675613613816,0.30858146647889967
101675,Hot-Dry,efficient,16363.284428,398.03,626.312063438549,34.73290006600432,0.08726201559180043
101677,Cold,inefficient,2305.2338606,1495.89,1875.6405989203824,199.1235284361686,0.1331137506341834
101682,Mixed-Humid,inefficient,7923.1049435,1635.34,913.1589695349186,181.52570739746443,0.1110018145446601
101705,Mixed-Humid,inefficient,10556.544843,2044.38,2007.0360976604095,419.95591006546334,0.20541969206579175
101706,Mixed-Humid,average,4429.8553971,1639.39,1834.241836590639,284.39766067966264,0.1734777329858439
101713,Very-Cold,inefficient,745.32045214,5159.4,4174.723207746162,1277.8359686607355,0.24767142858873814
101716,Hot-Humid,efficient,12545.49469,1423.99,2354.834502475227,280.64491908761374,0.19708349011412563
101718,Mixed-Humid,inefficient,6996.0069639,2354.7,1984.426644990812,576.3870107447126,0.24478150539122293
101724,Mixed-Humid,average,4081.8774646,2904.71,2067.46121767815,499.19296455363155,0.17185638654241958
101730,Cold,inefficient,8482.2559897,4010.57,2614.580001489721,1090.7701085266779,0.27197383626932775
101744,Cold,average,11458.35058,2192.45,2245.7848243699523,289.98338135999563,0.1322645357294331
101752,Hot-Dry,efficient,13974.17757,401.71,2738.95120458628,90.13158587260295,0.22436978385552503
101776,Cold,average,4048.6909547,3360.23,3023.10149537899,776.1160197559165,0.2309711001199074
101781,Mixed-Humid,efficient,6555.3532743,3585.62,4677.504588954277,885.4811798660569,0.24695343618845747
101786,Mixed-Humid,inefficient,6998.9066664,3313.17,3569.65646879882,667.1877672273715,0.2013744441810627
101788,Mixed-Humid,efficient,7536.3888108,1874.73,2631.4898103237915,510.4753290129874,0.27229271895845664
101790,Very-Cold,efficient,876.86654774,1598.24,1990.588260685526,529.2060195276297,0.3311179919959641
101791,Marine,efficient,8029.3471435,662.68,992.413155638932,76.582607669679,0.11556499014558914
101792,Mixed-Humid,average,12781.311194,1427.42,1529.3438915949268,260.450228257017,0.18246222433272405
101795,Mixed-Humid,inefficient,1658.6039651,657.09,879.5695396582082,149.11554153451178,0.22693320783227833
101797,Hot-Dry,inefficient,13168.05565,1350.92,1376.902309633323,369.6152053297019,0.2736025858893953
101798,Cold,inefficient,5184.084812,4065.93,2487.4486220925273,1364.32330495415,0.3355501213631691
101801,Cold,average,3618.0414302,2555.02,3229.501908445304,617.7730831183037,0.2417879637413029
101803,Cold,efficient,5909.4063361,2474.34,2015.196626327741,487.1966178723327,0.19689962489889531
101820,Mixed-Humid,inefficient,12264.06424,3060.06,2651.806419208528,342.05469061633164,0.11178038686049674
101832,Cold,efficient,2588.7737037,975.48,1130.6266636638804,229.3009273238981,0.2350647141139727
101836,Mixed-Humid,inefficient,12631.544217,2246.38,1854.2268103952888,322.39173482987235,0.1435161169659062
101837,Cold,average,1665.2686002,1002.41,1675.2917521540744,243.7019519324866,0.24311604227061442
101838,Mixed-Humid,inefficient,6928.420866,1356.5,1333.7784540702671,379.08027172919674,0.27945467875355456
101839,Mixed-Humid,efficient,1359.1527063,4438.87,3224.76657412197,988.1224475591006,0.22260675522353676
101840,Mixed-Humid,inefficient,9690.4376684,1484.24,1796.8796682403054,395.57891030900964,0.2665195051400108
101842,Marine,efficient,13589.137964,638.03,689.3504152576817,89.61947361952681,0.14046278955460845
101859,Cold,efficient,3613.0407956,1072.25,1488.3509805743752,203.94523151744863,0.19020306040330953
101862,Cold,inefficient,4875.7701039,1490.5,2123.720547821684,386.0294490754682,0.2589932566759264
101869,Mixed-Humid,efficient,6830.9417922,3127.35,3015.491541867785,1171.6382013601133,0.3746424932802895
101874,Mixed-Humid,inefficient,5781.1558708,1922.2,1688.1232692776327,364.3702108760683,0.18955894853608798
101882,Cold,average,14069.263619,1507.12,1747.3728205626408,637.2125853472802,0.4228014924805458
101906,Mixed-Humid,inefficient,7872.7322215,1861.18,1827.0126356876783,291.42646956375546,0.15658156092573283
101909,Mixed-Humid,inefficient,3598.295947,1911.9,1253.1802486668814,412.7783394078723,0.21589954464557365
101916,Cold,average,5924.8943069,1437.14,1501.6037394431364,306.5471278391344,0.21330359452741862
101923,Mixed-Humid,inefficient,6924.4280829,2158.82,2032.8304357443387,226.87909903458674,0.10509403240408498
101934,Cold,inefficient,3621.9405028,5288.73,2403.5192094950794,1337.128942752487,0.25282609298498643
101940,Cold,inefficient,1069.3249191,2282.36,1973.608724507053,236.014385386328,0.10340804491242749
101942,Hot-Dry,average,12036.75518,512.27,519.2369616413588,64.92213920915914,0.12673422064372136
101961,Mixed-Humid,average,3638.2777563,2315.34,2439.4191718699526,650.9912469744941,0.2811644281075324
101965,Cold,average,4335.1618881,2399.01,2198.256267536603,792.5336291505262,0.3303586184094798
101966,Hot-Humid,average,7251.5287417,1701.9,1979.398961207606,669.6513149150655,0.39347277449618984
101967,Cold,inefficient,7599.1834416,1828.9,1285.5765086149634,307.7863304136799,0.16829040976197707
101968,Mixed-Humid,efficient,4324.5155618,652.74,2411.5141774470253,86.52421053214677,0.13255539806377237
101971,Hot-Humid,efficient,5824.7434595,1406.12,1945.19482601842,207.05692539528545,0.14725409310392104
101975,Very-Cold,inefficient,1088.9056657,3219.01,3108.957112431287,708.5258313739217,0.2201067506388367
101976,Mixed-Dry,average,6427.7735865,871.57,657.1596941586158,103.11439433510391,0.11830879256411293
101977,Hot-Dry,efficient,13288.139857,1302.45,1561.9004453629136,281.48686931937783,0.21612105594792724
101986,Hot-Humid,efficient,8230.5170345,1677.0,2267.42936867635,451.2769257226302,0.2690977493873764
101988,Mixed-Humid,efficient,2918.8773964,1775.7,1995.313251113606,640.0727622408675,0.36046221897891956
101991,Hot-Dry,average,9127.3463149,2513.51,2254.082362386005,632.9214462614844,0.2518078091041947
101995,Hot-Dry,average,17321.570639,778.31,683.4370438134754,18.585948907841566,0.023879879364060035
102003,Mixed-Humid,average,12780.705559,1756.18,1718.3452903745665,273.71657030190624,0.15585906359365567
102004,Cold,efficient,9925.9183263,460.07,528.3903635853372,69.90933279581564,0.15195368703852816
102008,Hot-Humid,inefficient,1909.1976502,2302.69,1413.267509446471,638.1817760457732,0.27714619685922687
102012,Mixed-Humid,average,3822.1109238,2142.05,1812.4444826422616,422.0966256803385,0.19705264848175275
102026,Mixed-Humid,inefficient,6767.2776889,2066.6,1969.118337771211,368.7445845385448,0.17843055479461184
102028,Hot-Humid,inefficient,4859.783089,1252.92,1703.4675401735135,116.50855900567511,0.0929896234441745
102032,Cold,average,2134.4632483,1666.2,2037.947092702544,322.67406208924433,0.19365866167881665
102034,Cold,inefficient,1004.7765998,2365.15,1929.7125212937103,749.0859818202737,0.3167181708645429
102035,Cold,inefficient,11082.449768,2013.69,1874.814492664461,274.42540577166943,0.13627986719488572
102040,Cold,efficient,4812.4064534,927.4,1100.269308990729,189.82119561726756,0.20468103905247742
102052,Hot-Humid,efficient,7895.6230248,1297.98,1972.3963868126104,218.7969315093768,0.16856725951815651
102053,Hot-Dry,inefficient,12600.564043,4085.17,2011.1260239743224,802.2699072049015,0.19638592939948682
102057,Hot-Humid,average,10410.290899,1527.45,1517.9698288451937,414.9303397544372,0.2716490489079428
102058,Mixed-Humid,average,11133.174184,1357.11,2048.1559054471463,279.82483330975697,0.20619171129072586
102059,Cold,efficient,5747.5885466,1743.08,1733.657015305681,430.04757163278254,0.24671705924729936
102060,Hot-Dry,inefficient,7049.2377907,1438.99,1564.4733657368351,446.50538850389677,0.31029082099520966
102061,Hot-Humid,efficient,6244.5463578,1217.4,1095.365495218084,286.0062826625814,0.2349320541010197
102063,Cold,inefficient,7604.7586899,3585.58,2573.2436890555414,854.3669165031049,0.23827858156925935
102064,Mixed-Humid,efficient,7343.539431,2089.76,2179.42428912229,375.4812560667946,0.17967673611648924
102065,Mixed-Humid,average,4563.781001,3497.96,3179.3621168401805,655.6868149379696,0.18744834558942058
102068,Cold,efficient,3511.0344829,1997.86,1780.8429924349823,314.02397419702254,0.1571801698802832
102091,Hot-Humid,average,9988.1716958,2381.78,1862.1309200184164,428.4200063560876,0.1798738785093869
102093,Mixed-Humid,efficient,7071.2910425,2050.3,2960.2206866410784,779.5578036105333,0.38021645788934944
102096,Mixed-Humid,average,4866.5224871,1303.41,1094.1295309703862,209.72934183450184,0.1609081883939066
102098,Hot-Dry,average,2720.8189126,1261.79,1353.0999267867303,338.3428829864594,0.2681451612284607
102099,Cold,inefficient,6739.4002749,1302.62,535.3454280115251,364.68070839886775,0.279959395985681
102102,Marine,inefficient,8519.1566462,1635.76,1078.9227895588467,433.1004983396181,0.26477019754708403
102110,Cold,inefficient,6083.0128864,3522.83,2389.7506775396128,760.1799311219252,0.21578672008638655
102121,Mixed-Humid,average,5341.5208091,1169.96,1487.4498660259148,219.44313130298104,0.18756464434936326
102124,Mixed-Humid,efficient,7696.6177964,1209.29,2553.3192124131683,453.6937612805566,0.375173664944353
102135,Marine,efficient,5904.4125747,1408.69,1829.9491515193563,401.656516779658,0.2851276837200931
102139,Cold,efficient,5559.2053314,1511.31,2121.642357347233,229.80831787993642,0.15205902024067625
102140,Mixed-Humid,efficient,3886.8664057,2470.6,3113.174690478368,634.105927006565,0.25666070064217805
102143,Hot-Humid,inefficient,12950.582436,1317.33,1229.616171953193,158.8638867322459,0.12059536086800264
102147,Marine,inefficient,5867.8824334,1756.11,1360.7557635699434,597.9291591576042,0.340485026084701
102149,Cold,inefficient,1903.7230859,2592.8,1807.8738033864795,360.39525042837624,0.138998476715665
102151,Hot-Humid,inefficient,5298.6660707,2175.46,1763.318067204502,846.4623634244043,0.38909580659924997
102158,Marine,efficient,5606.0439964,739.68,1266.901046170678,181.83620676036114,0.2458309089881586
102164,Mixed-Humid,efficient,6379.8961202,1229.88,1662.79731082299,381.90931751226606,0.3105256752791053
102168,Cold,average,12296.077037,894.5,1119.156717977001,145.44243755014054,0.162596352767066
102177,Mixed-Humid,inefficient,4964.060826,2480.89,2207.771846431389,741.743614617031,0.2989828709120642
102182,Hot-Humid,average,7673.4206911,3291.05,2045.954378882198,1265.6139340907637,0.3845623536837069
102184,Mixed-Humid,average,3271.3286855,2217.0,1948.926422284892,987.4336070896471,0.44539179390602035
102197,Cold,inefficient,3372.1122768,1374.6,1653.189215831262,209.23646001655658,0.15221625201262665
102199,Cold,efficient,7110.3132468,804.59,1668.4426695558634,305.0724315294269,0.3791650797666226
102201,Hot-Humid,inefficient,5766.991842,2029.05,2166.830375517247,444.7888221093619,0.219210380281098
102204,Cold,efficient,7405.0569618,1080.97,1893.3842931007423,174.4609648562372,0.1613929756202644
102206,Cold,efficient,6804.0092302,1421.19,1470.8809793227745,274.48101494476987,0.19313463713139684
102212,Cold,efficient,7168.5951332,930.26,2898.7437798559167,261.51882043224816,0.28112443879372234
102214,Mixed-Humid,efficient,1642.3808228,1309.3,1666.9222097522882,186.8013625093259,0.14267269724992432
102218,Mixed-Humid,inefficient,6136.0176835,2329.64,1483.9337140879518,312.1868457994773,0.1340064755925711
102219,Mixed-Humid,average,9481.7496885,1215.12,1740.2478046057922,146.40113020896808,0.12048285783212201
102221,Mixed-Humid,inefficient,7413.395277,4828.24,1611.3602866660697,422.2372763991248,0.08745159238130765
102224,Very-Cold,average,950.21715798,1486.98,2177.8092451623124,405.6506971356579,0.272801716993946
102225,Mixed-Humid,average,6211.0554822,3024.5,4801.528104106454,927.0873060371885,0.3065258079144283
102233,Marine,efficient,5524.938911,1925.34,1795.0596381850935,318.41687220481776,0.16538215183023142
102238,Mixed-Humid,efficient,4734.1627078,955.55,1046.194008355502,226.3045414529097,0.23683171100717879
102245,Mixed-Humid,inefficient,13251.767519,2299.68,2046.36649129922,294.77695939244046,0.12818172936775574
102250,Hot-Humid,efficient,1237.6663984,251.34,1774.9664628788794,53.56506884281911,0.21311796308911876
102254,Mixed-Humid,inefficient,7970.3434744,1856.97,1082.1078436613232,354.23727644126643,0.1907609042910044
102260,Hot-Humid,efficient,8629.1054002,480.58,1368.035339015183,28.547926744378287,0.05940306867613777
102265,Hot-Dry,inefficient,4452.9071678,3629.27,2033.5414507411235,924.0634642367261,0.25461414120104764
102280,Cold,average,7902.0367142,2906.54,3305.705597039156,842.9121772825955,0.29000535939040767
102294,Hot-Humid,inefficient,938.71425175,3652.51,1905.3620361157948,547.578003161831,0.1499182762434137
102297,Hot-Humid,average,12201.011697,2689.43,1717.2500136465546,574.7740152056051,0.2137159231530864
102301,Hot-Humid,efficient,19182.418709,576.53,1188.0445698496994,56.57733662924406,0.09813424562337443
102305,Hot-Dry,inefficient,8844.8467172,4608.84,2746.4856892217335,1004.6141173093758,0.21797548131620448
102316,Very-Cold,efficient,848.03930361,2226.27,2561.684933138833,278.0931708029364,0.1249143952903001
102326,Mixed-Humid,average,9049.5795098,1809.99,2378.078959807537,357.3622075122204,0.1974387745303678
102333,Mixed-Humid,inefficient,4550.732671,2204.13,1525.3036875739149,642.029791902371,0.2912849023888659
102346,Hot-Humid,inefficient,15081.00369,3816.84,2430.051298515069,901.1583905108391,0.23610064621803353
102349,Cold,inefficient,1036.6339819,699.77,650.1284246747628,126.40047608660353,0.1806314590316869
102370,Cold,average,6345.43723,1478.5,1416.4593518892416,287.34264748534815,0.1943474112176856
102379,Cold,efficient,18092.150968,969.33,1609.7096029656584,392.897862481537,0.40532931249578263
102401,Mixed-Humid,efficient,5099.0501453,1843.59,2073.3524414638196,390.21953523233316,0.2116628617167229
102412,Cold,inefficient,7312.5423222,2151.93,1656.9091539625688,703.8513804213043,0.32707912451673815
102418,Cold,inefficient,10016.676216,2510.46,3175.2271448647693,702.8004270246079,0.2799488647596886
102422,Mixed-Humid,efficient,5703.276934,1109.54,1307.0434966523856,191.98537714489575,0.1730315059798617
102429,Hot-Humid,inefficient,10255.594612,2888.17,2064.654938406267,691.6729208199158,0.23948483670279652
102436,Marine,inefficient,5283.384805,1069.88,1641.3562527047377,404.9924752396064,0.3785400935054458
102438,Cold,efficient,4584.3563179,1078.01,1686.7391294577485,527.0996941512474,0.4889562194703643
102442,Marine,average,6001.6858939,2571.72,2647.3761559153154,596.9350341394855,0.23211509578783288
102449,Cold,efficient,6158.4939854,1920.8,2153.8109582412208,480.46546355106955,0.25013820468089837
102452,Mixed-Humid,average,4590.8166362,2135.84,2276.7571884685544,888.16025563187,0.4158365119259261
102458,Mixed-Humid,inefficient,6390.1646483,3417.63,3000.112279828625,926.7680115730195,0.27117271664077724
102472,Cold,efficient,8139.0869255,1351.26,2221.4032188659994,229.31443325298193,0.16970415260792293
102478,Cold,average,926.33828442,1923.55,2058.8454281567356,719.1285264011119,0.373854865431682
102491,Hot-Humid,average,12822.185089,1814.51,2203.666939599646,285.26117289102945,0.15721113297310538
102492,Mixed-Humid,efficient,4828.376091,1936.38,2068.6443458482136,589.7758806835484,0.304576519424673
102496,Hot-Dry,average,13611.631692,2149.49,1829.8505696878308,142.78476310970848,0.06642727489297856
102498,Hot-Dry,average,14270.21508,600.43,827.1938269971321,58.70534427847666,0.09777217040866823
102499,Hot-Dry,efficient,12911.060249,667.11,1165.9393309786808,94.8772698156302,0.14222132754063077
102503,Mixed-Humid,efficient,900.3180239,2209.93,1921.0564090656328,473.22511179507444,0.21413579244368577
102508,Cold,average,897.27990102,2716.51,2558.3005628123383,414.02112361228876,0.15240920284198797
102512,Marine,inefficient,4853.4270111,2333.13,2197.1320125844613,629.8647113644532,0.2699655447250917
102519,Cold,average,2075.9589461,1954.93,1985.5897617852288,276.11983951779354,0.14124282686223727
102530,Cold,average,8971.3202548,1806.62,1771.4963441157813,540.951703097226,0.2994274961515017
102532,Hot-Dry,average,2093.4492661,1738.14,1238.2715731826004,243.64853447208532,0.1401777385435496
102552,Hot-Dry,efficient,16183.800361,972.78,1810.9724027875889,103.81820507502817,0.10672321087504695
102554,Hot-Humid,average,5999.0973806,2354.92,2440.994770845104,645.6704532787271,0.27417935780354624
102563,Mixed-Humid,efficient,5889.1455928,1586.27,1393.6854856551256,166.42824564686717,0.1049179809533479
102565,Hot-Dry,inefficient,6018.8394265,1081.88,1226.5760066356258,150.387038191602,0.13900528542130547
102572,Hot-Humid,inefficient,1444.115961,2711.5,1911.9035649857128,114.84834139242453,0.04235601747830519
102580,Mixed-Humid,inefficient,5956.6522048,1502.71,1141.8846873907178,229.45113854019252,0.1526915629364232
102582,Mixed-Humid,inefficient,9207.2493134,2728.54,2324.8044909797336,597.146675558618,0.2188520877680437
102584,Cold,efficient,4045.3660021,2504.2,2587.998890309543,684.7814890331138,0.2734531942469107
102585,Mixed-Humid,average,7893.1036204,2488.87,2453.516829261858,555.7743788677769,0.22330390051219107
102593,Mixed-Humid,average,10556.1059,617.3,950.1715730396244,96.09515068074901,0.15567009668029974
102611,Cold,efficient,4864.8410735,1675.43,2818.8933101891594,329.2311739740262,0.1965054785780523
102618,Mixed-Humid,inefficient,9695.0165714,2153.09,1927.7348832778864,405.3866434990982,0.18828132753349752
102627,Mixed-Humid,efficient,3438.4767447,1681.04,1941.810725614789,562.5143261278399,0.33462280857554844
102636,Marine,inefficient,5501.4599709,2633.8,2562.7839648556883,566.7455326398092,0.2151816890575629
102637,Hot-Dry,average,5956.7849012,1162.79,971.0625251775344,204.30306594135956,0.17570074213001452
102640,Hot-Humid,average,3728.0980229,2451.96,2409.9592768617176,587.6558630734675,0.23966780170698848
102653,Cold,efficient,5086.8136841,1255.62,1985.9211819573943,220.7728935770144,0.17582779310381677
102656,Mixed-Humid,average,4131.2670946,4666.29,2677.3915341061843,882.4316617492306,0.18910776264424856
102657,Mixed-Humid,inefficient,6647.546727,2443.81,2585.0912221996236,563.2597392986166,0.23048425994599278
102673,Cold,average,4200.125915,2220.32,2118.904201233041,513.070965630507,0.23107973879013247
102685,Cold,inefficient,2273.127938,4737.64,3129.817518588098,1082.807145605132,0.2285541209558202
102686,Marine,inefficient,12685.557286,1743.23,1242.6611901470708,434.5867233907297,0.24929970422189252
102689,Mixed-Humid,average,7409.6632457,1364.3,1822.8120250653535,302.2747862125478,0.221560350518616
102692,Mixed-Humid,efficient,7842.809837,1910.49,2060.8860630054496,222.53181602652913,0.11647892217521637
102696,Hot-Dry,efficient,9288.7486084,2262.93,3476.1878645257416,513.1560442514206,0.22676620321946353
102723,Cold,average,10164.026164,1353.31,2418.93884729099,343.7194201592787,0.2539842461514943
102729,Cold,inefficient,9357.1721076,1225.03,1434.6223917086213,167.33285802935822,0.13659490627115925
102742,Hot-Humid,inefficient,2575.2889097,2912.38,1839.932641683573,246.01695885810793,0.08447282252251008
102744,Hot-Humid,efficient,4813.0410719,1485.18,2398.049493811851,381.3761496673253,0.256787830207332
102764,Mixed-Humid,inefficient,1957.7941383,657.08,726.7420127327333,71.25275410278307,0.10843847644546033
102766,Mixed-Humid,inefficient,10792.524138,3612.62,1888.456835281845,422.7114440754368,0.11700966170686007
102769,Mixed-Humid,inefficient,1462.8050389,700.44,601.6038198410781,85.8545103611383,0.1225722550984214
102770,Cold,average,4570.1907225,2063.44,3494.290136344499,512.6962855397389,0.24846677661562194
102772,Cold,average,6596.7308216,2321.89,1996.738742912885,728.6436385678547,0.31381488294788074
102783,Hot-Humid,inefficient,2859.1349275,1219.11,1273.1480721710743,279.5343203527646,0.2292937637725592
102786,Cold,inefficient,3542.6081308,3706.81,3500.915929330256,717.3708033859491,0.19352780514403195
102791,Marine,average,4562.588815,1615.23,1908.2240297781752,276.34029080406594,0.17108417426872083
102792,Mixed-Humid,efficient,7676.2841424,2393.19,2435.1099027414693,368.3831075223111,0.15392973709664134
102795,Hot-Dry,efficient,12070.974514,643.86,1827.968002440705,214.92056205296942,0.33380014607673936
102812,Cold,efficient,10320.003459,1588.77,1973.198752078296,366.5680718426016,0.23072444207947132
102813,Hot-Dry,inefficient,13974.17757,2566.81,2162.379886763833,538.9645647223741,0.20997446820075275
102816,Mixed-Humid,efficient,9631.9147501,2018.99,2486.908737287643,449.3261045608482,0.22254994059447952
102818,Hot-Humid,efficient,8349.7596687,919.23,1170.7235882125635,174.08716263126664,0.18938368268144712
102821,Mixed-Humid,average,6922.0400556,2393.27,2588.2800982178587,565.882962753333,0.23644760630991615
102824,Mixed-Humid,average,5090.7915882,1321.21,1248.2492621412164,371.9271507876538,0.28150494681969845
102829,Hot-Dry,average,5059.3890079,1925.6,1787.6746391392744,572.1643775629711,0.2971356343804379
102834,Mixed-Humid,inefficient,6882.5209096,4100.91,3118.0888363407735,1498.152691487754,0.36532201181878027
102836,Cold,average,4439.8214977,4292.46,3375.9082842346593,1183.9047201727817,0.2758103092801754
102837,Cold,average,1680.1285079,1405.19,2228.2384472904737,206.47502160450279,0.14693744020702024
102850,Cold,average,6651.7156044,2074.25,2240.6527841305046,226.97802189076742,0.10942655026673132
102851,Marine,inefficient,6599.8944663,1171.94,886.743923750256,142.71245657775302,0.12177454185176119
102859,Cold,average,1820.0399142,1983.56,2216.5783593929823,297.7881887278978,0.15012814773835823
102862,Very-Cold,efficient,1528.2872445,404.47,634.3139884992489,138.4991662323209,0.34242135691725195
102870,Hot-Humid,inefficient,7984.3499893,1749.91,1735.0945262285736,205.69622590116848,0.11754674577616475
102878,Cold,inefficient,7148.9690118,1880.15,2161.6208727034636,389.0871584767373,0.20694474296026236
102879,Cold,average,5199.8746367,821.02,978.3471631267632,134.62679695007898,0.16397505170407417
102888,Cold,average,1489.0544971,3482.22,3392.845766942156,707.2313674616823,0.20309784202654696
102890,Mixed-Humid,average,7530.8922559,642.48,951.3641554709146,91.43080819693284,0.14230918969762926
102894,Mixed-Humid,average,4282.6494087,4509.43,3850.338422568742,895.2620118390519,0.19853108083262228
102903,Cold,efficient,4052.4349405,2689.59,2954.0591940478444,657.8707548590628,0.24459889977991545
102906,Cold,average,3771.124507,3123.97,2694.399774035579,422.0309007120089,0.13509441534714126
102912,Mixed-Humid,efficient,6288.9409707,1212.65,1796.293601064588,288.79616923204844,0.2381529453940118
102913,Mixed-Humid,efficient,1667.4964907,2416.65,2256.8260292724294,568.5568308715251,0.23526651806075563
102914,Hot-Humid,average,7131.9832595,1324.27,1151.7175360764456,224.85685146708,0.16979683256970254
102915,Mixed-Humid,average,816.59173369,1764.46,2431.7701409060687,323.6785941696597,0.1834434298140279
102916,Hot-Humid,average,14638.623704,1442.49,1775.2431707677883,677.5454487061946,0.4697054736644238
102922,Cold,inefficient,4016.1698381,1906.92,2010.649469238579,289.43408004862556,0.15178092423836634
102924,Cold,efficient,4770.7120079,1283.14,1730.95088078302,138.50846201330455,0.10794493353282147
102942,Hot-Dry,inefficient,9869.6003417,1515.26,1695.934396310605,345.66202210664915,0.22812060115534571
102945,Cold,efficient,7128.4571602,2016.11,2155.5026392246396,228.9337923160135,0.11355223292182148
102952,Cold,average,4224.0824236,2075.15,3325.5947397920627,250.83049661896294,0.12087342920702741
102957,Mixed-Humid,efficient,6827.0821758,2312.93,2744.6203508405943,520.7311016771032,0.22513915322863348
102960,Cold,inefficient,2295.3016954,6675.73,2858.6930017986997,1260.7214276928266,0.18885147057967094
102962,Hot-Humid,inefficient,5557.121347,1414.81,1363.956195046912,222.08476573678644,0.15697144191572468
102966,Hot-Dry,efficient,3573.0289974,2232.52,2207.2981893729084,752.630888580093,0.3371216780051659
102970,Mixed-Humid,inefficient,7262.624178,5027.27,2956.706724688623,859.6412031669595,0.17099563046483665
102975,Cold,inefficient,5935.7079959,2331.41,1496.456105136982,311.5664020774179,0.13363861443393393
102981,Mixed-Humid,efficient,6194.1466551,2584.19,4134.785735327618,1028.7353435264586,0.39808812182016745
102984,Hot-Dry,efficient,4484.7313406,1288.54,2003.8792273900945,255.46497140709013,0.19825924799159525
102986,Hot-Humid,efficient,1395.7926046,1448.48,1932.6209843923623,123.34653996696017,0.08515584610554523
102988,Mixed-Humid,average,5518.4713052,1587.27,1861.707409054971,119.41244248202787,0.07523133586726131
102989,Mixed-Humid,average,4436.687291,3997.95,3294.6411798515555,1656.8482120452068,0.41442444553964075
102992,Cold,average,6156.6498764,2320.19,2086.2715292992193,381.612300119589,0.16447459049456684
102993,Hot-Humid,efficient,5622.228276,2406.63,2993.0193651928744,670.7835828828377,0.2787231867311708
102994,Cold,average,9637.5888263,732.23,896.2901723962459,59.724185154295625,0.08156478859688297
102996,Mixed-Humid,inefficient,14449.312438,2786.94,2999.1184106099895,309.61501843221106,0.11109497098330465
102997,Hot-Dry,inefficient,17697.561687,1048.15,755.5641347909411,128.59334508579622,0.12268601353412795
102999,Mixed-Humid,efficient,5280.192312,745.63,1438.815558333001,184.53261475443915,0.2474855018634432
103000,Cold,efficient,1003.8575535,1423.88,1551.360535313283,336.7977962835937,0.23653523912379812
103002,Cold,inefficient,6084.8433506,2045.8,2261.152786404702,703.1004625648709,0.343679960193993
103003,Marine,average,4895.9366128,3314.03,2559.1591195663664,772.8943017351016,0.23321886094425867
103006,Cold,inefficient,6207.3322635,1234.78,1100.787625026103,125.23026552264783,0.10141909127346396
103009,Cold,efficient,1015.3324897,1658.81,2078.1651538406895,441.2575287854219,0.2660084812518745
103011,Mixed-Humid,average,9096.7267961,2183.11,2554.8479077968727,216.82163087654078,0.09931777641829352
103014,Cold,inefficient,5826.6195424,3403.5,2494.2476544909987,836.0023607498176,0.24563019266925742
103021,Hot-Dry,average,16233.129628,1086.72,1250.836868662932,152.16691187391672,0.14002402815252937
103023,Cold,efficient,5279.6755691,1912.45,2167.5124536644516,607.7395813776743,0.31778063812265644
103024,Mixed-Humid,average,5271.894161,1744.86,1791.8438648314238,429.1738233803413,0.2459646180096634
103026,Very-Cold,average,914.42528771,1614.76,2060.8297219479196,265.6117691252039,0.16448993604325343
103041,Mixed-Humid,average,5938.8741398,1188.62,1495.4479413039633,296.6236303295125,0.24955295244023531
103050,Mixed-Humid,efficient,12026.086623,340.1,942.0612759283836,63.859547753026675,0.18776697369310988
103054,Cold,efficient,4589.7143166,2004.64,1706.0750551491435,466.2195911301368,0.23257023262537752
103066,Very-Cold,average,1052.1255254,2165.96,2624.2229153480994,484.73511915515013,0.22379689336605946
103073,Very-Cold,inefficient,910.82076371,3571.12,3769.804843878968,703.3382778968071,0.1969517344409617
103082,Mixed-Humid,inefficient,5653.1063614,2832.43,2155.1559962198,407.2052218438304,0.1437653258311169
103086,Cold,efficient,7750.356495,2361.76,2405.253248968887,952.8405483474262,0.40344512073514077
103088,Cold,inefficient,3379.4245384,2312.92,1726.8460549046276,729.5620298681663,0.3154289944607536
103110,Hot-Dry,average,20263.470719,463.86,948.0091656368847,23.133930955745015,0.049872657603037586
103117,Cold,average,9741.4710071,1568.67,1853.2022345003832,167.76696532401758,0.10694853941492957
103118,Cold,inefficient,7502.2020255,4853.78,3451.216019070004,672.4627228266,0.13854412907601912
103124,Very-Cold,average,590.44348644,3156.37,3061.175052846855,605.2384895614848,0.19175143901427424
103126,Hot-Dry,efficient,9297.1300455,1051.47,1566.6988989762765,135.7681332073106,0.12912221290889003
103140,Marine,inefficient,6760.4649202,1103.97,875.3019003453754,138.9046763691663,0.12582287233273215
103142,Mixed-Humid,efficient,6827.4088119,1825.65,2126.093821614252,356.59851922904744,0.1953268804146728
103143,Mixed-Humid,average,3896.2171037,2570.02,3053.321050199449,1004.5489990698655,0.39087205510846823
103144,Cold,efficient,9023.6519325,828.96,1929.653443150278,182.52596120899807,0.22018669321679943
103146,Marine,average,6218.6446775,1080.03,1462.6788604839826,160.37085863068717,0.14848741111884592
103148,Mixed-Humid,inefficient,6647.1143655,2383.25,2385.262459112584,803.6198782198176,0.33719495572005354
103150,Mixed-Humid,average,4527.1254391,3152.66,2131.5739309072433,617.3151642996775,0.1958077192909091
103152,Mixed-Humid,average,5285.4189385,753.47,1509.9237893611612,173.83730343063647,0.23071562694020525
103156,Cold,inefficient,7733.2485276,2905.91,2103.4416037354076,608.0687579011683,0.20925243999338186
103158,Mixed-Humid,efficient,14043.021031,1213.37,1369.0717048980664,368.16717913415823,0.3034253188509344
103163,Mixed-Humid,efficient,9813.6551414,2947.62,2970.64733454093,583.683077356169,0.19801842753006457
103164,Mixed-Humid,inefficient,6458.8837488,1317.76,1515.2804767432897,298.7816339036783,0.22673448420325273
103165,Cold,efficient,16841.961444,1534.73,1985.4965450492105,527.3636362850546,0.34361981344279097
103168,Cold,inefficient,10512.624006,1627.57,1084.6130730941995,156.04972300976954,0.09587896250838339
103173,Mixed-Humid,average,5137.9255954,3202.48,3000.0287580176378,996.750602692642,0.31124334974539797
103186,Mixed-Humid,inefficient,12159.447044,2509.07,1772.073610582436,583.4948109030536,0.23255421765955256
103194,Mixed-Humid,efficient,8289.4673453,1746.65,2098.728640178873,369.5612764809047,0.21158290240225844
103195,Mixed-Humid,average,9760.7029331,2168.6,1964.3501773713333,347.9611139750565,0.16045426264643387
103197,Cold,inefficient,5617.3864007,2648.97,2578.499171004498,705.9826255162703,0.26651212566252935
103211,Hot-Humid,efficient,11129.437094,945.87,897.3463514678435,158.0813173465504,0.16712795346776027
103213,Marine,average,7261.0273162,1478.21,1537.9142225643095,387.77775802520506,0.2623292752891707
103214,Cold,average,5832.7269346,2344.61,1589.8710814201668,566.2462851905066,0.241509797019763
103236,Very-Cold,efficient,982.01098699,1654.94,2335.975861124902,709.0666581830582,0.4284546014858896
103239,Hot-Dry,average,4892.2727654,2482.04,1973.9405975854113,541.7912548905297,0.2182846589460805
103240,Mixed-Humid,inefficient,5993.5993648,2480.67,1860.9778985840092,711.2290589274451,0.2867084533321421
103242,Very-Cold,efficient,7510.569788,877.16,1019.4535367286716,143.89674109307825,0.16404845306794455
103246,Hot-Humid,efficient,13719.781884,2918.46,1959.470287969692,840.1509125486456,0.2878747396053554
103250,Cold,efficient,8777.0342065,2149.31,2063.051168216312,384.8975826524436,0.17907960352505856
103253,Mixed-Humid,efficient,2785.0295345,622.91,1175.364829549824,134.00640376887765,0.2151296395448422
103258,Hot-Dry,efficient,11130.159194,1229.53,1846.5575662504812,210.8216724210854,0.17146525291866438
103262,Marine,inefficient,4595.7705579,3681.09,2141.966813282235,2088.5238139254834,0.5673655938663503
103264,Hot-Humid,efficient,10352.213538,2097.06,2606.1838389855407,452.6483230026511,0.21584900909017918
103281,Cold,efficient,4662.7648958,1238.21,1560.8184199260158,275.95529572873903,0.2228663116343262
103296,Very-Cold,average,552.81443343,1957.99,2572.1996599407717,490.2326553509496,0.2503754643031627
103297,Hot-Humid,inefficient,2473.1883311,2633.28,1965.5363475524975,950.0741223758936,0.36079494864803346
103298,Mixed-Humid,inefficient,3784.6034965,2645.93,2037.3422485499125,585.198963777473,0.22116948058999028
103300,Hot-Humid,average,6272.440269,1434.37,1643.439146864362,363.2757612521437,0.25326503011924656
103303,Cold,inefficient,3694.7732533,3525.59,1988.1916200365204,1436.4514818414282,0.4074357715563716
103306,Hot-Dry,inefficient,12382.938746,3423.24,2027.1519354361023,489.08090067862486,0.14287076006316382
103312,Cold,efficient,7203.0296055,464.73,738.2922565936411,56.07733667131356,0.12066648736107752
103316,Cold,efficient,6118.364332,876.31,2193.8638395140647,340.440822581656,0.3884935953962137
103319,Mixed-Humid,inefficient,12370.846249,1164.91,1875.5454963030725,247.9274650729408,0.21282971652139718
103320,Cold,average,983.35977295,2322.45,1546.5856038702764,398.82317623107116,0.1717251937527487
103321,Hot-Humid,efficient,3999.712744,1028.4,1672.609604782422,340.44169102935103,0.33104015074810483
103323,Mixed-Humid,efficient,7902.63827,541.2,1514.7501508672274,173.13356842470992,0.3199068152710826
103324,Mixed-Humid,efficient,4364.3802736,4213.64,3198.642320163393,1418.35690159102,0.336610840411383
103335,Mixed-Humid,inefficient,5602.1195346,3854.71,2082.0847748077854,613.1370309587826,0.15906177921524126
103344,Cold,inefficient,2753.1348049,1848.43,1473.5875837561016,724.9961530283747,0.3922226716880675
103348,Mixed-Humid,average,4056.6533562,2440.3,2194.1904406611743,872.5557553427329,0.35756085536316556
103350,Hot-Dry,efficient,9157.7031228,2000.14,1928.1907099600417,277.3861475070148,0.13868336591789315
103351,Hot-Dry,efficient,7515.2800425,2218.96,2399.2177019037495,432.9114789906927,0.1950965673066178
103361,Hot-Humid,inefficient,7331.8491896,2896.93,2661.666628254916,761.0392464963933,0.2627054317834374
103372,Cold,average,5784.5469777,1304.22,1214.6243404624004,83.02746269036024,0.06366062680403631
103373,Mixed-Humid,efficient,6414.8435414,2290.4,3089.7512850961903,588.2429052628793,0.25682977002396057
103377,Cold,efficient,4850.0767307,1638.67,1895.9157894859784,386.9384877963984,0.23612959765932032
103378,Cold,efficient,7359.683626,1675.61,2112.387128440031,315.7429527475772,0.1884346314163661
103380,Mixed-Humid,efficient,4346.6690634,1097.96,2110.813468261172,554.5074486472115,0.5050342896346055
103381,Mixed-Humid,inefficient,11289.064396,5083.47,1907.222150218645,744.9666169162865,0.14654686993653676
103383,Hot-Humid,efficient,5700.4863661,984.56,1363.0971380071503,248.96120677291532,0.25286544931026583
103384,Hot-Humid,efficient,6067.7270567,618.21,1181.8469967137164,148.58159276069068,0.24034161977433344
103388,Hot-Dry,inefficient,16422.260563,3677.24,834.9346260816159,898.269833620657,0.2442782721880152
103396,Mixed-Humid,efficient,7687.9000214,1975.52,2547.1704570693378,495.8107205883093,0.2509773227243001
103402,Hot-Humid,efficient,6446.1128748,806.48,1296.1724347250722,203.13743912417561,0.2518815582831262
103408,Hot-Humid,average,12369.81763,2001.8,2341.269090800337,522.9229631406129,0.2612263778302592
103415,Mixed-Humid,efficient,3258.9276373,2074.11,2851.6753820670137,73.35939424235089,0.03536909529501853
103421,Hot-Humid,average,10933.982891,2377.03,2089.924925061584,945.4541959689876,0.397746009082337
103424,Cold,average,730.78411073,2173.18,1735.8021841482896,348.94027110256366,0.16056666778755727
103425,Hot-Humid,efficient,19293.43301,259.19,957.357935327196,21.19564031860663,0.08177645865429464
103429,Mixed-Humid,average,4266.2658563,2520.19,2146.6009565094646,531.3356986958793,0.2108316034488984
103430,Cold,efficient,3905.7519051,1312.81,2037.9000250319696,196.20080131062988,0.1494510258991247
103432,Mixed-Humid,efficient,4578.5915775,2802.39,2441.278425330777,403.9740250377564,0.14415339229648852
103435,Mixed-Humid,inefficient,5630.2741178,2272.3,2162.9849670625026,311.9917397682033,0.13730217830753125
103437,Mixed-Humid,average,5013.4339581,3389.59,3190.4180640161553,900.0995304963893,0.26554820214137675
103445,Hot-Humid,inefficient,8090.020958,2123.83,1905.9265835342144,448.8484766925984,0.2113391734237667
103448,Cold,efficient,5268.9179387,750.39,913.7826527406538,132.81276732858163,0.1769916541113043
103451,Hot-Dry,average,4549.3679195,2126.97,1775.0755580784707,505.51623993590977,0.2376696615071721
103453,Cold,inefficient,9077.8467482,2920.32,2054.4048095093217,646.176761604512,0.22126916283301554
103455,Mixed-Humid,efficient,6982.2920349,1586.26,2327.03079737619,496.9373042267857,0.3132760734222547
103466,Cold,inefficient,4664.8884469,2919.59,2570.460814789812,348.1764189186969,0.11925524437290747
103467,Very-Cold,efficient,8302.2596377,1215.19,2024.0104682486308,236.00925882126324,0.19421593234083825
103473,Mixed-Humid,inefficient,8186.6115613,2631.75,2608.0320654676852,620.2619474884498,0.23568422057127378
103481,Hot-Dry,average,18325.514582,1066.12,1196.7558868846677,137.43228552410451,0.1289088334559942
103482,Cold,average,3514.1897747,2360.08,2153.825963480477,859.6631803303084,0.3642517119463359
103483,Mixed-Dry,average,4000.3742098,3508.03,2757.094092006653,946.7705083110106,0.2698866624034032
103485,Cold,efficient,8713.7532418,1583.13,2055.539755181617,442.7783818152257,0.2796854218006264
103489,Hot-Humid,inefficient,14169.154253,1959.33,2048.57139131396,682.7652658570039,0.3484687448551311
103507,Hot-Humid,efficient,10532.083148,1622.88,2150.5481609651943,429.4197334332247,0.2646035032985955
103513,Cold,average,3813.877509,3338.46,2537.631776037234,916.304748623054,0.27446929081763866
103519,Cold,inefficient,8935.1734411,2516.76,1541.349472298722,598.0715768974356,0.23763552221802461
103520,Mixed-Humid,inefficient,5730.3513209,2333.72,1815.938571158992,324.9423536588522,0.13923793499599446
103521,Cold,efficient,6595.2592473,1138.19,1467.6424513805814,389.5714555049069,0.34227278003225026
103529,Hot-Dry,average,10395.625499,626.88,887.5729282068799,145.73301186861795,0.23247353858572287
103530,Mixed-Humid,efficient,10907.904615,1933.66,3065.277447785465,364.97531625322443,0.1887484440145757
103535,Hot-Dry,inefficient,5652.4820004,1655.72,1861.967732352189,169.62778049445944,0.10244955698696606
103553,Mixed-Humid,inefficient,4255.2807732,731.65,951.6398351325288,51.77239911302248,0.07076115507827853
103554,Cold,efficient,15255.83742,191.21,1176.621002604338,49.2258630340496,0.25744397800350194
103557,Hot-Dry,average,6814.353997,2231.14,1839.1745404492424,425.0726222465157,0.1905181307522234
103573,Cold,efficient,2500.3206585,1003.37,1474.9824285926225,329.62582911003364,0.3285187210201956
103575,Cold,average,3146.908047,3451.4,4169.579708123001,907.1584950454356,0.26283783248694315
103576,Cold,average,3361.643241,2253.27,2349.1983590513437,566.2929474308091,0.2513205019508577
103588,Hot-Humid,efficient,4543.9959417,1384.65,1991.0016428886113,354.1052273016875,0.25573627075556093
103597,Cold,efficient,2698.2012942,906.65,1560.8901333294193,168.75093022847307,0.18612577094631122
103600,Cold,efficient,7762.6661232,1403.88,2068.5349119178636,232.7213838293976,0.1657701397764749
103602,Cold,efficient,7343.5014818,1914.15,2479.2279781130505,449.07759869145855,0.2346094081923875
103610,Hot-Dry,average,9122.1553436,1069.69,1044.249409398756,127.12300622805624,0.11884097844053533
103614,Cold,inefficient,15632.30857,1170.21,1212.1477661764818,152.2723063850466,0.13012391484011124
103616,Marine,average,5671.603183,1653.22,1450.4426986755243,179.28441175537688,0.1084455860414082
103622,Cold,efficient,19244.895258,1932.76,2311.3425702544123,213.60429045440586,0.11051775205116303
103630,Cold,inefficient,1068.9902377,2962.54,2787.8571957207955,492.242441976124,0.16615554287068665
103632,Mixed-Dry,average,6049.1421027,2377.11,2302.6233324278455,974.8991543107875,0.4101194956526149
103633,Cold,inefficient,4902.9137581,3027.12,2594.4197929256025,888.1513545160923,0.29339813238857143
103649,Mixed-Humid,efficient,4474.6873574,2056.97,2247.5744614285773,577.9748705282645,0.2809836169357184
103684,Cold,average,5794.7856445,961.46,1779.0805945408265,200.79096012470023,0.20883963984429954
103686,Cold,average,6773.1206138,1987.63,2425.5947666662787,586.6142232615048,0.29513250618148484
103689,Cold,efficient,2818.1946354,594.42,2414.8921198744697,56.91598932054459,0.09575046149279061
103691,Cold,efficient,8825.8578131,1197.64,2235.53257000845,258.3883978594737,0.21574796922236536
103697,Mixed-Humid,inefficient,4674.6716737,4080.87,2984.082247965854,1120.3438198958825,0.27453553283880217
103701,Hot-Dry,average,10873.633803,1975.77,2262.464986280179,263.2163764831253,0.13322217489035937
103711,Cold,average,10624.760396,1386.91,1317.249629463982,324.11917460832126,0.23369877973936393
103716,Mixed-Humid,efficient,6175.5580682,1030.04,1527.9362553245967,143.33635199564063,0.13915610267139203
103719,Hot-Humid,average,9789.4775383,2872.16,2473.4183838669683,532.0254801590588,0.1852353212074045
103725,Mixed-Humid,average,5584.0839558,2808.24,3028.4539733064985,529.7067347426754,0.18862587768234745
103733,Mixed-Humid,average,5601.1652463,2706.18,2820.8077759925663,690.8269973898252,0.25527754893976945
103737,Cold,inefficient,3002.9088425,1367.39,1603.1612018436,277.72270952959104,0.20310424204476485
103738,Cold,average,2255.6753913,3569.61,2934.1471348777195,904.7360550169178,0.2534551547695456
103740,Cold,inefficient,8926.7358565,3161.71,2015.5293605856812,1063.4934061159752,0.33636652511330106
103741,Cold,inefficient,8645.3542995,1865.82,1876.488900048105,323.4851312144994,0.17337424361111972
103749,Hot-Humid,inefficient,6535.2401102,2122.24,2205.379995102607,641.7065308362783,0.30237227214465767
103750,Cold,average,4031.4028514,5058.23,5240.791414333585,1226.1887383190183,0.24241458737918567
103751,Cold,efficient,4623.4203572,952.38,1315.190561290283,140.7771790009658,0.14781618576719985
103759,Mixed-Humid,efficient,6898.792707,4335.33,3814.239629447359,1016.6899359515767,0.2345126982148018
103762,Marine,average,6957.6620094,1799.52,1779.5234952481114,492.88328489169345,0.2738970863850879
103764,Mixed-Humid,inefficient,11886.431206,1966.73,1363.408563570733,442.18218326083075,0.22483115794279374
103767,Mixed-Humid,inefficient,3559.3564897,1961.02,1799.6998303863738,555.8882882532963,0.2834689540409054
103768,Hot-Humid,average,3922.2908697,980.91,1129.4405989702875,162.52365086291542,0.16568660821371525
103777,Mixed-Humid,efficient,1448.3427104,1049.85,2337.8283179448695,160.30169820887454,0.15269009687943474
103779,Mixed-Humid,average,12580.988669,2344.18,2242.8958965895463,898.0556531801756,0.3831001259204394
103784,Mixed-Humid,efficient,4277.0371707,1339.99,1565.830310908879,387.5305208328581,0.2892040394576512
103788,Cold,average,7629.7691808,1582.52,1799.6407583751231,351.2819892066646,0.22197633471088177
103791,Mixed-Humid,average,5679.5352501,1237.72,1365.4097093843357,270.3911992675412,0.21845910162843066
103814,Very-Cold,efficient,1262.0721005,1564.32,1754.8601723106165,211.75119385690033,0.13536309313752962
103815,Mixed-Humid,average,1899.0258753,1164.49,999.1292252045432,139.5241534713328,0.11981567336029747
103818,Cold,efficient,5446.3758244,1301.2,1776.014756034682,326.01186370830715,0.25054708246872665
103823,Very-Cold,average,930.57489704,1524.3,2145.5898865569607,237.89651346961446,0.15606935214171389
103827,Mixed-Humid,efficient,4466.4311064,2564.98,2303.8353751101763,757.7305795685014,0.29541383541723576
103828,Mixed-Humid,inefficient,7910.0617909,733.73,678.6183457765073,66.47719224356985,0.09060170940750664
103830,Hot-Humid,inefficient,10605.754088,1221.13,1587.43840869827,373.9827704447814,0.3062595877955511
103832,Mixed-Humid,efficient,3518.5411741,2161.75,2568.8642405032533,517.556298940787,0.23941542682585265
103839,Hot-Humid,inefficient,19716.409772,885.33,650.0047272022807,132.82638567874497,0.15003036797436545
103842,Cold,inefficient,5789.6730398,2434.41,2243.581280179845,769.9028730289106,0.31625850741202616
103843,Cold,efficient,9677.1960498,1739.03,1961.897100545172,338.509693674646,0.19465431514962134
103848,Mixed-Humid,inefficient,5067.1976353,3970.6,2340.188757948658,833.2509274037966,0.20985516733083076
103850,Cold,efficient,1480.1008918,1835.54,2167.540897118047,146.2771518986102,0.07969161767033692
103853,Cold,efficient,9023.0253482,304.25,586.2913954151991,78.5466047390332,0.25816468279057747
103856,Cold,average,7801.4849677,3136.74,2358.1067807162485,691.1778669675841,0.22034910989357873
103857,Marine,efficient,5754.1005916,1183.62,1588.5701306375945,305.5016887023797,0.25810791360603885
103858,Mixed-Humid,average,1139.6257673,1053.02,1597.7898089162468,128.27172685638197,0.12181319144591933
103862,Mixed-Humid,efficient,5580.7742999,2301.8,3068.8217248716737,322.81270383360754,0.14024359363698302
103868,Mixed-Humid,inefficient,6691.6581676,3551.9,3223.5806487141276,796.1455769421557,0.22414639402633962
103871,Mixed-Humid,average,1722.3665382,1608.1,1782.353975704731,517.2624254878051,0.32166060909632804
103873,Cold,average,4602.0960302,1974.82,1881.430562749635,536.5479050326775,0.27169458737134394
103874,Marine,inefficient,7344.8853059,1779.71,1478.2795299998884,249.08403464853282,0.1399576530156783
103882,Mixed-Humid,inefficient,8730.7780123,2158.94,1665.6312329857042,578.9148219719873,0.2681477122902847
103883,Mixed-Humid,inefficient,8367.1787794,4015.1,3919.351728992154,396.94897150217446,0.09886403115792246
103888,Cold,efficient,3788.2897447,671.57,1188.4959197077546,236.27810034655482,0.3518294449522087
103894,Cold,inefficient,1354.3490204,1167.76,1003.4913729371958,272.28110360117614,0.2331652938970132
103895,Mixed-Humid,average,8606.9896896,5040.37,3496.402349716243,692.6730350576528,0.13742503726068778
103897,Marine,efficient,6125.3338606,601.14,835.3125356771102,48.295715146158564,0.08034021217380072
103912,Very-Cold,inefficient,1081.0072026,2069.43,1879.9199968845005,363.5934177282729,0.1756973745080882
103913,Cold,inefficient,4699.063897,3349.3,3094.37708644783,1239.6256303584423,0.3701148390285858
103930,Hot-Dry,average,4024.9630633,2105.18,1691.5224202235297,766.4823797449102,0.36409351207255924
103932,Cold,inefficient,4570.0979409,1734.5,1279.0554745024735,320.652968980849,0.18486766732824964
103942,Cold,inefficient,6138.3050114,1654.47,1427.835799391907,362.33539284059157,0.21900390629058947
103954,Cold,average,6781.6367229,1177.45,1193.5881052775292,293.2193318660608,0.24902911534762479
103955,Hot-Humid,efficient,10505.311346,716.13,1074.2356395137024,73.70841925436662,0.10292603194163995
103956,Very-Cold,efficient,955.93048171,2885.99,4199.76199614186,879.319038906864,0.30468540740157246
103957,Mixed-Humid,inefficient,9474.7681343,951.58,948.8547623273084,233.26678181246623,0.24513628051500266
103963,Cold,efficient,5065.7737841,1787.59,2153.746346711394,450.3393715153807,0.2519254255815823
103968,Hot-Humid,inefficient,10462.240753,3017.45,2476.120138861101,757.7109791566338,0.2511097049351717
103978,Cold,average,6565.6867599,3049.64,2637.709836243563,625.8397519286498,0.20521758369140286
103980,Mixed-Humid,average,3977.3163528,1614.81,2162.174986551371,456.29037102620896,0.2825659805340622
103982,Cold,inefficient,2765.3228935,1805.66,2470.779217837426,202.40670938613115,0.11209569320145052
103987,Marine,efficient,5172.7973879,1309.91,1596.8833491861394,97.47121387786633,0.07441061895692554
104004,Marine,efficient,4935.3093118,2229.47,2495.2213830922,424.2781268181448,0.1903044790098745
104007,Mixed-Humid,average,7288.3641563,2582.23,2023.5864218270576,473.4478054369447,0.18334842575484936
104008,Mixed-Humid,average,2720.0065883,1922.23,2019.2009021744243,266.2985862967666,0.1385362762503793
104014,Cold,inefficient,2939.1005102,2162.65,2012.994233676373,446.61850027524963,0.2065144615519153
104015,Cold,efficient,1899.60626,748.44,1019.8168409023672,132.08290751068708,0.17647761679050702
104024,Hot-Dry,average,4883.165685,1528.74,1664.111094734653,321.1563712876101,0.21007913136806136
104026,Cold,efficient,5418.0058428,2092.75,1643.9006374027806,346.35216726780357,0.16550097587757906
104030,Mixed-Humid,efficient,3674.0035558,1146.04,1482.377011802481,159.3840777131531,0.1390737476119098
104035,Hot-Humid,average,2306.7816555,1967.1,1868.5385697344752,314.22849286575223,0.1597420023718938
104037,Cold,efficient,6981.2750551,1657.82,1644.3027293927237,370.3536075077209,0.22339796088098882
104046,Mixed-Humid,inefficient,8934.7806704,1822.82,1083.0361791009484,391.37893095435004,0.21471068506728588
104047,Hot-Dry,efficient,3362.58541,2103.61,2496.629765851311,664.1553032615369,0.31572168950591456
104054,Cold,efficient,2533.3198131,1400.06,2594.58788958699,306.2362027263863,0.21873077062867757
104057,Mixed-Humid,inefficient,5027.2305553,1855.27,2362.7161618343057,248.39789531455722,0.1338877334913825
104058,Marine,efficient,5907.6287715,1404.61,1680.4642115894956,291.53680835827515,0.20755712144885424
104059,Hot-Humid,average,17003.563735,1320.7,909.4195174629584,41.7532751538377,0.031614503788776935
104065,Mixed-Humid,efficient,5838.8287239,2193.86,2300.1789347238623,645.5987504576217,0.2942752730154256
104070,Hot-Dry,efficient,18910.492365,477.83,720.1141651103857,111.23003455917313,0.2327816055065047
104074,Mixed-Humid,inefficient,4621.5870207,2325.37,1741.3758335126386,431.153011229152,0.18541264883831476
104075,Cold,inefficient,8294.9125314,2883.11,2558.6752854387787,616.0889523463941,0.2136890206569968
104081,Mixed-Humid,inefficient,6239.1367481,2614.67,1734.4771765465512,605.8153882831243,0.23169860375616208
104084,Hot-Humid,inefficient,2092.4181704,905.19,429.7677835350552,83.06398082253926,0.09176413882448907
104103,Hot-Humid,average,14939.18391,801.81,1117.406551239446,105.60939962780846,0.13171374718176185
104106,Mixed-Humid,efficient,4836.6529465,2030.41,2245.394266849884,648.1266230723038,0.3192097276275746
104114,Mixed-Humid,average,11405.631045,993.99,1207.7783321241334,238.00961995549798,0.23944870668266077
104116,Very-Cold,inefficient,7263.9755705,1378.16,913.7334820511264,352.2668777551096,0.25560666232883666
104118,Mixed-Humid,efficient,11206.370932,786.76,1323.8807954257236,158.29859395853197,0.20120315465775074
104123,Mixed-Humid,average,10799.533227,892.37,935.340605295174,173.43390299484415,0.19435200981077821
104124,Cold,inefficient,3986.7593884,3175.95,3405.834556149726,640.886013944641,0.201793483507184
104125,Cold,average,5792.7855412,2306.8,1562.318138412059,755.3673453404814,0.3274524646005208
104129,Cold,inefficient,4516.6004179,3512.49,3587.5804707651796,354.8646990733172,0.1010293834497229
104134,Cold,efficient,6564.4122256,790.67,1081.7173838670064,127.73280409320628,0.1615500829590174
104146,Mixed-Humid,efficient,5218.4577052,1983.66,2182.2840475594553,388.80741802252464,0.1960050704367304
104151,Hot-Dry,efficient,10413.204724,2468.76,2233.0986399769704,550.3254252800687,0.2229157250117746
104154,Cold,inefficient,7859.902023,3809.87,2551.2202257341673,626.4164266450524,0.1644193703840426
104161,Cold,average,2447.9402362,2755.68,1715.9711146346322,707.1986202039384,0.25663307067726965
104163,Cold,efficient,14881.578059,1792.15,1876.3389968763245,468.93529935345276,0.2616607423226029
104186,Cold,efficient,2061.2441513,541.48,961.8341590242323,136.3045808406798,0.25172597481103604
104187,Hot-Humid,inefficient,3001.6986041,2968.59,2310.2650988475393,1387.9625501517298,0.46754942587279813
104188,Mixed-Humid,efficient,5444.0063211,1807.6,2016.9371510006852,299.1018972245277,0.16546907348115053
104194,Mixed-Humid,average,7820.8725618,1819.52,2074.3679275495138,399.2977280800277,0.21945223360008556
104195,Cold,average,1881.9814048,4072.03,3920.4759495188696,758.1681143456847,0.18618922609747096
104196,Cold,efficient,6604.456979,1838.22,2228.473443851619,385.0542000455558,0.2094712276253962
104198,Cold,inefficient,8028.503489,2250.62,1994.2729055667385,376.3009376656456,0.16719878862964233
104203,Hot-Humid,efficient,6522.6074522,3597.01,4541.663810040835,942.839213141624,0.26211748456123946
104204,Cold,inefficient,13058.937333,1255.59,1277.6839025560218,145.85123325020135,0.11616151231707911
104212,Cold,inefficient,4659.7027603,2330.72,2265.5876804010745,526.0483727033934,0.2257020889267666
104213,Cold,inefficient,4779.397221,2499.74,2822.2210803282,497.2526424274092,0.19892174483242628
104215,Cold,average,8657.2982576,1906.8,1975.657398833104,461.59430187757044,0.24207798504172984
104216,Mixed-Humid,average,3925.9016365,2092.97,1836.2112370767004,658.1577190996915,0.3144611337475891
104218,Hot-Humid,average,10652.922628,1051.65,1630.576116187346,228.15266581324775,0.21694733591332452
104226,Cold,efficient,1114.0160201,3883.09,3030.762487533349,579.7307359416881,0.14929623983520549
104244,Hot-Humid,inefficient,13130.251912,2235.2,2174.4155098296555,616.8023974573318,0.27594953357969393
104250,Cold,average,6136.0989732,931.11,982.40318110987,185.52256211991272,0.19924881283619844
104252,Cold,inefficient,6314.6122703,1325.08,998.4777002899854,423.07811030406754,0.31928495660946327
104258,Cold,inefficient,3803.9809108,1788.46,1849.5928049207455,699.3791608933758,0.39105105000580154
104272,Cold,inefficient,6958.3292901,2011.52,1571.3621578364534,278.40104526888194,0.1384033195140401
104273,Hot-Humid,inefficient,1875.2855218,1108.76,1023.9475133183312,166.31400000000002,0.15000000000000002
104274,Cold,average,5331.7875615,1814.52,1928.96312045054,605.2759760198315,0.33357360404946296
104279,Cold,average,9720.5829216,754.07,1117.0403652608088,104.25143137895333,0.13825166281506135
104288,Hot-Dry,average,5303.887206,3143.13,2668.6239724642846,576.5303725276985,0.18342555749450343
104289,Cold,efficient,5140.4118621,1463.79,1782.4598156871227,314.836628717227,0.21508319411748064
104296,Hot-Dry,efficient,4269.3279645,1281.01,1804.1695113931992,263.0195719139755,0.205322028644566
104299,Cold,inefficient,4256.7036333,1661.52,1598.547949854311,472.65867933187315,0.28447366226820814
104309,Cold,efficient,3286.0881734,1920.9,2799.988959584673,673.6007774256042,0.35066936197907445
104311,Mixed-Humid,average,5420.3214013,1747.47,1728.1277426844729,273.71058996881516,0.1566324972496324
104314,Cold,efficient,4118.7754481,1484.0,1988.1544330538836,408.5932503720077,0.2753323789568785
104315,Hot-Humid,inefficient,10075.13201,3793.86,1962.414448210466,317.34005214733844,0.08364569387044815
104317,Cold,inefficient,3380.6014483,2779.54,2656.0756665726217,592.5960153868812,0.2131993118958105
104327,Cold,average,5671.9725806,2840.35,1305.1755792591762,769.8169111567505,0.2710288912129669
104332,Hot-Humid,inefficient,10314.35885,2194.39,2233.447945938169,467.11066940313236,0.21286583943744383
104333,Mixed-Humid,efficient,1462.8050389,349.14,615.5368333185418,43.88291156465339,0.12568858212938475
104334,Cold,efficient,5496.5243609,2644.84,2482.634100051295,549.1475798459421,0.20762979229213943
104335,Hot-Humid,inefficient,6883.0179449,1823.29,1614.7072149667752,622.5384068870594,0.3414368569383145
104339,Hot-Humid,efficient,9379.931479,1022.98,1630.2075448194005,307.11129750923794,0.30021241618529976
104346,Mixed-Humid,inefficient,7351.3455582,1369.47,1406.4676676560114,156.41774677973984,0.11421772421428716
104348,Hot-Dry,inefficient,9434.4209483,4303.61,2329.0451098100593,681.2226392815883,0.15829097880188686
104354,Cold,inefficient,2749.9343557,1444.69,1198.5971747450712,540.2510496056318,0.3739563848338618
104359,Cold,inefficient,9430.7678207,4536.74,3340.2393964767703,1761.7635843761727,0.38833249963105065
104361,Mixed-Humid,inefficient,4210.9914878,2708.76,1580.799019703271,426.2829257935421,0.15737198046100137
104363,Mixed-Humid,inefficient,3390.8553598,4473.12,2165.676839992295,1442.8487407714363,0.3225598107744564
104366,Cold,average,2479.7606141,2112.43,2455.900974845586,305.5912247150242,0.14466336149127984
104373,Hot-Humid,inefficient,6539.3151544,1314.48,1660.441803166057,251.3599331898103,0.1912238552049558
104377,Hot-Dry,average,8775.1499734,2460.71,2159.0577503921595,362.32346723549887,0.1472434651931755
104390,Hot-Humid,average,4344.3228161,1724.54,1834.025526251292,470.97798769884247,0.27310354511860696
104398,Marine,inefficient,8616.2653688,1224.81,1084.7334015001436,68.10245567396863,0.05560246542236644
104402,Cold,average,9087.8228501,1970.58,1503.660818192146,694.6817737264392,0.35252655244975556
104410,Cold,inefficient,2216.8817642,876.99,1122.2666650612175,117.17020425576166,0.1336049490367754
104417,Cold,inefficient,914.88489616,2346.56,2187.5101152792618,417.3568872335616,0.17785903076570028
104419,Hot-Humid,average,7591.7770822,2112.82,2603.4807547459573,579.2480153610202,0.2741587145904621
104420,Mixed-Humid,average,5360.1354469,1709.54,1960.6379668989205,481.53776224675875,0.28167680326097005
104424,Mixed-Humid,average,6859.246492,3294.28,2394.9648971936554,495.2990865629806,0.15035124110973583
104429,Cold,inefficient,7292.7339697,6071.03,3085.7956731251256,1035.7504581302946,0.170605392846073
104432,Mixed-Humid,efficient,7495.6281983,2525.17,2755.02315966042,540.5835892494038,0.2140780974149874
104433,Cold,inefficient,11358.265323,1810.56,1930.348624254803,275.8850690022371,0.152375546241073
104437,Hot-Humid,efficient,7170.8641865,1034.5,1701.3682391688233,144.4455550750908,0.13962837609965278
104446,Very-Cold,inefficient,5318.054267,1719.44,819.5350174180976,307.94896613587656,0.17909840770010965
104448,Mixed-Humid,efficient,6573.0002006,896.01,1055.250087359483,272.402275773725,0.30401700402196963
104453,Cold,efficient,10241.013562,1176.68,2473.0112423384553,169.57892453837619,0.14411643313252215
104455,Mixed-Humid,efficient,4843.5790046,730.77,993.8785198748968,263.7517254732329,0.3609230338864936
104470,Cold,average,11567.964992,1385.51,1990.386937699753,322.15164375201596,0.23251484561787064
104473,Cold,efficient,6216.9669776,1976.62,1910.5302288569096,206.45283501743512,0.10444740770478653
104475,Cold,inefficient,3584.5518576,1250.07,1445.925845813405,210.01543648292358,0.16800294102164165
104478,Mixed-Humid,inefficient,11576.065183,2540.53,1815.2401031783752,657.1190287399718,0.2586543078570108
104480,Cold,inefficient,1737.1738909,2641.84,2547.81934272208,555.0744317904281,0.21010902696243075
104481,Hot-Humid,average,1604.1961297,886.39,467.45593031941627,55.85327455295865,0.06301207657234248
104489,Very-Cold,inefficient,1318.0142104,3382.86,4244.3921014598845,933.7577569061924,0.27602613082013217
104492,Mixed-Humid,efficient,2592.7443099,1161.19,1695.6768478041297,173.0192018300756,0.14900162921664464
104502,Cold,efficient,3439.3846292,595.65,1195.182088771911,151.98287037621512,0.25515465521063563
104507,Marine,efficient,5593.3678954,826.55,1942.0224341102191,203.6053474995304,0.24633155586417085
104511,Mixed-Humid,inefficient,7551.2295109,1866.99,2018.25121355109,412.5727065083021,0.22098281539178147
104525,Mixed-Humid,efficient,4890.4087968,2102.22,2321.281009922774,407.89117272380645,0.19402877563899426
104532,Cold,inefficient,14449.312438,1839.63,1619.6095358715668,788.6380875817848,0.428693861038244
104534,Cold,efficient,1853.6232031,1435.05,2453.877751553539,330.9599668076127,0.2306260874587037
104538,Cold,efficient,3221.8334677,1619.76,1653.1031652636798,443.7361615141475,0.2739517962625003
104544,Hot-Humid,efficient,5325.9527382,2058.27,1910.6908712093912,644.2011802686997,0.31298186354010876
104553,Cold,inefficient,3846.3245085,1594.04,2217.6948496707632,170.87236754210988,0.10719452933559377
104556,Cold,efficient,3764.9028653,1706.46,2655.064838960702,342.01745753646225,0.20042512425516112
104557,Cold,average,4146.8804413,2003.4,2164.561569464855,672.2262047340586,0.33554267981135
104559,Hot-Dry,efficient,4356.2825032,1386.76,2421.8430478519413,351.79367166397844,0.2536802847385117
104575,Mixed-Humid,efficient,3787.8273612,1345.58,2371.909382071133,126.16379680329351,0.09376164687591486
104576,Cold,average,1511.9159464,973.35,1322.851617645686,118.11449658640672,0.12134843230739889
104588,Cold,inefficient,5754.3786613,2098.95,1932.167172388686,479.70178031694,0.2285436910440649
104589,Cold,efficient,2925.5768426,1746.63,2949.132981340846,404.6210901691065,0.2316581589512985
104590,Mixed-Humid,inefficient,4585.8901026,2494.54,2176.7666420583773,728.4900851897457,0.2920338359736648
104592,Mixed-Humid,efficient,5833.8541608,1148.22,1501.3847931937232,308.1550253608613,0.2683762914431566
104593,Cold,average,1982.3225462,1145.72,1299.0215732530085,219.09057654603828,0.19122523526344856
104594,Cold,inefficient,1997.9897703,3565.87,2925.065011998111,967.7233813015772,0.2713849302699137
104597,Marine,efficient,5483.491247,2476.06,2159.908113814819,780.065074480977,0.31504288041524725
104598,Hot-Humid,average,17261.854811,670.34,1328.750856285015,111.40452379824082,0.16619107288576068
104600,Cold,efficient,6613.6077529,335.97,1743.801027686863,64.87370724645,0.19309375017546207
104605,Cold,average,12290.511302,1051.65,1209.8625944554833,193.13008501539122,0.18364482956819397
104608,Cold,inefficient,5433.7170096,1796.37,1467.850956800905,374.06580801437383,0.20823427691086682
104609,Hot-Humid,efficient,14188.993404,1017.59,1726.2177589293422,132.43505534203393,0.13014579088044687
104616,Mixed-Humid,inefficient,4764.9638783,2175.78,1852.4385795329076,496.7718220003889,0.2283189577992209
104618,Mixed-Humid,inefficient,4432.2372398,2789.58,2125.257499784591,347.9071401396933,0.12471667424475846
104622,Cold,efficient,4480.1336366,581.03,1278.0667742052792,268.2670363683303,0.4617094407661056
104631,Hot-Humid,average,8628.3914624,1124.58,1595.96447272677,210.5341150015755,0.1872113277859961
104632,Hot-Humid,average,5430.4297182,2213.34,2143.669408822449,527.637843582823,0.23838987393840216
104634,Cold,efficient,5297.8465789,2151.98,2372.632271488754,527.33777230815,0.24504771062377437
104637,Mixed-Humid,average,5909.5724219,1953.91,1806.8274225749992,532.1179969851456,0.2723349575902399
104638,Mixed-Humid,inefficient,7764.699595,1778.35,1685.976427041417,392.86411465214286,0.22091495748988832
104641,Cold,average,5460.7945122,1721.37,1772.0277317555644,382.72906858144154,0.22233980409873622
104645,Mixed-Humid,efficient,9566.4586703,499.68,1709.169597038342,58.67865496081926,0.11743246670032673
104646,Hot-Humid,inefficient,7183.8676034,3219.97,2075.7244149799935,184.73756088913612,0.0573724478455191
104661,Mixed-Humid,inefficient,12132.438455,873.84,960.7126974733008,174.52700472382685,0.19972421121009207
104663,Marine,average,5925.6093651,2284.08,2563.7318246046743,782.0869040043178,0.342407842108997
104665,Mixed-Humid,efficient,11560.307407,564.0,1102.442388929069,132.85691707440066,0.23556190970638413
104671,Cold,inefficient,980.43806114,3512.32,1583.1905708811512,393.1118803107827,0.11192370863440196
104681,Mixed-Humid,efficient,4895.2205782,1468.27,1539.355170881496,438.74638575336417,0.29881859995325394
104687,Mixed-Humid,efficient,10389.686607,908.14,1387.429264273009,432.0752621637058,0.47578045473573
104690,Mixed-Humid,inefficient,5526.0849345,1785.74,1799.1719454065617,581.7294848245443,0.32576382050272956
104697,Mixed-Humid,average,7421.6203319,3674.6,3140.7756657122927,1247.3731745302146,0.33945821981445995
104698,Cold,average,2822.4183447,2106.54,2325.4322965254696,813.3414062921906,0.38610299652140034
104699,Mixed-Humid,efficient,3080.4124775,1554.37,1702.7888489458278,425.53135775775485,0.273764520518123
104704,Mixed-Humid,average,9387.9006276,881.19,1077.1886912615591,125.5899183233211,0.1425230861940343
104705,Hot-Dry,efficient,14782.631846,615.78,574.8400305270957,75.56385959801636,0.12271242911107273
104710,Marine,efficient,4970.262019,1031.27,1610.0003273491775,270.8599530127482,0.26264698188907676
104712,Mixed-Humid,average,9010.3421749,1040.7,1511.19972514834,163.30037686572848,0.15691397796264867
104713,Cold,average,3506.5129125,3022.38,3622.038453464845,461.47785890293574,0.15268690862927087
104715,Cold,inefficient,4147.0954633,1638.8,1071.013849536415,300.7957992296472,0.1835463749265604
104722,Cold,average,3532.8735665,1835.51,1710.9679690359796,458.5916385083211,0.2498442604553073
104724,Cold,inefficient,3573.2859648,1947.12,1913.945819418364,425.08179992864837,0.21831309828292472
104732,Cold,inefficient,4897.398063,1618.97,2124.6701024452755,408.8131407658602,0.2525143398369706
104734,Cold,average,5200.1643477,3009.03,2636.0210896111157,1049.790018461765,0.3488798777219785
104738,Mixed-Humid,efficient,5241.9536396,2788.76,2463.250045845715,592.8795365959779,0.21259611318147775
104741,Hot-Humid,inefficient,13530.562723,2283.36,1736.6040990914023,604.1451106481438,0.2645860094983462
104742,Cold,inefficient,1880.5934984,2154.66,2290.142737370608,240.30058998495048,0.11152599017244043
104744,Cold,efficient,9329.4236855,829.0,1393.688348481403,200.081697264958,0.24135307269596862
104750,Cold,average,2144.6058455,1966.74,1643.0761209040045,296.5420109899613,0.15077845113739552
104757,Hot-Humid,efficient,8792.7387982,986.27,2604.27462812275,297.42337430653185,0.30156384591088836
104764,Mixed-Humid,efficient,8116.9304341,2206.45,2288.1771032431516,1103.7336279669235,0.5002305186915287
104766,Cold,efficient,5803.2577519,2117.31,1594.5723892847118,691.8773300709836,0.32677186149925314
104767,Mixed-Humid,inefficient,4602.7581307,2340.42,1816.9261577348848,413.64430412865704,0.17673934769342983
104769,Mixed-Humid,efficient,2897.0901542,538.69,2120.118895440937,134.7958970900346,0.2502290688337162
104774,Mixed-Humid,inefficient,7317.1818721,2650.41,2285.6857688723994,580.2530271637179,0.21892953436023782
104778,Cold,average,3885.4471513,1575.54,2142.4302222366837,357.1687308993393,0.22669607302851044
104780,Cold,average,4302.1395292,2579.94,2410.685416037336,715.6272330755376,0.2773813472699123
104785,Hot-Humid,average,11154.842404,2522.51,2686.603996585241,346.704728022494,0.13744434235047392
104788,Hot-Dry,average,13283.372619,2413.45,1902.0454413037392,447.49657431062434,0.18541779374365508
104789,Cold,efficient,10714.566018,456.62,944.2390914604294,64.68486787143786,0.14166017229082795
104791,Cold,average,6167.1119175,2175.49,1999.1575399684275,307.1942301667332,0.1412069143810053
104795,Hot-Humid,inefficient,9497.6609493,1516.14,1851.0317079203408,327.1729275663859,0.21579334861317945
104798,Mixed-Humid,average,8840.8703576,1761.86,1950.835469665974,363.7425674859044,0.2064537292894466
104802,Mixed-Humid,inefficient,8501.2053856,1800.24,1942.455558861324,217.65870334861503,0.12090538114285597
104803,Hot-Humid,average,6379.3849346,1135.27,1660.3207896020106,184.03252087564775,0.16210462786442675
104810,Cold,efficient,5210.0947072,1684.75,2220.871238074901,513.1728100484222,0.3045987891665958
104814,Cold,efficient,4080.6609044,1469.81,2332.3192699833794,42.74949928014247,0.029085051319655244
104815,Mixed-Humid,efficient,4300.7321738,877.85,1503.969345337926,224.0106512985338,0.2551810119024136
104816,Cold,inefficient,2742.5035128,1214.89,1395.0685469050543,213.41618092933732,0.17566708173524953
104826,Mixed-Humid,inefficient,5716.0161682,2802.12,3207.967666554335,968.420001817648,0.34560261581147417
104829,Hot-Dry,efficient,3795.680398,1964.3,2217.408347412754,450.8926584419927,0.22954368398004008
104831,Mixed-Humid,inefficient,6375.3869796,2935.54,1844.6669559001657,556.2999207634472,0.18950514071123103
104836,Cold,average,4297.6710765,1931.07,1689.057890112683,258.50300193710683,0.1338651638403097
104844,Mixed-Humid,inefficient,8221.4887618,2611.52,1427.7405107029824,320.7170822044995,0.12280858741441747
104846,Mixed-Humid,inefficient,9436.9447434,1907.6,1620.0348295110002,97.27521703142594,0.05099350861366426
104847,Mixed-Humid,efficient,6397.9529036,2960.23,3276.1501053689785,549.8569265004244,0.18574804204417372
104851,Cold,average,3179.646818,920.74,518.9049109591314,228.60737930066486,0.24828657308324267
104854,Cold,inefficient,9125.5773379,4538.52,2619.5403731900137,813.6528325605218,0.17927712835032603
104857,Mixed-Humid,inefficient,12439.690329,1024.2,847.3516866245247,204.40888802916334,0.1995790744280056
104864,Hot-Dry,efficient,6991.7553317,2178.73,2612.1203131908896,418.7417722430351,0.1921953487779739
104870,Hot-Dry,efficient,2812.7770541,2330.1,2105.5543335876096,454.56524674286914,0.19508400787213817
104873,Mixed-Humid,efficient,5672.5182787,3123.01,3464.3259024665363,546.9677278717653,0.17514120283693144
104878,Cold,efficient,3760.9166622,1703.26,1784.040072161032,351.84438003773676,0.20657115181342647
104882,Mixed-Humid,efficient,4270.8400981,1211.71,1981.0828982247508,104.35521656769697,0.08612227064866756
104897,Mixed-Humid,efficient,9820.4932621,2463.52,1781.9310247254712,977.8477181398016,0.39693110595400144
104901,Cold,efficient,4304.3483133,1126.24,1616.132173960403,474.3474247144997,0.4211779236348378
104921,Cold,average,2618.299989,726.81,1209.9045294629482,55.79194735534845,0.0767627679246962
104924,Cold,inefficient,9985.6439905,3429.49,2108.961904711253,1374.2951802339742,0.4007287323287061
104928,Cold,inefficient,3905.3250507,1912.24,2040.3596849162768,468.72468656662835,0.24511812668212585
104940,Cold,average,6277.0665435,1005.43,1369.9933183293963,188.19204289094162,0.18717567895422021
104941,Cold,average,4171.3880631,1461.79,2119.3765178036792,365.23521314954473,0.24985477609611828
104950,Hot-Dry,efficient,8976.2253526,776.99,1291.087770827725,96.40032710585898,0.12406894182146357
104955,Cold,inefficient,8582.4065056,5030.14,3045.9971636066516,898.5337931563125,0.17862997712912812
104956,Cold,inefficient,19367.128197,1140.31,918.2522231741456,195.79882664699312,0.17170666454472305
104958,Mixed-Humid,efficient,12534.940322,614.95,1420.576697102563,59.41756513157647,0.09662178247268309
104968,Hot-Humid,inefficient,11566.170858,1204.22,1231.6411768750568,179.91532852284226,0.14940403624158563
104975,Mixed-Dry,efficient,3749.8126809,794.04,2331.725184296821,253.61177245136219,0.3193942023718732
104976,Cold,average,2165.5148131,1842.76,2771.468746050388,174.66610668019774,0.0947850543099469
104983,Cold,inefficient,11496.447432,1915.23,1943.9083267105027,524.3356082800971,0.2737716139994137
104988,Mixed-Humid,average,5706.8322769,2611.9,1818.1506962027624,657.7214236378977,0.25181723023006153
105000,Hot-Dry,average,15464.476007,493.9,1257.9549894814709,54.55462933790226,0.11045683202652817
105001,Cold,efficient,4315.6499668,1992.97,2734.711607873012,383.4699968618307,0.19241132423560348
105013,Hot-Humid,efficient,9257.0470076,1911.2,1890.4585956382225,410.2539041391901,0.21465775645625268
105017,Cold,efficient,2047.6007851,1988.63,1824.2609730631052,391.0825976773299,0.19665930699895398
105021,Cold,efficient,9832.7065001,2920.4,3747.7972479420105,904.5886749522326,0.30974821084516935
105024,Hot-Humid,inefficient,16159.664513,1592.24,811.1550418940709,83.1431406265613,0.05221771882791621
105025,Mixed-Humid,efficient,2786.7140944,1314.44,1677.980266579502,319.9824065768109,0.2434362972648511
105045,Hot-Humid,inefficient,972.77255343,2336.21,2128.702856575819,392.4448893172031,0.16798356710963616
105051,Hot-Humid,average,11157.687916,1933.35,2117.266124160732,354.0527625649957,0.18312916055809642
105062,Cold,efficient,4538.1790615,2532.98,5117.917190559741,732.485628594687,0.28917939683482974
105068,Cold,efficient,5396.0859602,1391.89,3225.2410444694874,317.93260575448903,0.22841791072174453
105074,Hot-Dry,efficient,16611.168017,501.61,917.9658844693088,161.73916310827855,0.3224400691937532
105079,Cold,average,2149.1843023,1995.57,2655.6981094366106,401.01427231257094,0.20095224537980175
105080,Marine,average,11056.771069,2089.69,2004.2609552541232,197.54842666975867,0.09453480021905578
105085,Cold,efficient,2530.004356,1900.89,2491.0710615973035,227.16501292094762,0.11950455466699683
105086,Mixed-Humid,average,2326.3365305,3193.38,2695.2937267652146,530.4220526483688,0.1661005118865806
105091,Mixed-Humid,average,5797.1152882,2999.37,3706.872062202932,913.0076718812968,0.30439981458816245
105092,Cold,average,5151.5583898,1116.82,1300.8455884155371,281.2737575556852,0.25185236435207575
105098,Cold,average,4365.8275483,1889.58,1500.2974837287925,424.38792696317023,0.22459378643040795
105103,Mixed-Humid,inefficient,5324.8570553,7693.08,3916.967651631097,2758.6032854654723,0.35858242543499774
105108,Cold,inefficient,5203.9332817,2074.14,2397.20571562205,413.11493051764535,0.1991740820376857
105114,Marine,efficient,7349.2936718,430.49,923.2659403591464,153.09292051067536,0.35562480083317927
105124,Mixed-Humid,efficient,3445.3751686,703.36,984.3007945324626,164.0623072043198,0.2332551000971335
105128,Cold,inefficient,2390.0390346,4334.33,3759.366325991221,662.1040285095412,0.1527581029846692
105130,Mixed-Humid,efficient,8783.0448504,912.69,1229.6466524060331,164.77005961339114,0.18053233804839663
105138,Cold,inefficient,8154.134114,1897.21,2401.1598627637723,465.38664950956974,0.24530054633360024
105139,Mixed-Humid,average,4749.5980249,2284.69,2606.27889546471,766.1696764867354,0.3353495119629952
105145,Hot-Dry,efficient,8738.0637285,2089.2,2433.485741736248,362.7282648538074,0.173620651375554
105147,Mixed-Humid,inefficient,7784.1885675,2503.81,2460.3751017077766,431.43051374734443,0.17230960565991207
105155,Cold,inefficient,11936.80836,3120.18,2361.032888507288,1117.100009955241,0.3580242197422075
105163,Hot-Humid,efficient,9605.71243,1042.43,1978.3016545107307,183.6367431535443,0.1761621817805937
105166,Cold,average,4108.6379451,1623.46,1353.7735850398583,346.4754677019285,0.2134179269596593
105177,Cold,average,4232.8180593,1819.81,1913.3089113301533,266.0115480816924,0.14617545132826637
105181,Mixed-Humid,inefficient,4862.2515299,2188.15,1743.570115155761,1149.648705078575,0.5253975756134519
105190,Hot-Humid,inefficient,2052.8503222,2841.72,1373.532379686544,365.8870557229577,0.1287554916469454
105193,Cold,efficient,9283.9312432,1430.87,1817.0399967647452,394.989795809972,0.27604869471718047
105195,Cold,inefficient,2014.197354,1305.22,1444.94531445799,225.28580674432922,0.17260370416047044
105196,Cold,efficient,1063.8147882,1318.66,3725.397115603626,701.6790555551501,0.5321152196587066
105197,Very-Cold,efficient,1339.0065764,370.38,954.7645714254623,57.096093629727335,0.15415544475870008
105203,Cold,efficient,971.10159529,3287.57,4042.016207983124,703.8340244026882,0.21408944125986312
105205,Cold,inefficient,10547.024918,7402.64,3100.9878137939972,3138.4191607861344,0.42395944700622135
105206,Hot-Humid,average,4722.9747908,2101.75,1895.627089982905,492.81422443373447,0.23447804183834162
105207,Mixed-Humid,inefficient,7147.5855137,1794.22,1649.1254191019298,212.49397550619946,0.11843250855870488
105208,Mixed-Humid,inefficient,5679.4777261,2285.31,1770.2097568196648,399.36395436329747,0.17475263940703775
105209,Hot-Humid,average,12435.491208,936.41,1392.0064072019502,148.3666134993582,0.15844193622383168
105220,Cold,efficient,4044.5060651,2021.05,2286.170965414254,301.07163533442133,0.14896793020183635
105223,Cold,average,2972.649515,2856.52,1855.645572618459,769.7450918855776,0.26946952651673284
105227,Mixed-Humid,inefficient,5259.0607919,1570.52,1888.1463702482697,295.0450092309212,0.18786453482344778
105228,Mixed-Humid,inefficient,9948.3018941,1857.78,1294.6566672135602,257.40411053610035,0.13855467845283098
105236,Marine,efficient,14865.354274,416.29,752.5961273728188,20.883293958489283,0.050165254890795555
105238,Mixed-Humid,average,5522.1715834,2521.91,2468.109458735681,981.5893570900896,0.3892245786289319
105240,Cold,efficient,4371.006802,3015.9,3633.03821136914,708.8881191881736,0.2350502732810019
105241,Cold,average,8262.3884785,3530.72,2798.946095307611,912.4331253944885,0.25842692861356564
105248,Cold,average,4873.2515349,3563.03,3892.615149048616,440.3767614668794,0.12359614189801359
105251,Hot-Dry,efficient,9029.2243416,867.02,4720.603037051907,169.76614821238093,0.19580418930633772
105253,Mixed-Humid,average,10701.421218,1384.13,1414.7138144095857,261.66035893630254,0.18904319604105288
105254,Cold,inefficient,2569.1268973,3976.52,2924.557551734786,1013.003321338132,0.2547461904726072
105259,Cold,efficient,996.30431572,2687.15,3029.1729291556526,618.4071848089037,0.2301349700645307
105264,Cold,efficient,5261.1744519,1887.21,2656.729971099662,544.8892193435256,0.2887273908804667
105267,Mixed-Humid,inefficient,5880.6241373,3220.59,2553.179360446012,466.38392291089565,0.14481319351761499
105275,Cold,efficient,7085.9315913,1912.41,1858.4370557803277,737.8366217410214,0.3858150824044119
105277,Hot-Dry,efficient,4699.8905425,2651.47,2414.9626335146413,928.3680432155131,0.3501333385689875
105282,Hot-Dry,inefficient,10528.245111,558.29,1239.7810539287018,38.40123790562893,0.06878367498187131
105289,Mixed-Humid,efficient,8146.8977931,1345.65,2140.800716057325,406.145873879428,0.30182133086569907
105293,Mixed-Humid,efficient,7209.7372427,2032.09,2361.827187570372,485.61818860811235,0.23897474452810277
105295,Mixed-Humid,average,5707.9911269,1638.1,1730.8932161790322,390.83776561750796,0.23859212845217506
105296,Mixed-Humid,inefficient,10673.096352,2959.9,1954.3222310934707,558.4222237776618,0.18866253041577816
105300,Hot-Humid,average,7258.4652232,2891.01,2840.828224923956,343.32983494837873,0.11875774727461293
105301,Mixed-Humid,average,2986.1539631,2020.42,2477.391647334241,403.4482706218512,0.19968534790877698
105310,Hot-Humid,efficient,7480.7182129,3092.61,3640.5595290556903,915.5479301816268,0.2960437721476768
105311,Cold,efficient,5603.2456867,695.17,802.5476497263181,208.24515009950574,0.2995600358178658
105313,Cold,inefficient,4317.1888941,2698.72,2497.496493919621,522.7497476763098,0.1937028471558034
105318,Cold,average,7193.112607,3756.6,3076.5913800670633,2046.4473750339014,0.5447605214912158
105320,Hot-Humid,average,4315.3612165,2784.4,2067.578486705042,1017.050623239011,0.36526742682050384
105321,Cold,average,6568.2994311,419.97,739.5109460782724,110.91693102736028,0.2641067957886522
105322,Cold,efficient,3883.3842652,1566.97,2456.1805601953774,237.3092268944011,0.15144465235097104
105327,Cold,inefficient,8054.6129069,1798.14,2119.5399694826515,342.12528388323545,0.19026621057494714
105331,Mixed-Dry,average,11280.211245,1684.78,1770.5013631631268,327.78776699140883,0.19455820165921298
105339,Mixed-Humid,average,11528.524912,1593.26,1787.5170229533123,445.23382364235107,0.27944831580680557
105345,Hot-Dry,average,12675.738245,2414.95,1994.038317008609,466.12254796525445,0.19301540320307026
105347,Cold,efficient,1474.8067112,1073.48,1020.9806810263112,365.3153764116951,0.3403094388453396
105351,Marine,average,7357.1457316,1246.36,1577.7598167617791,236.1464759185333,0.18946891421301496
105356,Mixed-Humid,efficient,6827.4088119,1831.23,2240.01454322447,556.2834108870862,0.3037758287528526
105358,Hot-Humid,average,14157.500062,1903.61,1689.0612255756903,580.0366499569651,0.3047035106754877
105363,Cold,inefficient,4063.3973346,1977.87,2062.532626761097,324.18767511995924,0.16390747375710196
105366,Hot-Humid,average,8244.840273,1230.63,1780.5535002774254,207.41720972631015,0.1685455496179275
105368,Cold,efficient,6207.8119327,1164.04,2501.979001636176,475.6903220965834,0.40865461848096574
105370,Mixed-Humid,inefficient,12338.615733,2945.19,2070.103750528986,665.5423062099748,0.22597601723826807
105371,Hot-Humid,efficient,9762.8928006,2927.19,3417.562769931677,1212.0129546659134,0.414053394096698
105374,Hot-Humid,inefficient,12004.651512,1114.86,1276.0746237479295,140.02241246137368,0.12559640893150142
105377,Hot-Humid,efficient,10343.364551,931.12,1913.9407654024265,276.55057299028647,0.2970085198366338
105387,Mixed-Humid,average,8500.9804972,834.03,1073.8048046473805,454.8408440706915,0.5453530976951567
105390,Cold,average,3222.0155263,1908.28,1732.0548437462537,551.0103061850975,0.2887470948629643
105394,Mixed-Humid,inefficient,7979.6939657,2479.19,1673.339947664544,765.676259795943,0.3088412988903404
105397,Mixed-Humid,average,9102.1856213,1072.32,883.0538141288532,114.43320052551387,0.10671553316688477
105402,Mixed-Humid,average,4348.6867758,910.3,979.9918726694784,182.95579481928618,0.20098406549410766
105407,Mixed-Humid,inefficient,7418.3816701,1166.8,1103.249193620909,304.83675804152176,0.2612587916022641
105422,Cold,efficient,5458.1819986,2439.41,2602.888162139154,786.7003216788463,0.3224961452477633
105430,Mixed-Humid,efficient,6521.1763672,1895.82,2153.770445234913,459.95467082923625,0.24261515904950695
105450,Cold,efficient,8259.2398651,1637.89,2231.8667076899424,295.9817990303467,0.18070920454386233
105452,Very-Cold,inefficient,4044.3939827,2092.42,1396.8005625174642,420.7455291771581,0.2010808199009559
105459,Hot-Humid,inefficient,5635.6931412,3387.33,1990.42965745063,901.781323404797,0.26622186896605793
105470,Mixed-Humid,efficient,5390.9350143,1432.44,2053.2248021230475,554.9443752259543,0.38741195109460386
105472,Mixed-Humid,average,6294.9916946,1332.61,1546.308571875653,228.2038345565998,0.17124577675133745
105479,Mixed-Humid,inefficient,4191.674109,1538.22,1557.9998688780984,192.82695844110611,0.1253572040677576
105481,Very-Cold,inefficient,697.61966857,6085.24,3946.824173727613,1876.1656687132338,0.30831416159645864
105491,Hot-Dry,inefficient,10279.470129,2463.32,1982.4721489420965,383.7116075104667,0.1557701019398481
105496,Hot-Humid,efficient,13995.165196,656.9,667.1407117705271,112.98865511278389,0.1720028240413821
105506,Cold,inefficient,3842.5978584,1318.03,1652.6151096827705,179.82547482790653,0.13643503928431563
105510,Cold,inefficient,1761.8525226,1944.43,1720.8239827201874,335.37045418475395,0.17247751484226942
105518,Cold,average,10672.657707,3274.81,2792.3829481266816,877.0669216113636,0.26782223140010064
105523,Marine,inefficient,5248.2234929,1302.99,1372.995550450857,104.06623480359738,0.07986725516204835
105527,Cold,inefficient,5043.233812,1798.63,1803.405814702936,227.54306524643783,0.1265091015086137
105542,Marine,average,4932.9332423,1833.21,1567.000790690903,387.33316484151317,0.21128684921068136
105546,Cold,average,3680.0044684,3628.13,2511.2932133267377,1152.6405412816564,0.3176954908676526
105547,Cold,inefficient,9388.9278267,1525.32,1456.4131917450231,337.2380459275956,0.22109330889753992
105548,Hot-Humid,inefficient,10380.41752,2919.06,1734.2231681005792,661.7662285480102,0.22670525050804374
105557,Cold,efficient,5635.2427099,1152.62,1474.9419323654706,374.4627614031059,0.3248796319716003
105561,Hot-Dry,average,10939.330553,1235.61,1148.5378388265,263.9968670023528,0.2136571143017237
105562,Very-Cold,efficient,1537.8633793,604.33,858.5029121264163,121.12724729414947,0.20043229244642738
105577,Hot-Dry,efficient,16069.120507,571.04,2059.748088013777,117.98481988103117,0.20661393226574526
105584,Cold,inefficient,9140.5375235,2785.02,3073.5347643142413,621.7152405333889,0.22323546708224315
105588,Mixed-Humid,efficient,4605.4556067,2158.95,4034.5149566319474,488.144130039233,0.22610256376443783
105591,Cold,inefficient,11025.769976,1569.96,880.8757478561566,230.7128178527612,0.14695458346248388
105595,Cold,inefficient,14916.897506,707.53,883.5506581217921,193.10503847732429,0.27292841077738655
105600,Cold,efficient,6453.4297136,820.28,1587.4471021166432,120.23401841280901,0.14657680110792537
105604,Mixed-Humid,efficient,8176.0235362,800.99,1358.821895012965,163.65145220056402,0.20431147979445938
105605,Hot-Humid,inefficient,5236.786238,1299.24,1228.3433422492433,240.8420789504138,0.185371508690014
105609,Cold,inefficient,5180.1488167,2691.55,1941.685956236471,328.17802498688854,0.1219290093020336
105613,Cold,average,9710.6653559,2446.28,2610.4920777377724,513.5456546328699,0.2099292209529857
105628,Marine,average,5207.6235175,1688.19,1312.7496656355445,351.2665123213597,0.20807285454916785
105635,Marine,inefficient,9314.7726981,1284.23,1534.4120483571626,532.1755899501882,0.4143927411368588
105636,Hot-Humid,average,9363.0768981,2906.04,2329.5659559923292,575.6997914609167,0.1981045654777349
105642,Mixed-Humid,inefficient,8958.8997245,1885.29,1892.9100068089776,490.83719461727645,0.26035103067288135
105648,Mixed-Humid,average,4124.3794763,2466.17,2350.2998581060865,407.15728712009326,0.16509700755426157
105673,Cold,average,4734.9441027,1116.94,1315.4543751800468,137.80536966487836,0.1233775938411001
105677,Mixed-Humid,efficient,4738.0737396,2140.33,2298.848317497942,745.9048401006215,0.3484999229560963
105682,Mixed-Humid,average,5218.4577052,2662.69,4070.9295091842687,303.4151390220365,0.11395060597442304
105686,Hot-Humid,inefficient,14631.255909,3259.96,1890.009838462616,454.04769516552847,0.1392801430586659
105691,Mixed-Humid,efficient,6075.3496039,1107.63,1995.1931330610232,210.6534549625655,0.1901839557998298
105694,Cold,inefficient,1061.224197,3719.8,2376.5552581884876,878.7862170605857,0.23624555542249198
105696,Hot-Humid,average,10136.25782,1918.66,2257.7967992732288,298.8028143307989,0.15573515595822027
105709,Cold,average,8062.1043621,1027.89,1011.0681740812132,369.47032084285445,0.3594453889451735
105711,Mixed-Humid,average,5221.3927028,1431.53,1856.9849536932988,228.88236047314527,0.15988652733309486
105717,Hot-Humid,average,10647.409513,1693.02,2061.433646704497,609.5157457018797,0.3600168608178756
105726,Cold,efficient,2628.516009,1774.1,3028.489780724827,370.1982857258105,0.2086682180969565
105732,Mixed-Humid,efficient,5720.1364869,1517.4,1852.7549208379733,474.2354156992245,0.31253157750047744
105734,Hot-Dry,efficient,7745.3591686,1328.81,1547.098035600984,147.10569335047845,0.11070483616956409
105737,Mixed-Humid,inefficient,6066.7438924,1929.86,1668.7122017970437,474.15672022928334,0.24569487954011346
105752,Cold,inefficient,10173.312607,1154.87,829.1695337567262,186.2555156636967,0.1612783392621652
105753,Marine,inefficient,5024.6621006,2515.05,2368.3257005419628,760.6611169594601,0.3024437354960975
105755,Hot-Dry,inefficient,14127.793075,1121.28,1285.0191027559977,120.10621448701784,0.10711527405020854
105758,Cold,inefficient,3192.3117464,8351.54,5574.711977026816,1845.3318574747502,0.22095707587759264
105760,Cold,efficient,1634.0758493,1386.59,2030.6067879625211,267.96457342334594,0.19325436749388497
105765,Mixed-Humid,average,4524.0185803,1703.09,1553.4399435078435,428.322438244773,0.2514972422154866
105766,Marine,average,5591.2744449,1800.64,1908.1409129459544,762.424698870673,0.42341872826921145
105769,Mixed-Humid,average,1348.5562862,2226.7,1956.6419216233824,429.7684687872274,0.19300690204662838
105773,Cold,inefficient,4839.9506712,2353.17,2305.8214049852454,505.37323920462825,0.21476274098540618
105776,Hot-Humid,average,7028.7324676,2420.06,2160.241718707261,570.9400902902896,0.2359198078933124
105791,Cold,efficient,12737.974469,588.25,743.1555707440622,126.52656020993413,0.2150897751125102
105793,Marine,average,10215.301361,1066.29,1249.7252403531204,86.03038803266097,0.08068197960466755
105797,Mixed-Humid,inefficient,8726.6011614,3105.76,2169.569067111018,428.02525245482735,0.13781658996665141
105799,Hot-Humid,inefficient,12179.924238,2197.04,1438.4060449479427,572.3037216851925,0.2604885307892403
105800,Mixed-Humid,efficient,6075.3233167,4777.14,3118.014800766687,1395.8822456694934,0.29220040561287575
105811,Cold,average,9634.3867089,906.6,1053.5582998478371,217.90738947975075,0.24035670580162227
105815,Mixed-Humid,efficient,1548.6050597,1475.18,1764.25461174705,231.98668215671148,0.15725991550638665
105816,Cold,average,12112.683721,2274.81,2183.892316263308,349.61135430033613,0.1536881560659291
105818,Hot-Humid,average,6648.4112461,1863.51,2213.8591735914215,512.3576793415021,0.27494227524483483
105823,Cold,inefficient,12203.532733,1046.35,1066.3099641660483,97.06912328719781,0.0927692677280048
105825,Mixed-Humid,inefficient,9787.8328902,1540.68,1402.6109330929246,303.5747921075346,0.19703948393406456
105833,Mixed-Humid,efficient,5877.4590185,755.76,850.3600033863579,126.13656301223783,0.16690028979072435
105843,Hot-Dry,inefficient,19224.109469,475.66,661.8851329660924,102.17988196754794,0.21481705833483566
105846,Cold,inefficient,1642.1917643,1115.85,1454.6848659014518,215.3854089957489,0.19302362234686463
105850,Mixed-Humid,average,9714.5269613,1029.92,1305.6090788542351,146.67235907816848,0.1424114096999461
105853,Mixed-Humid,average,6491.940907,1319.92,1428.6850151439846,346.94002558953764,0.2628492829789212
105854,Cold,average,2329.2167253,961.27,1275.222928231803,181.58991556506055,0.18890625481400705
105864,Cold,average,10660.970119,881.27,695.1575901223279,246.72607262760567,0.27996649452223005
105865,Cold,average,6549.6493111,1997.92,3237.0457205804664,320.8270648421127,0.16058053617868218
105868,Mixed-Humid,efficient,1602.3277146,1457.47,1683.5121505544378,360.5134699614056,0.24735567110225634
105870,Mixed-Humid,average,5331.7349752,1996.03,2001.442684550194,435.01378071962995,0.21793950026784664
105873,Very-Cold,efficient,486.70593278,1438.12,1763.2202215040058,213.65735688214914,0.14856712713970263
105879,Cold,efficient,6890.9294077,3709.68,3346.0657321230583,1292.3543038620448,0.34837352652035886
105891,Marine,inefficient,7453.215421,4414.28,3075.7147733087536,936.5410732779618,0.21216168282890116
105892,Cold,average,4063.671251,2803.87,3445.1605494524447,995.3402544246627,0.3549880181408777
105893,Mixed-Humid,efficient,4510.8000245,2024.11,2386.457600754368,509.07692426394044,0.2515065506637191
105898,Hot-Humid,inefficient,7811.3238271,3026.21,3190.1107966904997,530.6649778715891,0.1753562964472357
105901,Mixed-Humid,inefficient,8304.6914482,4103.61,3167.588084524576,840.7883493239998,0.20488992602220968
105903,Cold,average,1794.7330932,1369.27,1536.9356753349705,432.3004051349312,0.3157159691915628
105912,Very-Cold,efficient,912.06587257,3468.83,3968.198520040192,593.7329312632332,0.17116230292727902
105913,Very-Cold,inefficient,6648.9800776,4289.44,2009.6833175213592,1366.8801946292508,0.3186616888519832
105915,Cold,average,9934.5096008,1869.65,1825.3545700136424,366.3894760554787,0.19596687939212082
105916,Mixed-Humid,inefficient,4032.0541963,2294.37,1563.079859444277,425.78440012770824,0.18557791469017998
105922,Marine,inefficient,9000.1517926,2848.61,2600.315120977145,561.4693643897396,0.19710292542318517
105923,Cold,inefficient,1808.0005614,1599.51,2997.366760590416,339.6399341509102,0.21233998796563336
105938,Cold,inefficient,3991.8056615,5671.63,4277.850824446947,1344.8274109841004,0.23711479962270113
105941,Cold,inefficient,1084.8751465,1655.66,2648.3916254719416,175.81668761641635,0.10619129991448506
105946,Cold,inefficient,9359.2360288,1158.94,771.6281958963715,280.31307507290774,0.2418702219898422
105952,Marine,average,6774.736622,514.82,424.19913977673497,39.309404493771716,0.07635562816862537
105956,Very-Cold,inefficient,1399.803105,1867.23,2620.9291994956784,337.33323069977473,0.1806597102123331
105960,Cold,average,13926.371314,1662.67,2784.793364347825,335.5320800391552,0.2018031720300211
105983,Marine,efficient,5766.414151,1458.53,1795.6445169363474,254.5571983830073,0.17452997084942187
105987,Cold,average,5731.7239464,2764.13,2403.536831425121,946.8079712248027,0.34253380674020495
105988,Mixed-Humid,efficient,9387.9006276,593.71,989.442339546802,121.55933031514732,0.20474529705604977
105989,Cold,efficient,10330.004345,1177.66,2170.5352934079033,277.7584073686153,0.23585619564952132
105992,Hot-Dry,average,9698.3099756,1834.38,1787.834952020879,216.9583090756163,0.1182733725158453
105997,Cold,efficient,9422.9506762,653.35,1368.8628860462306,97.17428322520092,0.14873235360098097
105998,Mixed-Humid,inefficient,10728.380376,1585.23,908.653474641584,225.54793368977136,0.14228088901280656
106001,Cold,average,6011.2096097,3075.56,2680.994696427675,942.238166160651,0.30636312286564105
106005,Cold,average,5906.6853415,2755.17,3315.881201663717,846.4691491309345,0.3072293721007903
106006,Very-Cold,average,683.10004853,1033.6,1776.6941812077705,144.97411536179325,0.14026133452185882
106007,Cold,inefficient,5577.2724595,1923.38,2807.6618277694265,269.5753947984283,0.140157116533617
106008,Cold,efficient,14127.831772,555.93,717.4997316455588,122.71848587949336,0.22074449279494426
106018,Cold,inefficient,4950.8383058,3826.09,2338.4816173653944,1654.2756630846259,0.4323671589232417
106024,Hot-Humid,inefficient,11072.06161,3378.05,2658.092477665144,981.2041120511351,0.29046465033114816
106026,Mixed-Humid,efficient,7578.1636525,1092.89,2825.173679252075,299.8606011185907,0.2743740002366118
106027,Cold,inefficient,6555.2470117,1693.35,1364.2627083349305,414.8189233897024,0.24496939403531603
106028,Hot-Humid,average,10035.065998,1097.11,1204.232747545914,122.13645353396142,0.11132562234776952
106046,Cold,inefficient,10236.482762,2674.65,2108.79250370835,178.5849630608723,0.06676947004687428
106050,Mixed-Humid,average,5936.8757603,2453.54,2129.801498513558,712.2825639425266,0.2903081115215267
106053,Mixed-Humid,efficient,5580.9976321,1727.27,1864.2103413912405,520.2901423910323,0.3012210843649414
106058,Cold,average,5976.5525383,542.44,664.3412108923994,89.12128002590843,0.1642970282905177
106060,Cold,average,6696.8521051,2019.43,1765.895982218085,476.4604427217425,0.23593808288563728
106061,Hot-Humid,average,6450.0426271,1856.02,1983.485062902541,344.3159107190626,0.1855130390400225
106063,Cold,inefficient,5776.511214,1555.18,1253.8416327513771,250.71303602117874,0.1612115870967854
106066,Marine,average,10176.627664,1168.84,1457.6798688073193,158.57381430311267,0.13566768274794896
106068,Cold,inefficient,2419.5150684,3006.08,2671.427739148267,668.9785002708768,0.22254181534452736
106071,Cold,inefficient,5979.7219245,2188.49,1828.3099995610585,557.317409518675,0.25465842179707243
106078,Mixed-Humid,average,6241.3972162,3411.23,1876.5632649392664,1252.104823772171,0.3670537676357709
106079,Very-Cold,average,5894.7339161,3306.5,2186.5438570893252,628.9969295488247,0.19023043385719784
106088,Marine,efficient,15203.401548,377.97,822.0271412145172,43.31533159280819,0.1145999195513088
106091,Mixed-Humid,inefficient,8250.5229831,1244.79,1306.86025192592,259.4098834668709,0.20839650339966653
106097,Cold,inefficient,2621.214439,1294.93,1073.658572054478,315.185897278857,0.24339995001958173
106098,Hot-Dry,inefficient,13903.556198,1536.24,1786.2960718411755,321.45036293031933,0.20924488551939757
106102,Mixed-Humid,efficient,6447.509753,769.28,1617.3905353223956,191.34000291342278,0.24872608531798926
106105,Mixed-Humid,average,10833.530319,1875.51,2082.5871420882695,390.7538851414696,0.20834540212607217
106108,Cold,average,5269.0179732,3960.13,3266.8048481632763,824.0735520365304,0.20809255050630418
106112,Hot-Dry,efficient,10878.400993,893.38,1384.6135487462725,246.28944624449056,0.2756827399812964
106117,Cold,inefficient,3097.467814,3737.77,2965.1275651286146,458.8535960349412,0.12276132454242535
106121,Cold,efficient,5959.7949615,991.24,1583.6346092525011,393.49365609841374,0.3969711231370947
106122,Hot-Humid,average,10600.191622,1904.39,1983.010101451152,701.0897731941209,0.36814401104507
106123,Cold,inefficient,3548.9743416,5783.87,6669.876503802496,2170.9596924532684,0.37534724889274285
106128,Cold,efficient,5852.2628302,1579.32,1671.5924983315283,370.0992129273524,0.23434086374347976
106129,Hot-Dry,inefficient,6612.4525428,2182.51,2300.915925251261,478.96812527640265,0.21945747111188613
106130,Mixed-Humid,inefficient,4785.0657776,1720.72,1895.2813873126684,281.8810106042592,0.16381573446246872
106134,Mixed-Humid,average,6482.6723588,1702.34,1688.169503715019,808.7148653396304,0.4750607195622675
106135,Cold,inefficient,8208.0308736,1976.6,1563.7829375939937,496.1045699774433,0.2509888545873942
106136,Cold,average,2206.8215655,1542.13,2604.9140037611746,291.89509260105024,0.18928047090780298
106175,Cold,inefficient,10816.507871,2775.65,1934.4957837679733,664.370143836096,0.23935659893577935
106182,Marine,efficient,5747.5231749,971.77,1541.158409198938,135.7257900906032,0.13966863567572904
106190,Cold,efficient,5463.7164434,1483.7,2019.0442535689251,373.55094758377544,0.25176986424733805
106197,Cold,efficient,3729.6940327,2022.73,1774.4452234284342,362.71653668961784,0.17932029321244944
106198,Mixed-Humid,average,1374.4350045,687.43,832.8575480990113,22.069226398836307,0.032103961710772455
106205,Mixed-Humid,inefficient,10570.089661,2304.38,2257.083287521372,373.8000943268791,0.16221287041498325
106212,Hot-Dry,average,12025.705692,691.58,718.1851436539754,104.35494117484014,0.15089352088672334
106216,Mixed-Humid,efficient,7123.0199853,3496.6,2934.1058804240474,859.7220584370425,0.24587372259825044
106224,Hot-Dry,average,6611.2227776,2037.61,2248.8249468780296,276.26861403342645,0.1355846379009852
106227,Cold,inefficient,2701.3247795,4798.45,4020.669112655413,1982.4046533099076,0.41313437741560455
106228,Cold,inefficient,6762.8704928,3892.47,1954.3684335078713,334.8961699331945,0.08603693026104108
106232,Cold,inefficient,8884.7695058,841.01,603.5159648279899,102.36821917006137,0.12172057308481632
106241,Cold,average,2799.1118472,5776.0,3437.006917040358,2035.1334854512552,0.35234305496039736
106243,Cold,inefficient,1767.7374669,1346.97,1350.8132590633304,156.87366089575715,0.11646410899705054
106245,Cold,inefficient,9104.1544479,2507.35,2597.3408815074176,972.2145160763598,0.38774583367952614
106246,Mixed-Humid,inefficient,6425.4331191,4498.75,2522.37849494881,662.1807574974066,0.14719216615668942
106249,Mixed-Humid,average,10545.93696,800.55,1032.98040333958,105.26121601053413,0.13148612330339657
106256,Hot-Humid,average,9137.1697126,2392.28,2152.14096716301,327.4960087105027,0.1368970223847136
106263,Marine,efficient,6782.3480018,728.47,1044.467554950471,210.07668988912297,0.28838070186709536
106270,Hot-Dry,inefficient,14652.219468,1143.28,1067.5062053573051,82.70329051370031,0.07233861391234021
106271,Mixed-Humid,efficient,4008.9661771,1710.36,2086.176550357739,478.17759290961817,0.2795771608957285
106272,Hot-Dry,efficient,9236.2931557,2989.62,3233.743105687682,672.9132489517287,0.22508320420378802
106273,Cold,inefficient,4129.3307208,5241.03,4048.645810716956,610.3989662999658,0.11646545932764472
106279,Cold,efficient,5301.3997017,1024.8,1544.5042896209306,179.06294121110048,0.17472964599053523
106286,Hot-Humid,efficient,5375.8589947,1529.68,2382.3556785408396,292.5231365604722,0.19123158867244927
106296,Mixed-Humid,inefficient,5474.4184082,3113.03,2531.1620183396776,589.5158121830402,0.1893704243720877
106298,Mixed-Humid,efficient,7456.9133612,640.48,1717.938663197296,370.91550413773456,0.5791211343644369
106304,Very-Cold,inefficient,677.0581435,4146.1,3664.833317574811,842.1722620520842,0.20312396277274647
106310,Cold,average,6225.4939244,2047.89,2421.6519694680264,506.29959011010703,0.24722987568185156
106311,Cold,efficient,6590.1559112,606.62,623.0636982841785,98.0249493550412,0.16159201700412318
106312,Cold,efficient,8836.447573,1049.89,1597.609628385646,201.0569212734963,0.19150284436797788
106313,Marine,efficient,5237.804529,1015.16,1506.2832748561666,389.84816031896696,0.38402632128823727
106332,Cold,inefficient,10350.595607,2637.53,1931.3215952713283,474.47753877002145,0.17989465096890705
106336,Hot-Humid,inefficient,14256.697007,2209.99,1123.7504805024691,499.62896101938884,0.22607747592495392
106341,Mixed-Humid,inefficient,6904.0151767,1763.26,1858.4537395084944,221.1775949958997,0.1254367450040832
106344,Cold,inefficient,922.55987111,2775.56,2272.7569440821862,568.5979940665893,0.20485883715956035
106346,Cold,average,11888.269918,2313.24,1648.365049225698,674.3016652332075,0.29149663036831786
106353,Cold,average,5410.1080244,2136.61,2672.913542006865,559.34369762695,0.2617902647778256
106361,Marine,average,5043.7627002,1165.75,1470.7525867886034,299.69868818177423,0.25708658647375016
106362,Mixed-Humid,inefficient,4763.3318994,1755.02,1508.831022707098,495.6701557224569,0.2824299185892223
106364,Cold,inefficient,4177.1629181,2169.36,1976.095071921707,784.9958735989763,0.3618559730053916
106366,Cold,average,3864.1266007,950.76,803.3718571292442,132.2598603863791,0.13910961797549234
106368,Mixed-Humid,average,6289.0413226,1597.8,2028.8967190250803,305.14531530959164,0.19097841739240934
106375,Cold,average,843.68365144,1703.93,1700.7215415526164,600.9049924296604,0.35265826203521294
106379,Mixed-Humid,inefficient,13011.837779,2551.51,2273.8795689094804,569.4265970679471,0.22317239480462434
106383,Hot-Humid,efficient,5366.4749425,2092.13,2609.0956637844342,269.16268684226867,0.12865485741434263
106386,Mixed-Humid,inefficient,3979.2557175,1384.94,2035.4761083465985,210.10090941798228,0.15170397953556275
106388,Hot-Dry,inefficient,6486.3734791,1173.75,1071.0194657590448,46.38654592215131,0.03951995392728547
106392,Hot-Dry,inefficient,2179.0916494,2483.1,1984.720669427604,635.7098167143404,0.25601458528224413
106398,Hot-Dry,average,3967.8023444,1135.9,1406.3830792646852,396.50505673903734,0.34906686921299174
106409,Very-Cold,average,721.84951616,5093.39,4359.8638113350635,972.5298837336045,0.19093960677144386
106414,Hot-Humid,average,17282.417451,1089.51,1054.0869862272805,136.90935678752115,0.12566140447313118
106419,Cold,inefficient,3732.3745165,2148.98,1737.964553203821,310.155776029796,0.14432697187958754
106423,Cold,efficient,4471.1815149,1063.1,1840.3905722274424,226.02448803288715,0.21260886843466012
106434,Mixed-Humid,average,8090.9365694,1075.65,1143.1817731176834,164.4251068156411,0.1528611600573059
106436,Hot-Dry,inefficient,9253.9563701,1274.79,1585.6717940766046,157.54166382704068,0.12358244403159789
106437,Mixed-Humid,average,6188.7596206,1640.3,1951.246234285935,317.3843020004832,0.1934916186066471
106438,Cold,inefficient,3441.8154137,4121.18,3932.756486705224,1330.4133788955737,0.3228234095321179
106442,Cold,inefficient,1997.9897703,1917.28,2553.839597743024,325.7158170047649,0.16988432414919308
106443,Very-Cold,efficient,967.80237391,1216.4,2111.801920800016,249.68047400832796,0.2052618168434133
106455,Cold,efficient,8323.9928822,286.42,921.6171347119932,62.62259966069369,0.21863906033340438
106456,Cold,inefficient,6069.5784099,2774.8,2309.0368523886013,360.74431171586457,0.13000732006482071
106457,Hot-Dry,average,4894.1965049,3312.19,3137.0153654721425,559.3176232617166,0.16886640659555055
106462,Mixed-Humid,efficient,1318.7569994,1713.86,2152.2780659484106,793.5629127925372,0.4630266840888621
106474,Mixed-Humid,efficient,6574.8671777,1694.86,2189.8965238762316,210.60528765873437,0.12426117063281591
106476,Cold,efficient,4942.2044808,1795.59,2250.662855786399,543.3736483840474,0.30261565746303304
106478,Cold,average,5924.8943069,1531.51,1377.110348995293,244.42689629146435,0.15959862899456376
106487,Cold,inefficient,2160.3896856,2801.91,2564.2231362413786,774.2140407690915,0.2763165272150396
106509,Cold,average,5944.1780717,1704.78,1646.7759602214433,199.30234922867547,0.11690795834575457
106513,Cold,efficient,5402.8839769,1512.77,1977.268476895489,373.3707923628517,0.24681266310334798
106515,Cold,average,6783.5070204,2273.69,2426.9619496159044,280.54392959660055,0.12338706226292966
106520,Hot-Humid,inefficient,13466.483941,2634.35,1609.861655275056,325.2219443521217,0.12345434143227806
106521,Cold,average,2095.2503274,2006.36,1527.918212403941,391.361073324761,0.1950602450830165
106532,Mixed-Humid,efficient,4099.3596388,2163.05,2471.7554538099994,596.0118380468851,0.2755423305272116
106540,Cold,average,7341.829362,1038.37,679.410993479403,225.10630375566433,0.2167881427195165
106542,Hot-Dry,inefficient,7757.0252815,1277.25,1542.8842557278954,376.05864179957956,0.294428374867551
106552,Hot-Dry,efficient,5154.6018828,1137.53,1606.750938622596,366.4342948176201,0.32213154362313096
106553,Mixed-Humid,efficient,6399.2590092,773.08,1457.784009931192,171.69798251978085,0.2220960088474425
106554,Mixed-Humid,efficient,6637.8709901,1650.62,1783.4514791382858,296.07983199089057,0.17937492093327997
106561,Mixed-Humid,average,9416.734434,1923.76,2313.100913478211,431.7037340668576,0.22440623262093898
106565,Mixed-Humid,inefficient,10944.381957,1138.67,1800.50477295271,139.37539355429504,0.12240191939218126
106566,Cold,inefficient,3488.6451777,1695.28,2307.02233530418,462.0130978002686,0.2725290794442621
106567,Mixed-Humid,inefficient,9847.9571194,1757.88,1566.576509259718,279.8131213313155,0.15917646331451263
106573,Marine,inefficient,11867.355856,1099.95,1110.2364077331174,349.6325493596229,0.31786222042785844
106575,Mixed-Humid,inefficient,10815.013697,2324.32,2803.0612341146752,290.51127242980135,0.12498764044098977
106576,Cold,average,10860.694906,3503.5,2632.7864792991154,524.3258183641262,0.14965771895650812
106583,Hot-Dry,average,12266.063289,1907.8,1814.0573316853165,444.74758474744624,0.23312065454840458
106585,Hot-Humid,average,3682.9908752,2060.07,1557.6593004959109,408.2828772363538,0.1981888369018304
106590,Mixed-Humid,efficient,7651.1603267,2259.43,2723.603349679819,702.659409655205,0.3109896786601953
106591,Marine,inefficient,5728.7035361,2523.46,1847.144672831936,372.73232229208253,0.14770684785654717
106596,Cold,efficient,5593.8569648,1088.69,1786.7287286071596,110.01992907556455,0.1010571687767542
106603,Mixed-Humid,average,3817.9366416,1293.34,868.6031255293009,292.03974502227106,0.2258027626318455
106605,Mixed-Humid,efficient,7662.1534394,2989.38,2855.490259357587,304.90428739579454,0.10199582769530623
106609,Cold,average,2493.6690447,3871.29,2652.742116964222,272.468642427562,0.07038187333616494
106619,Mixed-Humid,average,6946.9597255,1861.73,1632.305876946572,667.8987144206014,0.3587516527211795
106624,Cold,inefficient,4505.8925946,2842.22,1534.144030651828,1077.520998004576,0.3791124536469999
106631,Cold,efficient,14498.274805,1385.79,1654.7356988030938,268.20388007469296,0.19353861701606517
106653,Mixed-Humid,average,5929.8435784,1583.95,1339.9864568734226,179.0940671579045,0.11306800540288803
106656,Mixed-Humid,inefficient,14226.008434,1537.66,1920.5974148264645,223.27338847082302,0.14520335345318405
106658,Cold,average,1957.629937,2686.49,2358.324216672583,712.3833134622221,0.2651725163548802
106662,Hot-Humid,inefficient,6956.4072121,12084.84,4978.958380776602,2774.1554504527094,0.22955665531796113
106663,Cold,average,5982.5693929,1292.82,2238.835251041324,289.5673370519663,0.22398117065946252
106664,Hot-Humid,efficient,9523.000974,841.01,990.2932398379658,147.99564321405154,0.17597370211299693
106665,Cold,average,5808.9182931,1555.17,1480.626563273662,402.5675670252542,0.2588575956488707
106668,Hot-Humid,inefficient,10441.998376,2042.67,1936.3470937004288,480.65819856988514,0.23530878632862143
106669,Hot-Humid,efficient,9970.7171768,441.93,1223.2494231340193,160.85014057458585,0.36397198781387513
106676,Cold,average,2557.2876812,2693.54,3065.5498566323727,499.81017577332307,0.18555884663800168
106678,Marine,average,13111.509248,872.78,949.0044187582178,65.82978130555193,0.07542540079464692
106680,Hot-Humid,average,5654.1789871,1521.53,1528.0065638974415,379.6795850358354,0.24953802096300132
106701,Mixed-Humid,inefficient,7127.7727082,2740.77,3004.2395039202065,459.7408128545445,0.16774147880141146
106705,Mixed-Humid,average,4596.4505302,1697.07,1820.3473597877123,500.739267948623,0.2950610569679642
106712,Hot-Dry,efficient,6920.4196018,1050.9,1224.408435504801,112.45435342228296,0.10700766335739172
106713,Marine,average,5339.3358263,2319.35,1555.723331052924,132.80367962098225,0.057259007748283894
106717,Mixed-Humid,average,7609.8725658,1339.21,1271.5046101029036,347.59161821332225,0.2595497481450424
106718,Cold,inefficient,2494.1763871,2445.36,1822.048197266168,341.2159370202545,0.1395360752691851
106723,Mixed-Humid,efficient,4893.6058433,1625.64,1535.0787760239264,525.8142540408338,0.3234506127068931
106737,Cold,efficient,1651.4862114,1789.67,1294.94675604976,681.447880687212,0.3807673373790766
106738,Cold,inefficient,4610.657707,1207.67,1339.9848068582544,150.5714107073404,0.12467926727279835
106740,Mixed-Humid,efficient,6075.9912166,1616.77,2093.4291334575355,337.62555154560096,0.20882719962987992
106745,Hot-Dry,inefficient,6164.0843259,2310.47,2458.412726722173,390.25393407593424,0.16890673069805462
106757,Mixed-Humid,average,6500.1351681,1427.08,1998.3345835040109,313.56627766334617,0.21972578808710527
106759,Very-Cold,efficient,773.09068605,2638.65,3319.3219191291732,534.2905823391708,0.20248634049198294
106760,Marine,inefficient,13607.438617,760.35,819.0971484454049,45.10664155360374,0.05932352410548265
106771,Cold,efficient,7979.3001272,1166.15,1334.6771100417436,226.1698006932727,0.19394571941283084
106781,Cold,inefficient,11145.542683,1343.59,1735.1853700138147,338.03568315265966,0.25159139555419413
106791,Hot-Dry,average,6007.1264087,2827.97,2954.6887955293646,866.0331709682874,0.3062384576103309
106796,Cold,inefficient,11297.943328,1177.42,1662.4887853740568,80.7288609571835,0.06856420050379941
106797,Cold,efficient,5740.9057696,1092.71,1836.4557950960568,344.8437171117736,0.31558576119169185
106805,Cold,efficient,1933.5303531,3401.56,3500.3422708729695,641.2580932417953,0.18851882466920922
106808,Mixed-Humid,efficient,2410.0077401,1689.33,2423.1219715116495,279.4391778492523,0.16541420435868204
106809,Hot-Humid,efficient,4856.4465436,1150.89,1802.4104377317472,316.7814292073368,0.275249093490548
106811,Mixed-Humid,inefficient,4771.5345774,1797.76,1544.605917941535,454.3042194112709,0.25270571122467456
106813,Cold,inefficient,3708.3827406,1235.58,1430.9764633439463,302.6828606507544,0.24497228884471617
106818,Mixed-Humid,efficient,3535.7258165,2948.4,2540.8106282786243,787.8165711061654,0.26720138756822864
106819,Hot-Humid,average,11181.221759,1764.51,1697.900700469277,328.9213174990003,0.1864094380303882
106823,Mixed-Humid,efficient,6350.0474386,1673.9,2484.2772928765276,576.9265592235179,0.3446601106538729
106824,Cold,average,6732.7013339,2851.52,3404.9952173700326,495.74258621452134,0.17385204600161364
106827,Cold,average,6000.0305767,1091.11,1264.9317328750851,314.38705061440294,0.28813506485542517
106837,Cold,inefficient,8644.0155503,2745.63,1568.253693269119,524.3062211597816,0.19096026090907425
106843,Cold,efficient,5562.8315843,1616.94,2524.6341275336954,265.2077435327715,0.1640182959990918
106846,Cold,inefficient,9685.1292736,2082.69,2090.361016154841,786.171442173453,0.37747885771451967
106849,Cold,inefficient,3968.7117434,5549.71,3581.442093598964,698.8180171251674,0.12591973582856897
106851,Cold,efficient,8823.7380273,1303.66,1817.7946787821047,145.46205441254713,0.11157974810345268
106852,Very-Cold,inefficient,958.20469636,2493.19,2150.009139403304,643.4612968696888,0.25808754923198346
106853,Hot-Humid,average,11728.922786,1642.83,1653.7064291346087,256.03602223597545,0.1558505884577074
106862,Marine,efficient,5523.8522683,1183.4,1489.8659636389627,266.1188319204657,0.22487648463787874
106867,Mixed-Humid,inefficient,5771.2446746,2673.29,2262.789592002339,367.7032130504543,0.13754707235296368
106875,Mixed-Humid,average,6594.4717599,1465.6,2427.843571978153,303.9464757329488,0.20738706040730678
106877,Mixed-Humid,efficient,7032.1439461,1245.22,1622.3648738500806,290.45839015210197,0.23325869336510974
106879,Hot-Dry,inefficient,4762.4732733,2793.05,2394.4360638818757,763.7127585024904,0.2734332570138345
106889,Cold,efficient,2103.8891416,2015.43,2031.8548002776895,529.8909180069024,0.26291705393236303
106890,Mixed-Humid,efficient,4295.8263837,1466.71,1779.2590300268116,391.1569832159313,0.2666900636226188
106891,Hot-Dry,efficient,9420.9198199,1127.36,1526.725549768846,95.77618072755384,0.0849561637166068
106899,Mixed-Humid,average,5577.7664356,2548.77,2465.1984590734683,475.6529240101017,0.18662057541877128
106917,Very-Cold,efficient,3616.4597768,2938.54,1725.7514787385603,1336.0234425158133,0.4546555236667914
106932,Mixed-Humid,average,6219.0211848,2960.73,2803.505480032296,679.5954744588893,0.22953645704231365
106933,Very-Cold,inefficient,3682.5670691,1280.13,1190.841900307572,175.8341921499976,0.13735651234640042
106934,Marine,efficient,5176.691266,1021.73,2059.7999380683336,237.17059969612342,0.23212649104570035
106935,Cold,inefficient,5642.2256795,2058.35,1238.3943900942656,399.4084941715869,0.19404304135428227
106937,Mixed-Humid,average,19087.379622,662.54,836.0530484533944,110.93927678964602,0.16744540222423707
106939,Hot-Dry,inefficient,17573.970449,866.47,783.7415978026384,163.08138208011832,0.18821353547164738
106944,Mixed-Dry,efficient,6902.1092163,321.06,958.0621215890736,84.98461723088782,0.26470010973303376
106950,Cold,average,6894.61816,1646.32,1491.8843526201404,305.60462894410114,0.1856289354099453
106951,Very-Cold,efficient,1222.7262412,1186.58,1477.3277248108948,103.88811988717895,0.08755256273254138
106952,Mixed-Humid,inefficient,13342.963852,1200.85,1969.104762984541,173.30582767106887,0.14431929689059322
106961,Hot-Dry,efficient,18318.087773,698.75,1068.8792132487033,86.1740580003165,0.12332602218292166
106969,Hot-Humid,inefficient,14362.23295,824.84,1073.562878930228,239.04766007200064,0.2898109452402898
106975,Hot-Humid,inefficient,10977.26357,1495.57,1958.198009316508,165.3497616767031,0.11055969408098792
106991,Mixed-Humid,inefficient,7010.9399132,4837.06,4162.484369931328,734.3113406577463,0.1518094339656209
107003,Cold,average,3883.3603452,2222.73,1622.097874212465,727.0150030127711,0.32708201311575
107012,Mixed-Humid,average,4419.7457298,1945.62,1677.6775649066312,425.5369130009765,0.2187153262204215
107014,Very-Cold,efficient,923.5625144,1547.11,1913.524178821336,292.49517693632373,0.18905906944969894
107016,Mixed-Humid,inefficient,1653.8805314,1404.79,1382.000002461792,252.03246819537767,0.17940935527401083
107017,Hot-Dry,inefficient,4574.7206941,3671.88,2785.2502827958965,373.31943251945177,0.1016698346676503
107019,Mixed-Humid,efficient,1314.608473,1533.94,1997.338466403309,432.39450844753765,0.2818848901831477
107025,Cold,efficient,7641.3067224,690.9,1835.011956010502,339.41428396709773,0.49126398026790813
107029,Mixed-Humid,average,5376.7547267,3679.02,2521.909991171009,1937.4236460491795,0.5266140564740555
107030,Hot-Dry,average,11239.299135,1832.9,1592.0414221909582,268.6332417798024,0.14656186468427213
107032,Hot-Humid,inefficient,12725.239253,2446.08,1816.628112098936,767.9203654907591,0.3139391865722949
107044,Hot-Dry,inefficient,10744.719859,4040.46,2178.381467110606,1239.3958753655083,0.3067462307176679
107048,Cold,efficient,6537.5780864,400.73,1086.7154970124654,80.01471403772278,0.19967238299534046
107056,Hot-Humid,inefficient,11566.170858,1379.5,1183.124126004452,452.40958231389527,0.3279518537976769
107061,Cold,efficient,800.0057962,1307.33,1836.4427184440751,189.9499781343217,0.14529612120453267
107068,Mixed-Humid,efficient,4730.6796324,868.5,1180.9712503175049,288.66592812071246,0.33237297423225387
107070,Hot-Dry,efficient,8101.0014419,1701.83,2047.623091131103,418.13022104629346,0.24569447068525851
107074,Cold,inefficient,5275.1288393,3819.65,2602.4586231222997,1227.1420587559837,0.3212708124451151
107076,Cold,efficient,1445.0215316,2215.24,1900.166683360059,455.15401005563996,0.20546487516279952
107093,Mixed-Humid,efficient,4737.7401412,1922.44,2024.000108079796,622.3389889260577,0.3237234914619222
107097,Marine,average,4619.7210224,1258.21,1500.0178328799757,222.4212074575903,0.17677590184276892
107125,Mixed-Humid,efficient,7297.0593416,1508.1,2830.520022182868,235.1288223007764,0.15591063079422876
107136,Cold,inefficient,3924.2327084,3273.17,3703.480980372766,381.7722804994604,0.11663686288810554
107137,Hot-Humid,efficient,9935.1186474,1096.55,1470.277466219056,146.63891523197316,0.13372752289633227
107140,Marine,efficient,6091.686798,1197.02,2432.593561734692,257.8074886725588,0.21537442037105378
107145,Cold,inefficient,522.42337731,1682.86,1249.2137452733682,315.0068522572251,0.18718541783465356
107168,Mixed-Humid,average,9266.7705383,1527.08,2510.667931213605,359.56483396854344,0.23545906826658947
107185,Mixed-Humid,efficient,5008.7437107,2819.67,3302.5504548241183,1143.3024899593674,0.40547386394839374
107193,Mixed-Humid,inefficient,6908.7489463,1752.23,2216.1646364673625,186.32253631927324,0.10633452019385196
107197,Cold,efficient,1773.6610949,960.81,1218.542690561089,202.12648926286448,0.21037092584680062
107203,Cold,efficient,2322.6489077,831.12,1743.7066214476006,362.60502153255186,0.4362847982632494
107204,Cold,inefficient,8428.8869536,1812.41,2950.6290033452888,217.91879471904207,0.12023702954576616
107210,Hot-Dry,efficient,7251.2638551,730.47,1347.8869953291887,130.28512215394193,0.17835793688165416
107216,Hot-Humid,efficient,4154.2292859,877.29,1432.4730437797175,135.1460781136467,0.1540494911758332
107229,Hot-Humid,average,5122.0479648,1395.09,1743.93327067424,271.2019075868378,0.1943974278267623
107231,Mixed-Humid,efficient,3692.5039017,1194.32,2305.0380305404447,600.640062080586,0.5029138439284162
107232,Mixed-Humid,inefficient,3777.435545,2001.69,2299.138808592999,301.52084999926126,0.15063313999633374
107254,Hot-Humid,inefficient,11256.740216,1680.26,1036.7595806955153,239.22343536133607,0.142372868104541
107259,Marine,efficient,5874.5600701,4682.71,3493.435098964695,1647.5106241263243,0.3518284549174141
107262,Cold,average,19087.379622,919.25,1167.737772949508,170.3140479701824,0.18527500459089735
107266,Mixed-Humid,efficient,7352.928914,2038.01,2048.932622687908,401.97338838230576,0.19723818253212974
107270,Mixed-Humid,inefficient,5206.089838,1646.46,1721.682059340215,382.4758353719255,0.23230192982029657
107271,Mixed-Humid,inefficient,7525.4790229,2673.54,1578.5618026430636,670.4789569261005,0.2507832151103408
107278,Mixed-Humid,average,2659.8287705,1285.67,2234.847115828694,250.00450543797777,0.19445464655625297
107279,Cold,average,9339.8853178,1831.76,2062.0794793423415,374.34917545420063,0.20436584238885042
107287,Mixed-Humid,efficient,7108.3707748,1828.73,2370.872895111048,449.97158409920553,0.2460568723098574
107289,Mixed-Humid,average,4926.4284564,3409.27,2955.8791861142367,1116.794903873922,0.3275759631457532
107299,Cold,efficient,5720.6531198,1223.26,1511.639311618506,207.9738197837358,0.17001603893181808
107300,Cold,average,3790.1269633,1612.33,1595.0561850049498,491.362896908967,0.30475330540830164
107307,Cold,average,8348.240539,1157.6,1489.5328048071185,241.34030561146145,0.2084833324217877
107310,Cold,average,14007.949179,857.84,1481.2680077016323,115.27601188878704,0.134379385303538
107314,Hot-Humid,efficient,1438.3873122,940.61,2982.6309364139765,75.12644713634779,0.07986992179154781
107324,Cold,average,6561.5260981,1736.37,2363.709821666389,579.5253160303872,0.3337568122176652
107330,Cold,efficient,1642.6298897,1607.49,2202.02057885624,425.4148439846067,0.2646454061826865
107338,Marine,average,5872.4289519,2602.58,2781.3600130553855,769.4392632046778,0.2956448075389336
107347,Mixed-Humid,efficient,11977.65453,1635.66,2535.5107360012753,540.5004509434274,0.3304479237393024
107348,Mixed-Humid,average,6430.7760529,1276.37,1584.3997582705183,291.6051188368789,0.22846440987870203
107350,Hot-Humid,inefficient,14043.149022,1732.92,1056.6432188657288,198.29802016911495,0.11442999109544291
107368,Hot-Humid,inefficient,6422.6042251,1713.46,1707.1678494902733,180.45782110773294,0.10531779038187815
107383,Mixed-Humid,inefficient,12054.797858,1371.95,1393.8910083450078,381.90295020044226,0.2783650644706019
107384,Cold,average,3295.6895548,1236.27,1623.058794062605,118.80556271970224,0.09610001271542805
107391,Mixed-Humid,average,4931.3241986,910.6,1055.7917596567345,190.90579918036403,0.20964836281612564
107392,Cold,inefficient,1023.3615742,3259.32,2680.927964649116,1021.1428734186658,0.3132993610380895
107397,Mixed-Humid,average,2950.1096964,2090.18,2581.4166289017553,647.7113986346722,0.309883071618077
107400,Cold,inefficient,4364.5032493,3044.0,2387.766911680769,612.1454140978278,0.2010990190860144
107405,Hot-Dry,inefficient,3503.5925685,2622.26,2160.014940441306,659.4774318635154,0.25149200760546836
107410,Cold,efficient,2063.230688,773.51,1477.9438380288796,157.48358097998977,0.20359605044535917
107412,Hot-Humid,efficient,6338.4011238,1928.4,2583.382280939236,321.0331307869751,0.16647642127513745
107418,Hot-Humid,inefficient,10698.612436,1964.19,1879.0040764486969,227.21087054124126,0.11567662524564389
107423,Hot-Humid,inefficient,11057.27143,1588.45,1263.2764507096626,416.0629907816296,0.2619301777088543
107428,Hot-Humid,efficient,8245.7470934,2786.44,3024.350634495086,996.5941441452887,0.3576585694094575
107431,Cold,average,6496.8996521,2469.65,1727.723050121239,1068.1862394211407,0.43252535356068295
107433,Mixed-Humid,inefficient,4622.9966218,2527.42,2727.3629586421803,522.6880458541168,0.20680695960865894
107437,Hot-Humid,inefficient,2295.1940663,1029.7,957.3606775864162,222.12158397864846,0.2157148528490322
107440,Hot-Dry,efficient,4438.3216963,1807.59,2030.5721559021233,349.3736535802632,0.19328147067657112
107447,Cold,average,3561.8965309,1328.21,1790.7107463981006,166.62827212353676,0.1254532582374299
107451,Hot-Humid,efficient,17883.375489,679.91,1460.6970694702995,60.007007116119134,0.08825727981073839
107455,Cold,efficient,4066.2743699,2911.15,3128.549970282914,467.0702198349128,0.16044182533875367
107456,Cold,efficient,3621.5310946,774.1,1149.1672558270875,95.15605674943805,0.12292476004319604
107466,Cold,inefficient,7215.4486163,1688.68,1696.5545166325417,388.4871598862194,0.23005374605385234
107471,Hot-Humid,inefficient,4678.5123327,2073.24,1953.810320272607,948.9112737399817,0.4576948514113087
107476,Cold,efficient,2050.3955042,2107.93,3825.6008869011303,385.15072555200135,0.18271514023331012
107478,Hot-Dry,average,3327.7399395,1900.4,2087.887104585193,371.15730050482705,0.19530483082762945
107483,Hot-Humid,average,13314.002777,2321.85,2500.8514906251553,464.682554156443,0.20013461427587614
107484,Hot-Humid,efficient,10159.737153,425.92,972.0757101597986,64.12114885955191,0.15054740059060834
107486,Hot-Humid,inefficient,1194.4187906,3663.39,1781.3875315258454,1274.5337822649087,0.34791102838215665
107487,Hot-Humid,efficient,7254.3966437,795.32,805.231100122246,109.41107150363142,0.13756861578186316
107493,Mixed-Humid,average,8640.7454438,1238.21,2052.501276660035,397.1687518459299,0.3207604136987505
107494,Mixed-Humid,inefficient,6135.5655883,1952.91,2060.697125781547,903.7034597281004,0.46274711058272033
107500,Cold,average,6758.5872311,1857.95,1595.7678511819176,422.79492300886966,0.22755990366203055
107503,Hot-Humid,efficient,6205.1393663,1567.0,2085.034505857782,371.9698917946074,0.23737708474448463
107507,Cold,efficient,1990.8846157,1022.53,814.321468201643,190.0418680557337,0.18585456471275533
107509,Marine,average,5251.1171587,3229.65,2306.7121373132004,637.0353013059323,0.19724592488533813
107510,Hot-Humid,average,5367.9769401,2561.2,2661.378812804933,769.5510547226605,0.30046503776458716
107514,Cold,average,9179.0255695,1908.17,1864.903246556047,272.0815906657657,0.1425877100393391
107516,Cold,inefficient,7285.7590366,3667.45,2934.0760907565273,1059.840222540754,0.28898559558842085
107518,Very-Cold,inefficient,824.48350702,2874.5,3026.673518507693,464.9683421999516,0.16175625054790455
107522,Mixed-Humid,efficient,1374.4350045,638.6,659.9613227477441,60.258146284986466,0.09435976555744827
107523,Hot-Dry,average,9559.3695684,2134.02,2506.724498071034,397.0314834104083,0.18604862344795658
107528,Mixed-Humid,efficient,7597.7789112,1104.64,2273.451024161645,387.62319364367613,0.35090454233386087
107536,Mixed-Humid,average,5253.6749745,3316.36,3071.123638891329,440.98150443185693,0.13297154242357792
107542,Mixed-Humid,average,11009.308008,1296.7,1723.4550752061623,382.6771817004146,0.2951162039796519
107544,Cold,efficient,1788.7434916,3720.15,2657.3746077365017,689.1148889097894,0.18523846858588752
107545,Mixed-Humid,average,7989.3137895,2967.87,1985.8317617165433,682.3053685313782,0.22989732317499698
107559,Cold,inefficient,4089.8131053,2367.7,2618.556839165695,260.75576089741753,0.11013040541344661
107576,Marine,inefficient,9199.4476804,3074.04,1743.8013220258922,431.5217124462605,0.1403760889403718
107579,Very-Cold,efficient,5999.2837803,2050.8,1661.7053047328204,420.661610008771,0.20512073825276525
107584,Marine,efficient,5747.5231749,2396.45,2660.3754719235253,974.9063638565664,0.4068127287682057
107586,Mixed-Humid,efficient,6158.7687359,3141.17,2567.978560958544,1324.508738013464,0.421660953725352
107594,Cold,average,1600.4536176,3504.92,2401.907349131455,1049.6084164547015,0.2994671537309557
107596,Very-Cold,inefficient,689.87355728,4487.76,4926.604028506379,1048.7571337099002,0.23369278520016673
107602,Cold,average,10698.320419,442.28,584.7573962987353,81.96355489148917,0.1853205093865632
107603,Cold,efficient,8300.8309811,1004.24,1538.7821477628358,153.4604566728818,0.15281253153915578
107605,Cold,efficient,5745.7508902,1921.46,1532.7106406123576,486.6979701141385,0.25329591566524334
107611,Marine,inefficient,10593.082512,1086.79,1135.3951797037423,248.73182325298592,0.2288683400224385
107616,Cold,average,7192.94053,1261.54,1604.375589934847,234.17125827658634,0.1856233320200599
107622,Cold,average,4007.1537734,2663.0,2230.8749519423277,471.9628754785059,0.1772297692371408
107624,Mixed-Humid,average,7698.9829421,1810.87,2104.263267007682,284.7109598228623,0.15722330140919136
107632,Cold,efficient,6787.6773004,2118.19,1936.7396917087017,571.9206058256683,0.2700043932912856
107635,Cold,efficient,6146.4287645,1336.33,1469.1146993788902,344.44849801874716,0.25775706451157065
107638,Cold,inefficient,9014.2968362,1748.67,962.8657047018216,611.2880519080466,0.34957313381486876
107644,Marine,efficient,8578.9586752,529.43,613.8068546923699,72.10956314893728,0.1362022612034401
107646,Hot-Humid,inefficient,5343.3284151,1808.84,1565.4234795048603,636.1485824651623,0.3516886968804109
107647,Hot-Dry,efficient,15828.975581,318.29,477.3257431661975,37.555230070083525,0.11799060627127313
107654,Mixed-Humid,average,7446.3873925,2459.29,2218.384952642617,572.4596876748151,0.23277437295919354
107657,Cold,efficient,3399.0800647,840.69,945.2531920295264,125.68038590057218,0.14949670615871744
107660,Marine,efficient,8566.951885,713.86,2300.1349370097028,119.31078628034356,0.16713471308147754
107670,Mixed-Humid,average,11290.17784,1681.53,2084.276803465278,236.89810427872504,0.14088247267591125
107673,Cold,inefficient,4423.1780589,3264.09,2356.776195158789,877.392098299373,0.26880144184117866
107675,Hot-Humid,average,9523.0008308,2040.11,2127.495281642201,455.9380462437745,0.22348699150721016
107680,Hot-Dry,average,3286.0985089,1100.38,1349.0929651179526,237.08311590355788,0.2154556752245205
107699,Hot-Humid,efficient,10985.557666,496.63,646.4013716477025,104.6082287919555,0.21063614520257637
107705,Marine,inefficient,13328.111681,1344.88,971.7296449176232,616.660168388486,0.45852430580310954
107707,Cold,average,2154.1122089,2098.1,2290.674030015879,269.39432732461995,0.12839918370173964
107710,Hot-Humid,efficient,8972.180494,2307.63,2531.87946116812,552.6066007695962,0.2394693260052938
107715,Very-Cold,average,1009.3040545,1722.54,1988.8380397554663,601.7072048598418,0.3493139229625099
107720,Mixed-Humid,inefficient,8489.2754818,2141.52,1921.7645608924795,311.37573210004166,0.14539940420824538
107721,Cold,inefficient,6641.1839837,3431.57,2342.4530132630757,877.760714008981,0.25578983206199524
107725,Hot-Humid,average,9264.1843192,2500.53,2775.9049887373412,448.9906198166168,0.17955818159214917
107736,Hot-Humid,inefficient,14832.304188,2359.98,1512.192234528299,316.5384604477686,0.1341276029660288
107738,Cold,average,9275.8175828,1481.17,2102.476148385288,451.3338582097607,0.3047144204984983
107739,Cold,inefficient,3801.3531772,1870.09,1514.4425792055345,222.71308327027825,0.11909217378322876
107741,Cold,average,6350.1497899,2467.46,2160.68799942395,575.2502857789798,0.23313459418956325
107742,Mixed-Humid,average,10930.79498,1260.8,1912.75484223588,165.88371049172636,0.13157020184940227
107743,Hot-Dry,efficient,8916.3066346,1769.16,2232.7403089527456,527.8452762554045,0.29835926442797966
107747,Hot-Humid,inefficient,18361.972912,1109.59,1163.0156669569185,216.60192636963535,0.19520897481919933
107751,Cold,efficient,12795.399306,466.01,504.1392543104188,102.98147209392324,0.2209855412843571
107753,Mixed-Humid,average,6342.6749542,563.86,942.5672859168404,85.37439870410763,0.15141063154702875
107766,Hot-Dry,average,7905.7343189,1304.67,1642.177874917038,309.63583233156714,0.23732885122794817
107769,Cold,average,8156.3512475,2216.44,2722.8815893122014,921.5368129903871,0.415773408253951
107770,Cold,average,5413.0385595,1391.08,1614.9781159575562,277.4011207140253,0.19941421105473828
107778,Cold,inefficient,4689.6505745,7307.5,4211.399584128256,1437.1369404289355,0.19666601990132543
107780,Hot-Humid,efficient,9546.5334304,1513.42,2039.2679140979144,213.14772528919053,0.14083844887023464
107783,Cold,efficient,2645.3861618,1463.72,1769.097025535339,560.6742498040055,0.38304747479299694
107787,Cold,efficient,4740.1716622,1499.93,1740.6948007122526,310.62162615921056,0.20709074834106295
107789,Mixed-Humid,inefficient,4975.6820001,1929.28,1726.3558908020775,538.9192188329913,0.2793369644805271
107800,Cold,inefficient,1118.5170133,1487.64,1354.5152348913714,434.4163279508158,0.29201710625609406
107803,Marine,inefficient,6372.8101253,1715.11,1071.440271560882,167.82738319654084,0.09785225623810767
107808,Mixed-Humid,average,5285.7960995,1921.07,2124.3320812819247,247.70441667205384,0.12894085935028596
107814,Mixed-Humid,inefficient,6880.4713528,1335.39,1418.0188461559533,177.43969271957474,0.13287481014503233
107827,Hot-Humid,inefficient,9890.450575,1747.9,2205.310573214845,394.5825283267769,0.22574662642415294
107828,Very-Cold,average,705.21081909,2556.7,3750.718326138969,748.9850685376776,0.292949923157851
107838,Mixed-Humid,efficient,7395.8862981,526.0,869.9922970073903,47.09322644738761,0.08953084875929203
107844,Cold,average,9569.6950887,1821.5,1697.1117558879218,348.38346469206436,0.1912618526994589
107846,Cold,average,927.31916052,3330.28,2444.091333178459,903.2055792683967,0.2712101022341655
107849,Hot-Dry,inefficient,5303.2348491,2715.78,1798.1204218062676,344.2072817324138,0.126743433463835
107858,Hot-Dry,average,9871.3673208,1487.62,1681.120726458692,217.89954278616872,0.14647527109488226
107864,Cold,inefficient,4031.9919247,2330.33,2250.615066331705,370.4885259459169,0.15898543379946914
107865,Cold,inefficient,7386.4062528,3818.02,2435.144062552062,1003.6479600054072,0.2628713207383427
107867,Mixed-Humid,efficient,6023.1354748,1323.24,2189.680015530341,519.0936826621137,0.39228989651319013
107869,Cold,average,1998.1798987,1654.16,1569.182189653085,322.52911901562595,0.19498060587586807
107877,Cold,efficient,3785.6843464,1340.46,1943.65889068352,265.313720882154,0.19792736887497872
107878,Mixed-Humid,efficient,6465.1030608,1388.48,2588.8290698658125,322.18658401450534,0.23204265384773662
107884,Mixed-Humid,inefficient,5926.6216408,5416.99,2964.4110562393535,1091.2215294538844,0.20144425768810437
107891,Marine,average,5645.1383354,1523.23,2031.2463334145357,309.5011232632328,0.20318738684455584
107913,Cold,inefficient,7831.8130385,1812.88,1537.0959543931208,527.5470655990962,0.2909994404478488
107914,Cold,efficient,3969.3986278,583.45,935.4233505214032,37.92744812970395,0.06500548141178154
107925,Mixed-Humid,efficient,2117.5989268,1014.45,1209.1342171469803,145.2715957319619,0.1432023221765113
107927,Cold,average,5046.2784744,2179.72,3562.14294709206,728.9346584333675,0.33441664912620317
107929,Mixed-Humid,inefficient,9272.717745,1611.15,1153.3644462761836,218.56082125298025,0.13565516634266223
107931,Mixed-Humid,inefficient,14327.769501,1549.66,2104.037990337064,289.9257090798329,0.18708988363888396
107936,Cold,average,5028.6897501,1441.95,1997.9783973575975,352.1406196816913,0.24421139407170242
107937,Hot-Dry,average,10337.360221,2952.04,2014.0574464428744,375.62645033390044,0.12724300833792918
107950,Cold,efficient,5883.0816987,1729.74,2184.4109625935557,223.80491588038745,0.12938644876130947
107964,Mixed-Humid,efficient,4413.061717,1643.23,2008.07579992983,272.23292669196314,0.165669399105398
107971,Cold,efficient,5893.4234797,1474.11,1884.2794828076217,480.93350642027565,0.32625347254972537
107975,Hot-Humid,average,14549.807161,1401.23,1953.3427784203327,290.30288941895384,0.20717718677087546
107978,Cold,average,2809.5445879,3390.38,3607.516259965282,855.8144219629119,0.2524243364941133
107979,Cold,efficient,932.77310371,533.19,844.7284311365756,54.34983661028568,0.10193333822893466
107992,Cold,efficient,6099.9297286,1644.62,2238.393366848126,278.47478654105726,0.16932469904358288
108015,Hot-Humid,inefficient,7244.2262564,3178.04,1957.807404528067,399.6035666022402,0.12573899843999453
108017,Hot-Dry,inefficient,8856.4344364,940.49,727.4436078078398,121.32179470749466,0.1289984951541161
108029,Mixed-Humid,average,6128.9353667,3803.95,4080.00550958081,1231.9783326460995,0.3238681719386689
108031,Hot-Dry,average,5427.6601293,3512.44,3486.568493161115,1007.1782367113728,0.2867460331596761
108032,Cold,efficient,7918.8556462,1980.67,2213.308647390482,503.61041264628074,0.2542626548825805
108046,Cold,efficient,7150.0908111,1731.09,2128.98764670059,414.83757311137475,0.23963951794035826
108047,Hot-Humid,average,12707.985751,1888.56,2251.246804375879,333.99527193026074,0.17685181933868171
108048,Cold,average,4326.1529276,1682.53,2036.636608743916,560.9858348343774,0.3334180281090842
108049,Mixed-Humid,efficient,6057.142044,1433.28,2065.415861116853,277.7932441884001,0.19381645190639657
108063,Hot-Humid,efficient,8196.7413583,1494.53,1761.5277310666895,305.1267635149925,0.20416235439569128
108065,Mixed-Humid,inefficient,6730.7834449,4101.76,2493.336127128068,887.4914005907876,0.21636843710767759
108067,Hot-Humid,average,16884.842668,1064.58,690.3905978317872,43.413887961574325,0.0407802964188453
108075,Cold,efficient,4511.5430818,1545.49,2140.5403303947232,80.39287567696564,0.05201772620784712
108083,Mixed-Humid,inefficient,4670.9862955,3063.9,1967.038922048594,354.1274436186358,0.11558061412534215
108088,Cold,efficient,2298.095675,675.01,1325.4261059524304,165.21318356476712,0.24475664592341909
108090,Hot-Humid,efficient,9391.0570981,861.85,3262.306995772359,269.4614420124344,0.31265468702492827
108094,Hot-Dry,average,3856.4580463,2105.18,1958.811671326103,878.9002866859682,0.4174941271938591
108095,Hot-Dry,average,5158.0451299,2323.8,1999.457934406671,503.9309079734312,0.21685640243283896
108096,Cold,average,3815.9754477,1694.57,2540.8205134117857,571.8229597458196,0.33744428365061324
108097,Hot-Dry,average,3632.1132595,1366.6,1225.7853433827545,261.4580395995329,0.19132009337006656
108098,Very-Cold,efficient,852.75715613,2107.64,3157.364523633909,657.9488178217902,0.31217324487188997
108105,Mixed-Humid,average,1662.7353114,930.48,1057.6919677614349,181.99300316353757,0.19559045134074624
108106,Marine,efficient,4237.6800394,2654.43,2860.8467790349687,373.1505446160983,0.14057652475902482
108107,Hot-Humid,inefficient,16330.77785,1263.39,846.0466216582721,48.480222949676175,0.03837312544002736
108109,Hot-Humid,inefficient,1237.3025233,3314.46,2143.755169667367,619.1739,0.18680988758349776
108110,Cold,average,7665.8786757,1927.67,2208.050961683494,618.9291249942332,0.32107628639457647
108111,Mixed-Humid,average,7926.4767437,2635.3,2587.2990361385523,579.1980564893257,0.2197844862024535
108120,Hot-Humid,inefficient,18787.470364,1102.0,1164.3326716356655,128.52814185409093,0.11663170767158887
108122,Very-Cold,average,1011.1608911,2557.53,2088.462799497919,630.9468740360466,0.24670165121662171
108125,Mixed-Humid,efficient,10087.138989,749.5,686.2960593739198,119.53017364937872,0.159479884789031
108135,Cold,efficient,1927.7773072,1119.49,1979.8074858225943,223.9398644513959,0.2000373960029977
108144,Very-Cold,efficient,1163.3266788,327.94,575.9583559745543,53.63196022306032,0.1635419900684891
108149,Mixed-Humid,average,5725.2688434,2106.21,2162.621527276607,640.6131569714894,0.30415445609482883
108161,Hot-Humid,average,9622.2304434,1362.73,1433.906710834381,241.22104141605462,0.17701308506898256
108163,Cold,inefficient,4259.5401172,3772.16,2824.2672308596584,971.9875155152995,0.2576739893099178
108186,Cold,average,6812.5698937,1560.68,1753.2374806475286,463.84620007551604,0.29720775564210217
108187,Cold,inefficient,1288.3482962,1379.46,1144.5720690913208,216.52307010657853,0.15696219542906537
108197,Hot-Humid,efficient,12137.991529,909.29,1834.610611674989,173.234230119676,0.1905159301429423
108199,Cold,inefficient,9014.9506726,2335.68,1086.277658296166,367.18916554780094,0.15720867822124648
108204,Mixed-Humid,efficient,14629.268254,3762.49,3680.3295243215225,1304.1659082098076,0.3466230895523464
108212,Cold,efficient,6612.7339819,2287.07,2181.6407583463097,469.54657830165064,0.20530485656392267
108217,Mixed-Humid,inefficient,4172.3899699,3178.85,2484.0238368955233,632.1712808546918,0.1988679179120411
108223,Cold,average,6582.2638494,2528.79,1984.95397143323,511.9917850416291,0.20246512562989774
108225,Cold,average,15661.856077,1250.43,1439.474802867484,292.25187377345446,0.23372109896072107
108226,Cold,efficient,3880.2493446,298.03,417.2682085113563,36.6819869210942,0.1230815250850391
108231,Mixed-Humid,efficient,4535.9735841,1671.22,1691.594162488424,420.9267083789342,0.2518679218648258
108232,Cold,efficient,4708.3229154,1873.98,2446.940926600019,475.0269435131303,0.25348559937306175
108235,Cold,inefficient,2386.0263801,1689.06,1727.1411819699636,425.2314500674289,0.25175627275965856
108245,Hot-Dry,efficient,16514.003495,866.38,1110.2006768612996,67.94124634513463,0.07841968460160048
108253,Cold,average,8494.9801994,2205.49,2132.276263960334,636.5119545991147,0.28860341901306047
108256,Mixed-Humid,average,7810.9993874,879.69,767.6025163421048,85.36627577817728,0.09704131657535868
108261,Cold,inefficient,19643.876308,2407.82,1575.011768937646,551.2731438025291,0.22895114410650677
108263,Cold,efficient,4106.9361281,984.89,2026.4165012338335,143.5992622497301,0.14580233553973548
108264,Mixed-Dry,average,9873.8677283,1129.31,1363.163664881779,211.0150148761362,0.18685304732636407
108266,Cold,average,2471.7892039,4692.61,5432.046592848961,1031.4053838120153,0.21979354427749492
108269,Cold,inefficient,7150.3214721,1777.15,2009.5948931362009,215.54146695940932,0.12128490389635614
108270,Cold,inefficient,10547.024918,1607.41,1598.827877616559,381.023750042145,0.2370420428155511
108273,Hot-Dry,inefficient,11253.574674,1700.71,1957.576231047054,364.69714825963484,0.21443817479736982
108276,Hot-Humid,efficient,10081.892688,1937.87,2143.1698702035706,680.7657161541587,0.35129586409519664
108300,Hot-Humid,average,10659.804522,2859.15,2988.6823460587857,505.2262258421641,0.176705043751522
108303,Hot-Humid,average,11411.649195,1570.03,1507.903281865063,358.72366705050655,0.22848204623510796
108309,Mixed-Humid,inefficient,10059.415188,1978.66,2306.6877496259167,207.15752177483466,0.10469586577523912
108313,Cold,efficient,4729.8110191,4256.23,2388.3376388637193,1198.3606737797115,0.2815544915993054
108320,Cold,inefficient,10590.154491,1931.32,1993.771863568695,373.9785252246263,0.19363881968012878
108322,Cold,efficient,4297.1461636,1975.61,1783.5590421216862,563.9579498307463,0.28546016158591336
108326,Cold,efficient,6187.9998753,1233.57,1736.794510400725,340.2016873177188,0.275786284781341
108327,Hot-Dry,efficient,4478.7723276,1520.1,1921.0182476464777,285.27357146312283,0.18766763467082617
108333,Mixed-Humid,average,4288.3405881,1643.93,1964.5620578970136,252.6599222185282,0.15369262816453755
108335,Hot-Dry,average,13032.78057,1229.0,1166.085459836472,51.96149394783152,0.04227949060035111
108337,Mixed-Humid,efficient,12816.564317,334.96,895.9094676551075,39.89511906023368,0.11910412903102963
108344,Cold,average,6177.3160347,18176.89,5387.085004411541,4964.496632940535,0.2731213443521161
108347,Cold,average,6366.87508,958.2,728.183434615359,138.6748746942443,0.14472435263436056
108349,Hot-Humid,efficient,5681.0875081,1598.29,2013.6025410336808,328.5990942631325,0.2055941626758176
108350,Mixed-Humid,average,9190.5920032,1001.65,1556.959943037442,149.8486901004669,0.14960184705282975
108351,Cold,inefficient,5713.9700114,907.1,645.4377997807278,141.96046395889886,0.15649924369848842
108356,Cold,inefficient,1201.0407076,2305.85,2075.3496186259845,467.5846088038943,0.20278188468629543
108359,Mixed-Humid,average,6977.8389001,1758.87,2201.0032973699217,240.75402713468873,0.13687994401785733
108362,Mixed-Humid,efficient,10014.14751,989.57,1683.2214300866176,187.0802760535417,0.18905208934541437
108363,Mixed-Humid,inefficient,6649.0192056,3902.97,3362.3571658153105,706.5649284195789,0.18103263115514057
108367,Hot-Humid,average,13999.692607,862.86,1002.5484059529978,191.06176384488282,0.22142846330213803
108368,Marine,efficient,5620.7381081,650.6,1435.486590852011,155.27364191971188,0.238662222440381
108369,Mixed-Humid,efficient,4981.4477575,5048.5,3754.9422210957846,596.833345423659,0.1182199357083607
108372,Cold,inefficient,3482.8299587,1914.53,1593.3416504266047,368.7158818350954,0.19258819753939369
108376,Hot-Dry,efficient,4890.940889,1562.31,2050.2097414110312,412.5851728234238,0.2640866235404138
108378,Mixed-Humid,average,5337.1654169,1156.58,1373.5407782691618,457.25394351840157,0.39535003503294336
108384,Mixed-Humid,average,9997.8895542,842.2,725.895755127079,143.65085358362433,0.1705661999330614
108385,Hot-Humid,average,5953.3684777,2207.29,3155.4681551178624,273.3808331322891,0.12385360923679677
108390,Hot-Dry,efficient,4348.5046501,2609.93,2759.6679555190035,823.0565608907317,0.3153557991558133
108393,Cold,efficient,1516.6669207,2640.37,3013.9192770073255,528.2201825570867,0.2000553644213071
108395,Cold,efficient,2855.198505,1641.11,3614.788995525093,426.54357263099047,0.25991162848985777
108401,Mixed-Humid,average,9207.2060721,1066.53,828.584657708268,258.12867336142995,0.242026640939711
108407,Hot-Humid,inefficient,16928.320965,911.15,805.9053527906254,88.95156384267464,0.09762559824691286
108408,Mixed-Humid,average,7374.0992251,779.99,1476.918191128004,246.97545968808515,0.31663926420606053
108413,Marine,inefficient,9437.8566228,2237.48,1572.7482569207334,295.2968273359131,0.13197741536724936
108415,Cold,efficient,7452.4322597,1731.16,2515.4733145673526,356.1425519634463,0.20572480415643052
108419,Cold,average,5395.7995804,1964.72,1898.378659907245,323.22100336114397,0.164512502219728
108425,Cold,inefficient,1983.8761834,1878.88,1825.3531486669183,439.7378121466262,0.23404252115442506
108427,Mixed-Humid,inefficient,4527.1254391,2817.65,2384.2029840018395,489.56641112870284,0.1737499019142558
108442,Cold,average,1250.1189623,2282.15,1400.3031816858163,480.9974373293195,0.210765040566711
108445,Cold,efficient,983.65695068,2394.01,3565.5763207379873,547.059018290473,0.2285115844505549
108446,Hot-Dry,average,8207.8367396,1355.16,1113.1316632031346,146.38198211861445,0.1080182281934343
108451,Cold,efficient,10810.104513,1604.36,1528.2856250835737,547.1618248366917,0.3410467880255627
108452,Cold,average,5895.1196893,1566.86,1572.9478942679864,272.7392817945464,0.17406742261245192
108462,Mixed-Humid,efficient,3977.6118443,2778.89,2138.2693504194185,637.1379640183706,0.22927786418979182
108470,Cold,average,4844.1974836,4274.77,5331.112468077106,947.7451912365303,0.22170670965608213
108483,Mixed-Humid,inefficient,5428.5545798,2608.11,2384.3715365541934,613.7246560351788,0.2353139461277242
108488,Cold,inefficient,3949.1667492,3155.34,3078.821561518398,449.4826392713961,0.14245141229515554
108492,Mixed-Humid,average,8558.0373512,3705.36,2522.3908985307435,850.3259230545017,0.2294853733657463
108499,Mixed-Humid,average,7696.2981772,2474.24,3121.37880832752,749.0296241268326,0.30273119185157166
108500,Hot-Dry,average,4591.3507863,2655.3,2658.3194546112964,560.3464130532002,0.21102941778827258
108507,Mixed-Humid,inefficient,7048.08779,4996.05,2913.224656488987,1730.9589566891768,0.3464654990821102
108510,Cold,inefficient,7872.7355808,1622.03,1662.8114672409815,390.4506409187952,0.2407172745996037
108515,Cold,average,8344.2982265,1565.41,1512.8906248286282,353.3052034498637,0.2256949958476461
108518,Cold,inefficient,3714.8529195,676.19,579.0250758975734,77.62732168219208,0.11480104953074147
108522,Hot-Humid,inefficient,9812.3893854,1610.0,1806.874099438632,124.30713657667603,0.07720940160041989
108531,Cold,inefficient,5080.441549,1392.14,1480.2874609578585,467.56908049514504,0.33586354856203043
108533,Very-Cold,efficient,843.68365144,1208.22,1882.8974437198576,366.41247249157107,0.30326635256126455
108537,Cold,efficient,4151.9495081,2305.18,2767.438004361843,877.4550813081934,0.38064493068141897
108542,Mixed-Humid,average,6075.4392471,3136.87,2695.5426910789593,478.9576543948745,0.15268648506150223
108544,Mixed-Humid,efficient,3939.6917191,1969.87,2290.679600260162,291.22654778627316,0.14784049088836987
108553,Mixed-Humid,efficient,6195.3628101,1511.17,2413.1194844349448,505.27989355353225,0.33436336980851405
108557,Cold,inefficient,1148.5346007,1640.28,1090.1713937747118,329.23882380263154,0.2007211109094981
108558,Cold,inefficient,1513.9022347,1222.57,1417.6090467299323,166.22177206126358,0.13596094461770172
108561,Very-Cold,average,848.66148149,2347.45,2273.51150293235,581.284572987177,0.24762383564598905
108570,Cold,average,3619.6974429,3947.58,3502.972622370424,853.5763762405895,0.2162277588397422
108576,Very-Cold,efficient,758.49436702,1637.55,2132.7274086266784,346.26576788390804,0.21145355432439195
108580,Mixed-Humid,inefficient,8340.4591893,1499.63,1945.7965375247393,276.7369688298742,0.1845368316383869
108582,Hot-Humid,average,3997.841155,1367.35,1701.2607454438487,386.769683931896,0.28286077736636267
108590,Mixed-Humid,average,10771.366494,1826.94,2156.5528541536464,484.3118119526608,0.2650945361931212
108593,Hot-Dry,average,6233.7487469,1296.63,1445.8811806624922,301.5542245230764,0.23256767506773435
108596,Cold,average,4675.0568605,3392.02,3351.117242707561,716.6668459580688,0.21128025364180308
108602,Cold,inefficient,11626.124311,1807.87,1593.330259524056,615.8866518662552,0.3406697671106082
108609,Cold,efficient,3764.9028653,1133.03,1698.568475329566,227.52657213273847,0.20081248698863974
108610,Cold,efficient,6727.5463307,1209.38,1345.664250641315,315.4774363006347,0.26085881716303777
108611,Mixed-Humid,inefficient,12690.772872,3019.81,2379.155269816382,999.8042149921027,0.3310818279931859
108616,Marine,inefficient,12130.916276,2571.49,1577.8274854630174,263.7330478316515,0.10256040188048622
108617,Mixed-Humid,average,10775.127689,1435.97,1216.698223424237,85.38818351932831,0.0594637656213767
108625,Mixed-Humid,average,4422.1705408,2636.4,1628.5252379487258,436.69012501798085,0.1656387972303068
108626,Hot-Humid,efficient,8686.7443234,1387.65,1516.0424653202217,191.23468520083952,0.13781190156079667
108632,Cold,inefficient,6028.8633792,1596.46,1570.4756978755554,266.7988712005119,0.1671190453882414
108634,Very-Cold,average,754.13554993,2810.96,3466.5697273525193,434.99177420562404,0.15474847532715658
108635,Cold,average,5898.0126237,1740.99,2061.6326964014415,475.33817332922615,0.2730275149938978
108654,Mixed-Humid,efficient,8749.0892599,2055.43,2278.53468101393,332.6292571434502,0.16182952333256315
108661,Cold,average,859.41347373,3575.15,2434.705694103538,1011.6041068816323,0.2829543115342384
108663,Cold,efficient,2079.1309522,928.51,1367.4339772271371,121.18201025436682,0.1305123372439358
108668,Cold,average,4960.9638513,2759.25,1446.6749830912547,291.47024083286493,0.105633864576557
108673,Cold,average,3693.9897754,1766.19,1530.5904896974637,287.3108599341659,0.16267267957250683
108675,Hot-Dry,average,11244.536844,2032.17,2058.416789019044,608.4635548461191,0.2994156762702525
108683,Cold,inefficient,3952.7633754,4218.89,3031.7100110723363,1193.8839331578943,0.28298531916165015
108690,Cold,efficient,1536.6279543,1882.92,2160.7705350304736,677.8479524815947,0.35999827527542044
108691,Cold,inefficient,2368.7522467,4687.71,2226.5312067357113,914.2265393990009,0.19502625789543315
108707,Mixed-Humid,average,9380.9204813,1498.55,1151.9723787603948,309.8406265535929,0.2067602859788415
108714,Mixed-Humid,efficient,10830.937488,1070.15,1080.7886746452664,114.89979467162647,0.10736793409487123
108715,Cold,average,14901.475106,2129.91,1992.652975843384,1084.734209576175,0.5092864062688918
108719,Cold,efficient,5731.8235604,1439.85,2049.447208336547,248.98814507306946,0.17292644725010903
108720,Very-Cold,inefficient,746.00575627,2712.08,3075.115571863471,322.73354449581655,0.11899853414936748
108725,Hot-Humid,average,9677.3439996,2011.91,1880.0174357026883,503.5255439485746,0.2502723998332801
108727,Cold,average,6451.3559563,2875.14,3010.3002495012433,479.08303947099336,0.16662946481597188
108731,Mixed-Humid,efficient,960.43060071,629.33,1489.4310256082006,66.13595493563267,0.10508946806227681
108735,Hot-Dry,inefficient,9205.5787202,1371.74,1318.364805571587,310.4827943332509,0.2263423056360906
108739,Hot-Humid,inefficient,12145.070267,3831.05,1895.587089585813,1036.5510380715616,0.27056578172343393
108744,Mixed-Humid,average,5116.2160373,2168.53,2260.0116580681342,710.7919589818714,0.32777593991407605
108746,Mixed-Humid,average,4282.1515992,1504.05,1741.1331834425348,513.6244046418301,0.3414942353258403
108747,Cold,average,2314.2455004,2477.16,2445.7687762578344,530.0735613673144,0.21398438589647598
108749,Hot-Dry,average,5497.6203957,1894.03,2111.4966847216297,88.22664018172014,0.04658143755997537
108756,Hot-Humid,efficient,4291.9957431,1756.78,2074.325955524552,465.83320488925716,0.26516308524075705
108762,Mixed-Humid,inefficient,7972.0762532,2236.33,2074.33163622119,610.4512212759965,0.2729700989013234
108764,Very-Cold,inefficient,791.37834853,3435.46,2923.661166616689,402.8728006803851,0.1172689539917173
108767,Mixed-Dry,efficient,3666.5688626,2047.09,1821.290281494152,598.894983769504,0.29255918585382373
108769,Cold,efficient,3067.068407,1397.17,2420.3338363576972,485.18145219428044,0.34726014171094455
108772,Mixed-Humid,average,9408.1734223,1281.25,1579.535043757394,340.9285376667327,0.2660905659837914
108773,Mixed-Humid,efficient,2921.8945412,2113.1,2543.1058330560877,681.5189780139474,0.3225209303932362
108774,Mixed-Humid,efficient,4174.4748375,1800.29,2059.252322740029,677.4879029990464,0.3763215387515602
108782,Cold,inefficient,6122.1808838,1501.98,1420.6378702945856,253.6656666350309,0.1688875129063176
108783,Hot-Humid,inefficient,3186.1267853,782.72,1158.3703882290738,147.33356203765862,0.1882327806082106
108785,Cold,average,4710.1899449,1591.75,2023.8519912935844,161.72465409631337,0.101601793055639
108788,Mixed-Humid,average,6486.0272812,1689.52,2824.1256045166156,445.7109082185999,0.26380919327300056
108791,Cold,average,12637.454442,1054.39,1569.9579001065963,239.25980109761088,0.2269177449497917
108795,Hot-Dry,average,2408.066004,1723.0,1685.6355016292555,420.5238179941986,0.24406489726883263
108805,Cold,average,7818.8477883,2289.07,2149.795635172336,615.8179504960952,0.2690253904407009
108807,Cold,efficient,4358.0978645,1659.53,2212.567641599484,349.77422363361404,0.2107670386396233
108809,Mixed-Humid,inefficient,3638.2777563,1430.57,1428.9907386585355,306.15447055010213,0.21400873117016445
108810,Hot-Humid,efficient,1456.7248577,313.48,1756.4389807364034,138.85157337136235,0.44293598753146085
108814,Hot-Dry,average,14670.611145,884.6,875.530776734306,126.39662970579624,0.1428856315914495
108822,Cold,average,1937.5598319,1582.15,2243.518496508557,224.82487511774474,0.1421008596642194
108827,Cold,average,9944.4341048,676.28,334.4296006844549,112.72955851346907,0.1666906584749942
108839,Cold,average,10380.429662,1870.89,1714.650552716588,388.8248872413288,0.20782883399950225
108842,Cold,inefficient,6663.8948812,1107.44,1058.254624365956,141.6062590564211,0.12786810938418433
108845,Hot-Dry,inefficient,15142.633424,1469.26,1604.1319666809825,299.65479078924943,0.2039494648933813
108855,Cold,inefficient,2504.8402928,4051.54,2821.872290083904,741.7996397268846,0.1830907851648718
108859,Hot-Humid,inefficient,11078.690708,1377.37,1301.2845106933175,339.7590995980886,0.2466723535419594
108864,Mixed-Humid,average,8439.6619125,1022.66,867.5380463593614,112.30480346223197,0.10981636463950088
108875,Mixed-Humid,inefficient,6063.1700292,4570.86,2342.4989772942577,947.5599977615038,0.2073045330116223
108876,Cold,average,6330.3502552,1752.58,1779.7967980639403,748.8387588343453,0.4272779324392298
108884,Cold,inefficient,6457.3886124,1899.35,1265.494141451942,594.4074570314672,0.31295309291677004
108889,Cold,average,7283.7632228,1311.0,1923.9223155897937,235.99652863998827,0.18001260765826718
108892,Cold,efficient,2009.2596815,1420.78,2159.2691437296157,437.5189525023999,0.30794278671039843
108894,Cold,efficient,4151.9495081,2337.62,2809.17117354309,518.5593576825386,0.22183218730270043
108908,Hot-Dry,efficient,13322.365841,777.27,993.0280443701188,76.76682668855244,0.09876468497247089
108909,Mixed-Humid,inefficient,3866.5426492,2102.12,2062.071988643303,378.7716629238902,0.18018555692533736
108913,Mixed-Humid,average,8783.0448504,1469.79,1456.5645656995382,376.2651631968801,0.2559992673762103
108916,Hot-Humid,inefficient,18842.571943,1361.81,1831.3406772877377,252.77951677891204,0.1856202530300938
108918,Cold,average,2392.0543827,2508.43,3282.895528724577,513.2851036526647,0.20462404916727384
108936,Mixed-Humid,efficient,9319.1535102,900.19,1001.682495598167,122.56489460158149,0.13615447250200677
108937,Hot-Humid,efficient,18949.050915,1060.94,1251.2251953432035,289.51638801002673,0.2728866740909257
108938,Cold,inefficient,8467.2880819,2006.78,1422.544373607241,529.5046724049591,0.2638578580636438
108943,Hot-Humid,inefficient,6907.9879682,2374.76,1935.5518758240896,312.06752151998387,0.13141013050581274
108951,Cold,inefficient,6986.4107698,2286.22,1631.7132225408325,446.732318058984,0.19540215642369677
108952,Cold,efficient,6683.7370377,834.42,3096.700102445402,339.2408374282941,0.40655885217072235
108955,Cold,inefficient,8041.9824656,1503.66,1637.9066530487223,241.26847645434654,0.16045414286098356
108960,Mixed-Humid,average,7191.3826208,1366.99,1553.792392367089,401.02817145409267,0.2933658413405311
108967,Hot-Dry,efficient,4148.9148166,1559.78,1782.4479061521974,316.91844645096575,0.2031815040909396
108976,Mixed-Humid,efficient,2940.6265387,1547.53,1791.1546411994002,520.9874211725307,0.3366573967370783
108978,Cold,inefficient,2559.0487017,1836.92,2808.457101089758,322.0313317417566,0.17531048262404275
108980,Cold,inefficient,1109.3902066,2711.48,2384.344731749744,660.1202510261645,0.24345385214944035
108988,Hot-Dry,efficient,8043.8662151,1156.78,2250.0358136704153,183.30992058873775,0.15846567246039675
108989,Marine,average,6127.1035627,2239.1,1983.6517007188809,386.98020046712304,0.17282845807115496
109000,Cold,efficient,4924.3461979,3023.25,4295.405465744702,1048.9081741209807,0.3469472171077419
109003,Mixed-Humid,efficient,5116.3519038,1753.49,2168.079714951666,503.47826966719776,0.2871292506185936
109006,Marine,inefficient,3288.8333255,1628.09,1196.6029989392264,177.84925814192627,0.10923797710318611
109019,Hot-Humid,efficient,12837.606271,956.03,877.687974952457,136.70301101704774,0.14299029425546034
109028,Cold,average,7713.3993649,569.88,1046.842980241035,91.48312527242312,0.16053050690044066
109032,Cold,inefficient,1975.6403818,2318.17,836.3781148659193,463.03594632243903,0.199742014745441
109037,Hot-Humid,average,6321.2023828,712.4,1036.2075230382009,168.8329507971173,0.23699178944008603
109040,Marine,average,5105.2360167,1352.35,1748.9292585901223,192.1712758475605,0.1421017309480242
109041,Mixed-Humid,average,10409.466521,1176.54,1234.10343048102,320.64207542297066,0.27252968485811846
109045,Cold,inefficient,9036.811432,1404.37,1384.145046409723,252.17071709218234,0.17956145253187006
109052,Mixed-Humid,average,4718.0277021,3262.55,2579.538096961991,1242.6702323141687,0.3808892529813087
109054,Mixed-Humid,inefficient,10561.403606,1782.0,2344.6091001654613,448.8548647162916,0.2518826401325991
109056,Mixed-Humid,inefficient,12181.902558,3171.94,1937.7816539428193,1172.8540562530313,0.36975921872829604
109059,Hot-Humid,inefficient,11121.385231,2037.81,1237.8975433163007,222.75937303554514,0.10931312194735777
109060,Hot-Humid,efficient,6487.0270601,1798.29,2122.9232021929774,257.5836386579134,0.1432380976694045
109063,Cold,average,4097.5556378,2149.39,2084.04437233737,217.21166468319404,0.10105735333429208
109065,Mixed-Humid,average,5136.3520263,1865.08,2006.0711033086127,301.20556159727676,0.16149739507006497
109072,Cold,average,4086.4045311,2590.05,3400.7990967715964,428.8670047085036,0.16558251952993322
109073,Cold,inefficient,3826.5460201,2247.14,1341.8748807155653,367.51107377862076,0.16354614032887171
109081,Mixed-Humid,inefficient,11095.668946,1573.55,1786.9972665180924,187.76141825381058,0.11932345222828038
109082,Cold,efficient,2153.2740012,1082.12,1279.0698319139758,195.4884426574706,0.18065320173129656
109094,Marine,inefficient,7067.2868159,1231.24,1311.853474316017,195.3608923307719,0.15867003373085012
109099,Mixed-Humid,efficient,7551.9739163,2647.85,2604.8518100619026,599.9675008497312,0.22658666497336755
109102,Mixed-Humid,inefficient,5561.5618475,1450.51,1423.0293432285494,417.3349045906295,0.28771597892508805
109108,Cold,efficient,6901.2401788,1151.31,1559.4825719180133,291.42788910845377,0.2531272108367458
109112,Cold,inefficient,6532.1782518,1468.94,1641.0955531392583,204.78490321108563,0.1394099848946081
109114,Cold,efficient,2595.1930023,1647.1,3071.906515333688,615.605246252555,0.37375098430730075
109117,Hot-Dry,inefficient,15687.45258,1350.46,1345.112641135115,254.8813607465122,0.18873669767820758
109123,Cold,efficient,2997.2657372,460.89,573.0956024145298,74.50065011927447,0.16164518674580589
109126,Mixed-Humid,average,1443.8159963,897.35,1078.2927797651607,255.43769583392444,0.2846578211778285
109135,Mixed-Humid,inefficient,9540.9401769,1894.93,948.5492709231258,301.85155661877855,0.15929430460163624
109139,Hot-Humid,inefficient,9789.2071646,1384.36,1245.0598428197063,242.81415510683044,0.17539812989889222
109142,Hot-Dry,inefficient,4658.8723989,2418.62,2049.4271425774223,388.2029715161848,0.16050597924278506
109143,Cold,efficient,2370.7684711,1108.77,1932.7398235131232,191.34820018139277,0.1725769999020471
109147,Very-Cold,inefficient,788.3821418,3495.23,2319.560259872298,673.4063115312906,0.19266437731745567
109156,Mixed-Humid,inefficient,5392.5095322,3462.97,3277.534719164995,638.723054543793,0.18444371581151237
109165,Hot-Dry,inefficient,15231.02943,1666.03,2143.1057624619566,380.35544311412974,0.22830047665055836
109166,Cold,average,5618.6922796,2245.24,2041.020050747533,480.39735586344335,0.2139625856761163
109177,Cold,inefficient,4313.3067114,1832.12,2578.4071619416277,128.22541895550222,0.0699874565833582
109179,Marine,average,6854.6848857,1443.51,1981.3848075657045,240.40412328848862,0.16654136326626667
109184,Cold,inefficient,1852.9952404,4076.0,2431.300303899235,1041.0771193438945,0.25541636882823715
109187,Very-Cold,average,858.05138476,5309.51,3439.553189302825,1202.3412882758716,0.22645051770801292
109199,Cold,inefficient,7498.5326299,3028.72,2076.5755023772044,982.3734629906903,0.3243526846293782
109200,Hot-Humid,inefficient,9659.3121302,2012.1,1323.50416040304,241.02886469140267,0.11978970463267366
109210,Mixed-Humid,efficient,5996.503657,1614.72,1942.9373754285396,477.86061730973483,0.29594023565059874
109215,Cold,efficient,8605.2394719,2509.99,2884.277209667207,483.3566400200246,0.192573133765483
109220,Mixed-Humid,average,6943.7535101,2410.25,2930.422095772285,633.1773029093497,0.26270192009515597
109224,Mixed-Humid,efficient,7343.9897836,1265.62,2251.6467573624827,293.5133775773377,0.23191272070395355
109225,Mixed-Humid,efficient,8726.3839109,1413.94,1539.3741577430833,233.14785260997758,0.1648923240094895
109227,Very-Cold,inefficient,756.9913202,3679.82,4208.793677110867,665.4073784654703,0.18082606716238028
109232,Mixed-Humid,efficient,3702.5946143,1157.41,1539.1159909843295,276.4411149121812,0.2388445882722468
109239,Mixed-Humid,average,7177.366664,2780.55,2406.139334615277,805.1739967704455,0.28957364434030874
109245,Hot-Humid,average,7135.4250062,1167.95,1381.1160570907984,115.44410425110861,0.0988433616602668
109246,Cold,inefficient,6287.7179652,2660.05,3087.994490787628,375.94088539214397,0.14132850337104338
109247,Mixed-Humid,efficient,2764.2635108,2548.11,2297.204221180351,760.7037704193574,0.2985364722948999
109248,Mixed-Humid,efficient,7716.4168099,730.29,1040.427356782943,181.72844002799604,0.24884421261142292
109251,Mixed-Humid,efficient,9605.0502763,1011.27,1015.2624376319524,197.77418146323367,0.1955701063645057
109253,Cold,efficient,4404.5061179,1087.54,1668.2091814167643,285.1410114917665,0.26218898752392233
109258,Cold,average,6190.5098312,1398.6,1171.034830754567,216.7545538060993,0.15497966095102195
109268,Mixed-Humid,average,3899.9201745,1234.09,1161.1416671160302,136.73917745964206,0.11080162505136747
109286,Cold,inefficient,5521.7722639,4817.88,3403.2072528750473,1545.2599053583149,0.3207344112676768
109287,Mixed-Humid,inefficient,8642.5016461,3376.71,2089.882483856545,287.3785555995741,0.08510608124463578
109289,Hot-Dry,efficient,3991.8803863,1656.41,1891.501493671478,532.5340906064839,0.3214989589573136
109290,Mixed-Humid,inefficient,11200.730443,2762.38,2238.489003017446,673.1144233346445,0.2436719145572457
109300,Cold,efficient,3370.270826,2164.64,4541.944829220128,395.5401693751657,0.18272792213724487
109302,Hot-Humid,average,11090.621681,1351.84,1319.2652815855524,682.3511754275917,0.5047573495588173
109306,Cold,inefficient,18125.565979,1565.74,1239.3187208756906,611.6437362776458,0.3906419560576122
109308,Cold,average,12046.454461,707.21,890.5716162018564,73.57517688356609,0.1040358265346447
109310,Hot-Humid,efficient,13430.156489,1069.06,1033.6421331188692,298.93906242562616,0.2796279557982023
109319,Cold,inefficient,6061.5295029,2291.01,1979.997601446027,1074.1036342552552,0.46883410995816477
109322,Hot-Humid,average,13949.46566,1819.75,1704.4094283927775,527.737802719914,0.29000566161281166
109328,Cold,average,7099.0037202,1185.12,1617.5820529113632,239.99116691487674,0.20250368478709055
109331,Cold,inefficient,3751.5659476,3557.39,3330.3908993265404,760.115202915634,0.21367215934031242
109334,Cold,efficient,7890.2194711,557.43,1642.421652034428,101.89963088685465,0.18280255975970913
109335,Mixed-Humid,efficient,6172.267916,2364.03,3280.322448535264,247.8722423775999,0.10485156380316657
109337,Hot-Dry,efficient,10327.859782,760.67,2071.167543859042,70.68610933724742,0.09292611689332748
109342,Cold,inefficient,4019.6988265,1378.91,1400.348942315699,315.7023294260334,0.22895064175764435
109344,Cold,efficient,5098.78607,1759.77,2054.4170410876595,340.24670571070175,0.19334725885240783
109346,Mixed-Humid,inefficient,6096.9984782,1993.82,1934.4226988655737,768.6784583420844,0.38553051847312414
109352,Cold,inefficient,7899.89479,1461.73,1651.8107200234513,235.49738859478194,0.1611086784801447
109357,Cold,inefficient,4828.2784825,2993.08,2259.5536100764884,510.85821511879624,0.17067977304943277
109361,Hot-Humid,efficient,13091.754062,1736.93,2069.567367766754,359.91018062262003,0.2072105269772645
109372,Cold,inefficient,1169.4195792,2186.56,1918.4034277968317,195.88536600060152,0.08958609230965604
109374,Mixed-Humid,efficient,4598.17108,1517.62,2241.343556255817,316.78941004427224,0.20874092990621648
109376,Mixed-Humid,average,11095.668946,1266.36,1703.5568728596495,182.0817245342867,0.14378354064743573
109386,Cold,inefficient,6248.1942797,7467.54,5139.121303569286,2563.9725701694288,0.34334902393149935
109393,Cold,average,2701.9384768,3156.55,3637.55507635867,538.6179481421773,0.17063501232110287
109396,Cold,average,7448.3409857,1685.8,1675.1516407736135,523.2905350728693,0.31041080500229523
109397,Mixed-Humid,average,6720.516709,2765.58,2889.3647954373887,837.6011349945857,0.30286635533760936
109399,Cold,efficient,3322.8784853,1148.27,2035.8388701285164,116.58655299386682,0.10153235127092654
109406,Hot-Dry,inefficient,12197.801071,3095.34,2586.9704622488457,768.1986234205222,0.24817907674779577
109408,Cold,efficient,2047.8640516,1344.04,1866.9931113242592,303.70493057163645,0.22596420535968903
109410,Mixed-Humid,inefficient,9139.5281004,637.53,1301.4740365652617,81.5784401819776,0.12796015902306968
109417,Cold,inefficient,13500.344614,2931.41,2796.8312202437573,709.9676862244958,0.2421932401897025
109423,Hot-Dry,inefficient,6570.4833843,1974.68,2283.5089494074055,341.7978704043412,0.17309025786676382
109441,Mixed-Humid,average,8063.9404981,2029.61,2048.421043539395,205.24063633158565,0.10112318934750304
109443,Mixed-Humid,inefficient,3805.3230861,998.86,1439.4851335807737,328.29115185849014,0.32866583090572266
109450,Hot-Dry,average,4671.54593,1431.0,1575.3583161321044,344.0510568368989,0.2404270138622634
109455,Hot-Humid,average,2133.4616516,792.34,689.3403988459077,70.45436192580416,0.08891935523361709
109458,Cold,efficient,2096.2354686,404.43,735.8857719854659,52.41950301392224,0.1296132903442431
109463,Cold,efficient,5992.3264461,1833.07,1711.6405024304074,311.06984152226534,0.16969883393556456
109466,Mixed-Humid,efficient,4277.0056937,1498.77,1869.5438930755731,384.53705067290457,0.2565684198862431
109470,Mixed-Humid,efficient,3641.5273639,2792.96,2962.9135601057415,903.4217927124839,0.32346392097004034
109479,Marine,efficient,5118.40719,1310.1,1470.5611076280625,205.98062563808503,0.15722511689037863
109492,Mixed-Humid,inefficient,7752.9093111,2848.48,2026.7811572537323,825.341808091519,0.28974814922046815
109500,Hot-Dry,inefficient,9224.6082962,1548.84,1513.9497188745163,164.81224577075807,0.10641011710102921
109502,Hot-Humid,average,7690.9028517,2177.17,2369.5128221371274,489.975829443202,0.2250517090733392
109506,Marine,efficient,8848.2383821,1218.06,1651.4024957485285,142.4992488407637,0.11698869418646347
109507,Mixed-Humid,efficient,1476.1288884,1380.0,1266.513960329671,688.0425960265101,0.498581591323558
109508,Cold,average,5898.997992,1177.48,990.7877412387762,125.29417882612323,0.1064087532918803
109512,Cold,inefficient,1813.2556595,1870.13,1719.2051486805465,428.59238463505164,0.2291778564244473
109521,Mixed-Humid,average,11586.461876,1713.35,1853.7495901927389,424.57904590102055,0.24780637108648004
109525,Mixed-Humid,inefficient,2788.6168615,2708.12,2145.10615442982,472.040613613699,0.1743056487946247
109527,Hot-Dry,efficient,8160.8477661,1462.27,1857.0692699277265,218.48371815637307,0.14941407411515867
109528,Cold,efficient,5707.094314,1300.31,1984.220381391534,373.8988016248084,0.28754589415201637
109531,Mixed-Humid,average,5656.6398599,2240.13,2808.9628958299004,432.2658609328594,0.1929646319333518
109535,Mixed-Dry,average,3905.2871907,1763.09,1257.5142944346069,335.8319791891406,0.19047920366466864
109543,Hot-Dry,efficient,10805.859057,810.3,2007.263807405803,198.24827164208372,0.2446603377046572
109544,Mixed-Humid,inefficient,10137.546659,4842.21,2055.478392904964,1314.599991621613,0.271487604135635
109563,Hot-Humid,average,10477.534404,2400.3,1986.68941991941,696.5313961385476,0.2901851419149888
109566,Marine,efficient,7772.8368944,1123.08,3065.0578609178715,343.6942048045149,0.3060282480362173
109567,Hot-Dry,average,4182.548179,2711.34,2405.2380262459124,518.6265858292553,0.19128054239942438
109571,Mixed-Humid,average,12159.447044,1407.17,2331.4473580304725,213.8101624379615,0.15194337744406256
109578,Mixed-Humid,inefficient,6545.5532918,3482.72,2358.460689810294,387.6554891693624,0.11130825595206115
109583,Mixed-Humid,inefficient,10980.269859,1532.31,1397.2558480287455,569.1170842228238,0.3714111923976374
109586,Hot-Dry,average,8356.9676476,797.93,895.7768555337036,158.97300657296293,0.19923177042217105
109589,Mixed-Humid,average,7676.2841424,2296.81,2931.33472257315,303.32299570980155,0.13206272861481863
109599,Cold,average,3297.7049348,2623.0,3320.386900726151,394.86466496272044,0.1505393309045827
109609,Cold,inefficient,8670.7944829,970.7,1221.469328921357,108.51921467342422,0.11179480238325354
109611,Cold,inefficient,1379.7031302,4407.97,2812.5991346053465,1130.4634532004977,0.2564589716355823
109612,Mixed-Humid,efficient,5065.764434,1226.75,1463.647411517376,105.48807791370939,0.0859898739871281
109614,Mixed-Humid,efficient,5860.6342503,1398.92,1831.2944608347943,307.1806388359453,0.21958413550163358
109615,Cold,average,3463.6930195,1656.76,776.430204466932,308.69165186435356,0.18632249201112627
109618,Very-Cold,efficient,526.09596137,1362.26,1437.1541675998608,490.7174288295346,0.3602230329228889
109633,Cold,efficient,6653.5663881,2284.66,2087.884843518174,422.33017604388664,0.184854716257074
109638,Very-Cold,inefficient,837.56643891,4618.14,2891.952263167079,869.9512020602017,0.1883769660643033
109639,Hot-Humid,inefficient,5339.5094803,1836.45,960.7145216646416,414.0999756463639,0.22548938203945867
109644,Hot-Humid,efficient,5101.9834705,2754.49,2096.4502599891125,590.2908588999185,0.21430132579893865
109645,Mixed-Humid,inefficient,5597.1327432,3797.14,2763.424794206257,1341.1957956871202,0.35321210060390723
109647,Mixed-Humid,efficient,12495.373713,2159.97,1624.141094937295,498.4007853597834,0.23074430911530414
109648,Mixed-Dry,average,4857.7980001,1962.57,1481.9372669134118,425.86420735091644,0.21699313010538043
109652,Cold,average,964.84058706,1869.98,2240.163197741177,632.7476750415465,0.33837135960895115
109660,Hot-Humid,average,13124.815481,812.23,744.9333352287542,166.01621935603347,0.2043955768144903
109681,Cold,inefficient,16006.640453,1677.48,1578.6698762903866,120.2565784325995,0.07168882993096758
109682,Cold,efficient,1925.5993249,1808.81,1939.5533651562032,339.1881387577092,0.18752004840625008
109690,Cold,inefficient,7279.3058688,2233.57,1672.6169414564883,493.1644766758008,0.22079651708959236
109691,Hot-Humid,inefficient,12653.823876,1395.38,1369.6281093901978,270.9321482296939,0.1941637032419082
109713,Mixed-Humid,inefficient,9996.1337426,4394.11,1995.8451672949525,663.2962839585839,0.1509512242430399
109721,Cold,efficient,2267.3239022,1442.38,1457.342306001824,161.45003984821625,0.11193308271621642
109737,Cold,average,2149.1843023,1706.3,3144.5957345377433,180.2261410770205,0.10562394718221912
109738,Mixed-Humid,inefficient,9653.9374417,1802.39,2099.2499873802726,233.94924048354252,0.12979945543613897
109764,Mixed-Humid,inefficient,7942.0443119,1662.71,1484.50138168646,502.71489353535503,0.3023467072041156
109765,Mixed-Humid,average,7999.9588387,2509.51,1880.7562504943596,506.35319500567624,0.2017737307305714
109774,Mixed-Humid,inefficient,4560.014115,2041.71,1528.2790756808504,395.80503316514597,0.19385957514296642
109783,Marine,efficient,4761.7369973,1373.25,1755.9012884948074,285.93490037455604,0.2082176591112733
109784,Mixed-Humid,average,10522.15015,1759.29,1729.02310206448,358.6766820375461,0.20387581469657992
109786,Cold,average,5159.9519379,467.17,590.9720604532149,85.59224555004498,0.18321434499228328
109787,Mixed-Dry,efficient,10403.094778,1140.31,1530.1500832422462,143.9352893714841,0.12622470150352458
109792,Hot-Humid,average,1088.4984492,1521.0,1529.4054953864777,401.57957100262024,0.2640233865894939
109793,Cold,efficient,5384.3726043,1841.56,1217.4516034323228,320.20027057073355,0.17387447086748928
109806,Cold,inefficient,1068.9902377,5181.06,3831.01656819485,552.5173947080712,0.10664176726539958
109809,Hot-Dry,average,7571.8164114,2046.11,2043.7334807530833,572.0219048306687,0.27956556823957107
109848,Cold,average,3315.8416496,1949.88,2128.6693679956725,383.1737623751133,0.19651145833339143
109850,Mixed-Humid,average,4868.4557632,1088.14,1036.5626235024097,255.01707976684418,0.2343605416277723
109852,Hot-Humid,average,11224.201923,1376.11,1523.009519705958,321.7710630833668,0.23382655680386513
109858,Mixed-Humid,inefficient,6465.6540789,1986.55,1982.621700572776,942.3990833348957,0.4743898131609553
109890,Cold,inefficient,1501.572901,1282.1,1668.6510523264158,285.8611993122724,0.22296326285958382
109892,Cold,inefficient,8735.9427276,4901.43,2061.573290051371,468.6362009907814,0.09561213788440952
109900,Hot-Humid,efficient,11707.552399,1291.07,1932.413204425006,249.50735346710132,0.1932562552511493
109902,Mixed-Humid,efficient,1190.4002186,1466.41,2600.034608027063,305.60582829057614,0.20840408091227974
109906,Cold,inefficient,9760.7029331,2545.01,2590.82291584958,638.0871551577527,0.2507208832805186
109915,Hot-Humid,efficient,10462.240753,1206.57,2305.63336183985,289.1686984599163,0.23966176720780089
109919,Cold,inefficient,2225.9241579,1408.9,1141.19995956351,372.6014027972257,0.26446263240629264
109926,Very-Cold,average,953.76054555,3112.17,2869.9323937578265,808.7369089592369,0.25986270318113625
109930,Hot-Humid,average,12313.937142,1610.04,1309.8475298137853,537.5885443325265,0.33389763256349314
109933,Cold,inefficient,3563.7193653,2001.63,1592.0362471727929,428.0643657455249,0.21385788869347727
109938,Hot-Humid,inefficient,7956.915084,2305.45,2301.8277983915373,626.8360894782819,0.2718931616293053
109939,Mixed-Humid,efficient,6465.6540789,1994.4,2115.9803081157133,916.3025012785606,0.4594376761324511
109952,Mixed-Humid,efficient,7506.1035206,1384.53,1823.5712910374773,209.04524740599717,0.15098643395664751
109957,Cold,inefficient,1023.8608406,3267.54,2232.0038703104483,1281.6560544516417,0.3922388262887805
109959,Cold,average,9611.1595749,1442.88,1282.66877859104,228.62692171354144,0.15845179205030316
109960,Cold,efficient,4382.5062706,2014.16,3348.8114371745633,1015.1221544866177,0.5039928081615253
109962,Cold,average,4048.0085253,1421.64,2320.068350627749,192.86620077105673,0.1356645851066773
109965,Cold,inefficient,7518.8510855,836.11,805.5777278677035,63.97939757097843,0.07652031140756411
109968,Cold,inefficient,7985.5219985,1696.53,1311.2904606053237,217.7726218709763,0.12836355494507984
109975,Cold,inefficient,3846.2706201,2014.06,2207.515881640457,661.2686691330911,0.32832620137090807
109977,Mixed-Humid,average,6803.5686998,2162.15,2036.894926007254,576.1661826279707,0.26647835840620243
109988,Mixed-Humid,efficient,1034.9713971,1801.83,2079.9957621324825,399.20029068344064,0.221552694029648
109996,Cold,average,4924.1799699,2116.47,2709.471135674986,561.9978291770484,0.2655354572363645
110000,Cold,efficient,5011.5049698,2764.39,4041.9902256733735,808.9099171129046,0.2926178712529363
110001,Mixed-Humid,inefficient,11376.961257,1761.75,1606.5846613780116,144.42869646907502,0.0819802449093657
110008,Hot-Dry,inefficient,4876.1689433,1393.29,1120.3902437108206,408.8296710480936,0.2934275499343953
110013,Cold,inefficient,9936.0823452,3457.21,2375.7160693772425,1264.787188158923,0.3658404285996289
110014,Mixed-Humid,average,4567.9096567,4794.61,3377.7814548319807,1531.5961033213998,0.31944122740356357
110017,Cold,inefficient,6875.1846249,2062.46,1365.7720848426634,660.4204625139392,0.32021007074752444
110024,Mixed-Humid,efficient,5027.8939131,1640.75,2018.087561084698,315.16033309812576,0.19208309193851944
110027,Mixed-Humid,inefficient,6695.3631949,2661.84,2334.1392425822123,729.5158486480818,0.27406449998800897
110032,Mixed-Humid,efficient,1898.5409114,1003.11,1658.614713999806,193.69747467196822,0.1930969431786825
110033,Hot-Dry,efficient,15817.109513,905.59,1207.7474082769097,56.84034257013496,0.06276608903602619
110048,Cold,average,6340.30925,2463.86,2932.9599100909413,536.2071702986137,0.21762891166649637
110067,Cold,efficient,12108.041214,870.25,2112.0686969059343,89.18022000623645,0.10247655272190342
110069,Mixed-Humid,inefficient,6701.4073956,2213.11,2019.509675091641,297.7643904221858,0.13454568025185634
110073,Mixed-Humid,average,5961.8578698,680.28,984.6044156819216,160.83438606324862,0.23642380499683752
110074,Mixed-Humid,inefficient,10037.561513,2309.15,2208.3866804563704,326.4253187014341,0.14136167797736574
110079,Mixed-Humid,efficient,4936.0178287,1948.66,2279.697714037448,585.0407841371202,0.3002272249325794
110082,Mixed-Humid,efficient,5886.8300703,2164.25,1850.692754667847,547.073275657395,0.25277730190938896
110096,Cold,efficient,6958.4897438,2813.09,2634.2032373711986,704.0213776679038,0.2502662117699412
110103,Mixed-Humid,efficient,5849.9507552,1765.89,2196.650030393143,573.783019098081,0.3249256856871498
110107,Mixed-Humid,inefficient,2709.9228596,1093.73,1378.284531426262,50.729766563221105,0.04638234899218372
110112,Marine,efficient,8616.2653688,152.78,539.8175650261564,5.555691475431519,0.036363997090139544
110114,Hot-Humid,average,7092.1817,4030.7,3304.877951323634,1316.4311386426689,0.32660112105655814
110119,Hot-Humid,efficient,10692.620099,720.7,1009.1028894780198,124.44994756722318,0.17267926677844203
110121,Cold,average,5486.6342801,1232.74,993.9536380422232,168.0044688087521,0.13628540390410962
110123,Hot-Humid,efficient,1273.5005535,1718.8,3206.5245289890736,330.75245380641115,0.19243219327810748
110124,Cold,efficient,5807.7200399,2352.66,1906.8978157862111,406.11248035661845,0.17261843205419333
110127,Marine,average,11298.782687,1036.27,1296.7427440389029,198.48070622153824,0.19153377616020753
110131,Mixed-Humid,efficient,5446.5542821,2461.03,3013.898198783432,900.6016490560376,0.3659450104452353
110132,Hot-Humid,efficient,9406.815836,1562.76,1906.526067551541,438.1080789317995,0.28034252152077066
110138,Mixed-Humid,efficient,3913.8666778,2549.54,2652.938812515236,305.6914985402241,0.11990064817191497
110143,Hot-Dry,inefficient,12717.974769,1600.9,1200.1412059639283,153.14843637506442,0.09566396175592755
110144,Mixed-Humid,inefficient,7833.1242103,1272.38,1335.4264892251886,134.0326709167415,0.10534012709783358
110146,Cold,average,14302.669906,2960.25,2410.011983757683,486.90387136234546,0.16448065918836094
110147,Mixed-Humid,efficient,5236.1065707,2486.51,2642.269541854889,190.26477091258627,0.0765188038305039
110152,Mixed-Humid,efficient,10245.845804,1122.18,1451.8472321393,208.02364359584084,0.18537457769327634
110153,Cold,efficient,2647.2935514,1159.2,1377.1705725241848,220.6225227328393,0.19032308724365016
110155,Mixed-Humid,efficient,11150.892512,910.51,1543.3541730408642,154.00071672187332,0.16913676590248686
110156,Mixed-Humid,average,5201.5301628,1782.22,1891.441699825598,493.7509787280038,0.2770426651748964
110161,Cold,average,2744.9180256,4092.55,3946.038173816148,670.5308425323041,0.16384182051100268
110164,Cold,efficient,5492.3992304,2516.68,3280.6231080358143,649.8574411814722,0.2582201317535293
110169,Cold,average,1023.8608406,1756.5,1672.684486405412,372.1859875635421,0.21189068463623234
110188,Mixed-Humid,efficient,6774.3585808,1489.83,1947.984796829007,342.37085524730577,0.22980531687998348
110190,Marine,average,13895.586075,772.98,867.796505706639,111.7871568519225,0.1446184336618315
110191,Hot-Dry,inefficient,3533.7728599,2995.4,2771.375336998879,770.2268222045986,0.25713655011170417
110197,Cold,inefficient,7120.4831896,2240.73,2273.790794245974,417.5275744815906,0.1863355131950706
110199,Very-Cold,inefficient,985.18223433,4029.23,3393.0607458406444,927.8523499583964,0.2302803140943546
110201,Hot-Humid,efficient,15975.140629,369.83,821.4206174019026,104.47058811696516,0.28248273021919573
110202,Cold,average,13855.027803,3463.87,2630.39394071708,889.999826707739,0.2569379990322209
110206,Hot-Humid,inefficient,12085.21223,1188.08,1091.7118643897184,339.6652527151141,0.28589426024772246
110208,Cold,efficient,5839.5739979,1822.36,1801.162214210612,226.0291354798327,0.12403100127298267
110209,Hot-Dry,efficient,8043.8662151,1814.25,2809.942671568581,313.33278880467554,0.17270651167406673
110214,Hot-Humid,inefficient,10527.820866,1253.49,1566.5242476401052,118.56448808856787,0.09458750216481014
110218,Hot-Humid,efficient,4848.3804538,1027.67,1870.8243474607368,185.10119842927574,0.1801173513182984
110220,Mixed-Humid,average,6416.7780308,1458.61,1977.988003057988,420.15964941632194,0.28805482576996044
110224,Mixed-Humid,efficient,6180.7668084,1937.67,2388.677237571139,261.1620534033919,0.1347814918966552
110226,Cold,average,5404.7481994,4757.13,5393.220149759584,777.2492110506087,0.1633861616248891
110235,Mixed-Humid,average,4227.411971,1436.5,1367.6304175757855,280.30353069197963,0.19512950274415566
110236,Hot-Humid,average,8511.5063346,2919.8,2244.930291395746,1043.8715613048253,0.3575147480323396
110239,Cold,inefficient,11483.224381,1605.11,1673.0624418205891,210.6703203359692,0.13124977125304135
110246,Cold,inefficient,8363.6043928,1852.1,1842.729668985652,185.94913464145802,0.10039907922977054
110247,Hot-Humid,efficient,4717.8140054,2263.17,2101.2671306367947,542.0366868167251,0.23950330148275434
110254,Mixed-Humid,inefficient,7130.6598624,959.05,866.3706961903698,277.50921726772765,0.2893584456156902
110255,Hot-Humid,average,16531.131523,950.5,1091.6396237038498,183.81266840414736,0.19338523766875051
110257,Cold,average,12929.504564,1006.19,1018.0956216498944,63.38921126060538,0.06299924592830915
110263,Hot-Humid,inefficient,6805.7465079,2675.46,2129.7970644740963,1254.8773670854707,0.4690323783893128
110266,Cold,inefficient,16531.388855,3030.48,2275.3045263994977,681.9073940121755,0.2250162990721521
110279,Mixed-Humid,average,8240.3191383,1251.64,2161.928471473977,251.49344008523389,0.2009311304250694
110281,Mixed-Humid,inefficient,10129.343978,1974.14,2189.1273998539314,316.04734177440355,0.1600936821980222
110284,Marine,inefficient,4668.6783938,2260.66,1852.9594241495415,400.93450502725307,0.17735285493053052
110289,Cold,efficient,6894.6424556,1724.15,1934.4833178340004,298.6454217023063,0.17321313209541297
110291,Cold,inefficient,1128.0275242,3124.07,2160.6396636495497,586.386911013836,0.18769967094650117
110303,Mixed-Humid,efficient,9562.4691565,1952.32,2063.2577276802404,368.29220803425596,0.1886433617615227
110309,Mixed-Humid,average,7620.0794764,2861.65,2372.862136434382,1032.177042677751,0.360692971774239
110323,Cold,efficient,5517.5005113,1492.71,1620.6318441557585,254.6864678965515,0.17062019273439014
110331,Mixed-Humid,inefficient,6254.8970941,1939.87,1197.4776489107414,133.2877685351014,0.06870963958157063
110334,Mixed-Humid,average,8427.5931643,1993.86,1880.759933618744,392.2847584607268,0.19674639064965785
110336,Cold,average,16531.388855,1483.9,1399.4706904386824,415.6322427610369,0.2800945095768157
110344,Cold,average,3878.9236871,2719.71,2708.3630384586418,484.38437826628103,0.17810148077047958
110352,Mixed-Humid,average,4730.5555155,815.57,1335.3765001610411,235.4882867190492,0.28874074171321795
110357,Mixed-Humid,inefficient,4810.8748396,2307.88,2031.7398767248317,479.79611136132,0.20789473948442727
110361,Mixed-Humid,inefficient,4221.4860923,2380.4,1564.189527412858,421.942768163228,0.17725708627257097
110367,Mixed-Humid,inefficient,4539.5844398,2990.02,2200.2509780810115,211.71621483789386,0.07080762497839274
110372,Hot-Humid,efficient,6648.4112461,1134.0,1242.0103992527313,158.75919114699474,0.1399992867257449
110384,Cold,inefficient,3883.0574009,4514.7,3487.503729286161,1159.3395933929223,0.25679216634392593
110391,Cold,inefficient,9449.6029411,1063.24,586.0749099973797,134.49536380895947,0.12649577123599515
110396,Mixed-Humid,average,12451.94921,1157.66,1348.1445722227209,117.67056186182981,0.1016451824040131
110441,Mixed-Humid,inefficient,6535.2401102,1267.18,1190.9042277066983,177.98992898369323,0.14046144113992742
110442,Mixed-Humid,inefficient,3807.1194368,2415.52,1258.8397412889185,1005.2612125930139,0.4161676212960414
110445,Hot-Humid,average,1532.7889083,1370.85,2262.699162806633,200.61232645202313,0.14634155921656136
110450,Mixed-Humid,efficient,3505.7881827,2242.98,1942.9647679188356,461.6291559807081,0.2058106429752865
110454,Cold,efficient,4274.5709998,1289.95,1709.9312024162452,335.2158134512084,0.2598672921052819
110459,Cold,efficient,2039.0197413,1857.96,2300.738442245059,479.67525147621654,0.25817307771761316
110461,Cold,efficient,6010.0032893,1446.91,1374.778841373031,398.2783181965375,0.275261293512753
110462,Hot-Humid,efficient,6885.3700783,795.27,2129.750631539799,183.78340858837163,0.23109561355058236
110484,Cold,inefficient,3141.5911467,1661.89,1488.409318244582,418.58781534102116,0.2518745616984404
110492,Cold,average,1795.6055618,4190.3,3036.3740281435626,1050.7054488251626,0.25074707033509835
110494,Mixed-Humid,inefficient,7958.436998,2819.69,1984.4192422750796,623.7054322139267,0.22119645500531146
110498,Hot-Humid,efficient,4842.9923108,1975.03,2246.545339506192,450.1407171281356,0.22791588843113045
110500,Mixed-Humid,inefficient,5590.7015569,2180.7,1774.6853651948402,464.76214572149786,0.21312521012587604
110502,Hot-Humid,average,7591.7770822,2305.86,2224.6453986825686,911.3890091888012,0.395249065072815
110504,Mixed-Humid,efficient,1766.5786307,1115.9,1634.5417383863262,119.15486743065725,0.10677916249722846
110510,Mixed-Humid,average,1722.9822735,772.59,1278.759109186144,185.94570730168567,0.24067837701974612
110513,Cold,efficient,5914.9594503,3040.74,2605.1595820689586,578.0502110772804,0.19010182096373926
110520,Hot-Humid,average,11545.120504,3170.55,2638.639558892274,463.51679430165194,0.146194443961348
110522,Mixed-Humid,efficient,2952.1939115,1866.38,2155.151829015051,364.944040237258,0.19553576454808666
110526,Cold,average,5004.2206203,2244.95,2455.420160082242,454.7155687120889,0.2025504214847052
110530,Hot-Humid,inefficient,9746.3812303,1893.9,1121.3510633854332,682.1734825317071,0.3601950908346307
110545,Cold,inefficient,4652.0298784,901.25,1087.3061070140875,189.28295053353955,0.2100226912993504
110554,Mixed-Humid,average,10251.206714,2426.09,2026.190792992409,193.35012212848352,0.07969618692154187
110555,Mixed-Humid,inefficient,5699.1066999,1585.58,1673.2518886581977,440.51470031737574,0.2778255908357672
110563,Marine,inefficient,5752.3284788,3321.3,2631.601672985096,523.6499874350892,0.15766416386206883
110573,Mixed-Humid,average,9559.1771814,1149.23,1634.0519424110626,278.41387865185686,0.24226123461087584
110578,Cold,average,10001.836632,850.82,1199.7779526303732,154.20228968295896,0.18123961552732534
110584,Cold,inefficient,7537.4262873,2796.95,2029.8600497849675,600.5166078061225,0.21470409117292855
110589,Cold,efficient,5251.6650477,1794.65,1829.1131690586324,378.39586864379856,0.21084661000406685
110593,Mixed-Humid,inefficient,7707.6980777,3517.52,2152.1076260409654,805.1852626859194,0.22890708871191048
110606,Cold,inefficient,1728.2717931,2039.36,1576.7410340264264,236.74389887372567,0.11608735038135772
110607,Cold,average,5319.4697897,973.19,1475.8576601828204,88.50241724393594,0.09094053293183853
110611,Hot-Dry,average,2842.9718948,1240.08,1109.8538643673496,281.65523115341847,0.22712666211326565
110620,Cold,efficient,7774.5045413,851.92,760.500403783004,115.3119084878872,0.13535532501630107
110623,Hot-Humid,efficient,12566.819126,1114.0,2281.146375797845,222.8585293471256,0.20005253980890988
110636,Mixed-Humid,average,4044.4011089,2081.59,2082.8353613293757,512.8379990308168,0.24636840061242454
110638,Cold,average,9026.297293,1291.81,1447.771431678312,383.65951104514284,0.29699376150141493
110639,Mixed-Humid,efficient,5876.3548446,1871.35,2190.478647329195,285.65983320143755,0.15264906789293162
110642,Cold,average,5735.9297836,3922.15,1942.5347155617624,1022.3235983110385,0.26065387563225234
110645,Hot-Humid,inefficient,15062.161641,1927.5,1902.547290685424,405.93510605603336,0.2106018708461911
110658,Cold,inefficient,5025.8294328,4011.04,2755.4522234158267,1580.310001141802,0.3939900876435543
110659,Mixed-Humid,average,6572.3257235,2583.32,2196.6549555552515,1006.5109012042258,0.3896191339842628
110660,Cold,inefficient,3522.0072141,999.33,826.1268402989522,117.81557443239794,0.11789456379013732
110662,Mixed-Humid,inefficient,11449.407877,1919.63,1141.418623901489,531.7362524850188,0.27699934491804085
110681,Mixed-Humid,average,5353.987715,1564.61,1693.8012640858528,300.74439666034596,0.19221684423616492
110688,Mixed-Humid,efficient,5250.8263843,2666.74,2939.2897239843055,721.7076658176321,0.27063293227597446
110689,Mixed-Humid,efficient,4284.8111145,2633.61,3358.8314131810293,302.0797593161028,0.11470178170499915
110694,Cold,efficient,11884.966274,1262.72,1810.159631251494,267.8627965323518,0.2121315862046628
110695,Mixed-Humid,efficient,4856.5286692,1545.03,1635.7250751356653,304.2034448842162,0.1968916104439501
110698,Cold,efficient,10279.573167,2207.4,2212.857811434764,489.87891189862626,0.22192575514117344
110708,Cold,efficient,6248.3021917,977.41,2194.6701000220596,230.28428284525273,0.23560663676988444
110715,Hot-Humid,efficient,15449.550717,895.38,1687.186829363989,229.1717595554694,0.25594916075350066
110719,Mixed-Humid,inefficient,10297.817535,1316.43,1538.3024872225096,413.13168390539494,0.313827308634257
110722,Hot-Humid,inefficient,7109.0030698,9093.35,3443.6516459174154,579.6463263602241,0.06374398064082258
110724,Hot-Dry,inefficient,17707.548318,1387.08,712.7042475149606,260.3571259216596,0.18770159321860283
110734,Cold,inefficient,1561.7833482,3949.38,4564.673649251261,508.2478123192087,0.12869053175921505
110735,Hot-Humid,efficient,12972.090129,2317.9,2058.194078208275,659.4041438552356,0.2844834306291193
110742,Cold,efficient,4310.9155702,2573.6,3185.7595038184795,518.9629886865837,0.20164865895499834
110748,Cold,inefficient,988.83415687,3608.73,3161.15309745851,931.3761727909874,0.25808973594338935
110755,Hot-Humid,inefficient,2018.952157,3134.47,2944.6622022500446,276.45657905031806,0.08819882756903658
110778,Mixed-Humid,efficient,7670.1213551,675.76,999.620081398209,136.9092762353095,0.20260044429281032
110786,Cold,efficient,4657.9364151,1240.14,1526.0145065136617,241.84365958195954,0.19501319172186973
110796,Hot-Humid,inefficient,9420.6655015,2349.66,1444.147542010711,423.03456685083063,0.18004075774828301
110797,Cold,efficient,11359.327895,609.49,757.5924380999064,124.51195325259127,0.2042887549469085
110799,Mixed-Humid,inefficient,9746.1325083,4983.02,4074.820580454458,1395.692470854117,0.28008967871975565
110803,Cold,efficient,4570.5099807,1635.13,1651.8098176303208,444.31421336690846,0.27173020699694117
110804,Cold,average,3506.1502939,1444.95,2035.3837227613185,349.07115481411955,0.24158009260813146
110807,Mixed-Humid,average,7516.1692622,4014.26,2476.3276630622763,1597.4309513013118,0.39793908498734804
110814,Cold,inefficient,6666.3129989,1128.13,1249.1649281179828,176.99351905973106,0.15689106668533861
110817,Very-Cold,inefficient,599.62720867,3855.37,2196.0915325305746,615.5565058708897,0.15966210918041324
110833,Mixed-Humid,inefficient,4414.3252374,1913.61,1608.327919359945,678.1773439463634,0.3543968436339502
110836,Cold,inefficient,6973.0873321,4255.26,2915.060885234533,1022.0479007858668,0.24018459525055266
110837,Hot-Dry,average,21237.612035,806.49,724.1686814768738,83.7753866042773,0.10387653486624422
110838,Marine,efficient,3888.3024246,2335.96,2439.2484698686008,419.2644755468051,0.17948272896231318
110847,Mixed-Humid,efficient,8646.59869,1858.67,2046.5255655870633,680.8357295846471,0.36630264091239817
110852,Mixed-Humid,efficient,1589.2173891,370.75,817.6106885980624,33.768857602055384,0.09108255590574614
110857,Cold,inefficient,6967.3198627,3969.49,3210.3018137196123,1042.9713157212873,0.2627469311476505
110858,Mixed-Humid,inefficient,11537.11327,1907.6,1860.6972035536544,321.9098003302762,0.16875120587663883
110876,Hot-Humid,efficient,5015.3619827,1364.68,2252.099683378744,382.5903238063034,0.2803516749760408
110880,Mixed-Humid,efficient,3866.0614336,2461.77,2670.1110978862775,587.7465986969125,0.2387495983365272
110884,Hot-Dry,inefficient,19099.473216,820.89,894.0131724200739,98.149260992065,0.11956444955117616
110893,Cold,inefficient,10508.731722,3298.1,1992.6614715845512,1079.6894001854225,0.32736709019903054
110896,Cold,average,2440.7413344,3508.41,2660.7542550812514,731.7109526740954,0.20855913438682921
110902,Cold,average,1115.4483165,1875.55,2049.326637855391,312.5764836037803,0.16665857140773654
110906,Hot-Humid,average,14613.302038,1242.43,1668.619454127184,614.4932176768373,0.49458981003101765
110908,Hot-Dry,efficient,9980.4508959,1607.91,2036.1627413904705,705.4033927641459,0.43870825653434947
110914,Cold,efficient,847.99347215,2442.59,2490.3432459614646,472.71363683928183,0.19352967007941643
110917,Mixed-Humid,average,9953.4573639,2885.32,2436.6313360601243,811.3616508388687,0.2812033503524284
110924,Cold,efficient,1736.6662861,1777.48,2401.2561261385513,465.0560861779028,0.26163787281876744
110925,Very-Cold,efficient,12458.069483,901.83,1241.2031526165706,188.18412926545193,0.20866918295626882
110931,Hot-Humid,average,12429.429617,1148.88,1279.0384462872555,227.69204061066864,0.19818609481466176
110934,Mixed-Humid,average,4238.9484247,1105.42,1049.4295741901117,375.4371656271156,0.33963304954416923
110936,Hot-Dry,inefficient,6448.9385084,1882.1,2553.700432224066,333.719008914562,0.17731204979255194
110937,Mixed-Humid,average,13134.740342,981.01,1699.266017190267,213.44934708838025,0.2175812143488652
110939,Cold,inefficient,4403.744901,2387.61,1870.4877440607363,114.82636250789365,0.04809259573711521
110942,Marine,inefficient,11059.68162,902.47,855.1009552618381,56.91693814487489,0.06306795588205136
110946,Cold,efficient,1752.344185,1717.98,2279.237613025243,214.35666462935689,0.12477250295658673
110947,Hot-Dry,inefficient,4427.4773082,2359.15,2409.2741072656695,545.0707819996137,0.23104541127084488
110948,Hot-Dry,efficient,9580.9801027,775.89,2222.5519157227345,130.99962365632194,0.16883788121553564
110949,Hot-Humid,average,17313.743104,1001.09,867.1669115477082,129.89377419843493,0.1297523441433187
110951,Marine,average,9637.9511346,3590.39,3088.6432774795144,642.8669525043061,0.17905212316887753
110960,Marine,inefficient,5608.7977096,2197.22,1756.2917771900918,326.46616636464694,0.14858146492597327
110962,Hot-Humid,average,9680.9659589,2378.53,1930.168331619678,467.8602620616042,0.1967014341049321
110966,Mixed-Humid,inefficient,5026.4998341,3414.03,2325.2012143735533,765.8296246412648,0.22431836411550712
110967,Mixed-Humid,inefficient,6539.0994637,1571.38,1532.8923946404293,354.62810214599574,0.22567940418358112
110968,Cold,efficient,7680.9310388,1210.54,1650.7160886410404,339.9753483989539,0.28084602607014547
110970,Hot-Dry,inefficient,12146.283115,1232.78,1034.373473446503,201.81763006733362,0.16370936425585558
110976,Marine,average,4881.5473533,1669.59,1541.6770816499195,165.55537545348173,0.09915929986013437
110977,Cold,average,4462.0097712,1952.83,1744.635096962176,701.5529898920098,0.3592493918528545
110978,Mixed-Humid,average,8892.3521826,1511.36,1796.2193171811723,285.0717114406343,0.18861933056362107
110979,Marine,inefficient,8755.178104,2345.97,2103.1416389175984,663.596944012748,0.2828667647125701
110981,Cold,inefficient,5905.3275836,1804.87,1950.9931907196085,230.2947068881261,0.12759628498901643
110988,Hot-Humid,efficient,7750.6055569,1332.38,2293.1958894190707,255.80218090391858,0.19198890774697802
110989,Mixed-Humid,inefficient,5880.0780228,2091.13,1611.7476246921444,478.2542574949422,0.22870613376257914
110990,Cold,average,10860.694906,2599.89,2354.594178839122,815.1843268833954,0.3135456988116403
111007,Mixed-Humid,inefficient,5685.5600275,3051.33,2417.817151351803,396.7005346666301,0.13000905659716586
111013,Cold,inefficient,714.79142674,981.16,1242.1532953769238,34.478463199523546,0.035140510415756394
111019,Cold,inefficient,8534.9378545,3323.37,2401.030630695065,996.2030747036139,0.2997568957725483
111026,Cold,efficient,6068.9210167,656.66,1541.2077528447028,173.39966999619799,0.2640630920052965
111027,Mixed-Humid,average,5798.2442997,2125.3,2311.9621924247053,448.3290781600257,0.21094860874230728
111038,Mixed-Humid,efficient,4098.5610256,1278.36,2021.3727227125212,375.15008264037033,0.2934620002506104
111039,Mixed-Humid,average,6052.510417,2526.66,1982.398000141489,196.38744851575186,0.07772610818857775
111047,Cold,average,7471.4417446,3163.42,2557.4609159500956,884.3852150375881,0.2795661704856099
111051,Mixed-Humid,average,4979.0070189,1851.02,1976.7722582249944,289.1719820787473,0.15622304571465856
111053,Cold,average,6452.6519627,2591.22,2200.4327057477226,595.2212996575776,0.22970697187331743
111060,Marine,efficient,7002.0824962,296.14,584.9863776850735,25.861031387263164,0.08732704594875115
111065,Very-Cold,average,9142.6857217,2823.82,2219.7902338151907,452.09467968416567,0.16010038872313592
111077,Cold,inefficient,8027.1061353,1286.52,1118.6010874487026,226.60899197947953,0.17614105647753595
111080,Mixed-Humid,average,3904.3818159,2441.48,2020.3598685603008,412.14516257790297,0.16880955919274496
111082,Hot-Dry,efficient,3638.6483788,1467.55,1540.7541070441837,326.15694045050043,0.2222458794933736
111083,Hot-Humid,inefficient,17529.639399,1389.92,1043.2900125620429,190.45942869595768,0.13702905828821635
111098,Mixed-Humid,inefficient,6217.158092,2425.67,1938.4974347889072,368.9691235957551,0.152110189595351
111116,Cold,inefficient,8516.3354877,1341.26,1368.0466381274698,141.59967645668115,0.10557213102357571
111117,Cold,efficient,633.74933946,1826.93,2154.5410603387563,339.482781122295,0.1858214497119731
111119,Hot-Dry,inefficient,8686.7304463,5284.93,3225.929477109383,842.8046434911653,0.15947318952023304
111121,Cold,efficient,4809.869121,2727.05,2889.340133619573,685.4781041808576,0.2513624994704379
111132,Mixed-Humid,efficient,3716.2766385,2521.3,2235.508677039826,847.7226725553826,0.33622443682044284
111139,Marine,inefficient,10142.090504,3449.77,2194.90205042542,504.7197270015255,0.14630532673236926
111141,Mixed-Humid,average,6964.2805304,2562.39,2245.195920831959,1009.103418069331,0.3938133609908449
111144,Mixed-Humid,efficient,4581.1954554,1794.07,1679.0984849749896,524.660244789088,0.29244134553784856
111146,Mixed-Humid,efficient,7197.7312636,1708.84,2693.2430573280503,278.51923521665026,0.1629873102318826
111154,Hot-Humid,average,12346.205491,2702.72,1474.495544615914,1053.4293126363023,0.3897663511707844
111158,Mixed-Humid,average,5710.988226,2010.19,2132.250156805851,444.7676047820577,0.22125650052087498
111165,Cold,inefficient,4522.4848161,2464.45,1680.0190811885425,551.4635575208406,0.22376739537050483
111181,Mixed-Humid,efficient,950.39215365,1022.38,2092.6694560711585,119.12911606079726,0.11652136784835115
111189,Mixed-Humid,efficient,5285.7607273,1824.86,1665.6659977928946,709.9130957229911,0.3890233199933097
111196,Cold,inefficient,886.52250724,2257.23,2050.8720935192105,312.8761038499681,0.13861064395297248
111211,Hot-Dry,efficient,3988.6639089,533.07,1599.5354872093214,102.18027218644096,0.19168265365982132
111213,Cold,efficient,2049.5680555,2089.23,2963.6915948031565,591.8430083776335,0.2832828402701634
111222,Mixed-Humid,inefficient,7476.3979458,2441.58,1816.6545195691335,520.4877680653611,0.21317661844599037
111223,Mixed-Humid,inefficient,8765.079468,2698.34,1950.0853843736872,752.300339407968,0.2788011664237894
111224,Mixed-Humid,efficient,7525.7363221,1848.92,2194.7052264070544,233.7115463329611,0.1264043584000179
111225,Cold,average,3775.487945,1226.43,1798.0687584991488,280.3282809985577,0.22857258954735102
111228,Mixed-Humid,inefficient,10462.374712,1385.0,1030.191091407964,145.300540189376,0.1049101373208491
111244,Cold,efficient,6318.5772455,1954.24,2019.0895647874827,506.90413775720833,0.2593868397726013
111251,Cold,average,913.604989,3037.12,2653.464486552697,800.5349065252628,0.2635835615732216
111252,Mixed-Humid,average,6239.1367481,1916.01,1936.7000571194876,504.8602445900481,0.2634956208944881
111258,Cold,inefficient,7036.9163955,1964.44,1890.3800142063872,228.7116953519112,0.11642590018117692
111265,Mixed-Humid,efficient,5616.8696474,1186.86,1776.1943924429277,213.80319427376074,0.1801418821712424
111267,Hot-Humid,average,17417.52419,559.29,1098.7277020841857,43.217107770066704,0.07727137579800587
111270,Cold,average,2050.0086969,1659.47,1856.9374185557008,416.6302975665413,0.25106226540193033
111275,Cold,inefficient,2633.9643628,2872.84,1764.7612825819915,287.69034170675775,0.10014144251220317
111278,Mixed-Humid,inefficient,2579.5937659,2598.06,2318.6530045212044,536.2462429820307,0.2064025630593715
111279,Mixed-Humid,efficient,6271.2261156,2338.44,2917.182133083848,464.36758735004247,0.19858007361747254
111285,Mixed-Humid,average,5125.6695566,1477.3,1347.9732586158025,343.08993077166963,0.23224120406936277
111288,Cold,average,4516.9308133,2480.04,2179.6662980208607,773.4221218844972,0.3118587288448965
111292,Mixed-Humid,efficient,5882.6883136,1643.36,2649.0413611694435,466.74909256883154,0.28402120811558734
111297,Cold,average,3615.2496148,2749.81,3001.232312785103,820.2529176027762,0.29829439765030175
111303,Mixed-Humid,efficient,3781.0748595,2008.2,1958.5145777144771,374.65239334831404,0.186561295363168
111314,Hot-Humid,inefficient,11130.624928,1617.07,1208.4358315592892,228.42740268930157,0.14126005843241268
111315,Cold,efficient,6440.2988756,1645.21,1938.9886392996673,567.9252877851775,0.34519926804795587
111319,Cold,average,4263.5474074,2321.72,2445.3745922222843,303.5457570614378,0.13074175915331646
111325,Cold,efficient,4923.3370571,3747.26,3389.689835384412,799.0437236722705,0.2132341293831414
111330,Hot-Humid,average,15155.186358,1801.04,1960.62645443637,769.0758165351865,0.42701762122728343
111334,Mixed-Humid,efficient,4593.1040467,2022.67,2202.3352349467664,321.37273282674386,0.15888540039983973
111345,Cold,inefficient,10370.739432,1907.0,2101.6408657662405,567.3419261237874,0.2975049429070726
111347,Hot-Humid,efficient,12428.786337,901.3,1219.250607684906,183.36744444717937,0.20344773598932583
111352,Hot-Dry,efficient,5242.1555761,507.56,2025.735641193338,135.43953867609537,0.26684439017277833
111355,Cold,efficient,6760.8967509,1579.5,2249.955188552871,520.5330867667229,0.32955561048858684
111357,Cold,average,9104.5735234,2412.34,1752.2398517888648,574.6982350775746,0.2382326848941586
111363,Hot-Humid,inefficient,11111.277077,1312.45,1295.5855667017186,135.34379894808458,0.10312301340857524
111374,Cold,efficient,12988.175567,1008.87,1482.5163354524095,360.1136718015897,0.3569475470591748
111383,Cold,efficient,7647.0577403,2097.62,1727.566274049125,534.5948963317825,0.25485783713531646
111390,Hot-Dry,efficient,1820.3622187,1138.4,1039.156291854404,192.70725047648241,0.16927903239325578
111394,Hot-Humid,efficient,9267.404747,1722.93,2724.1297395311944,722.4359880877594,0.4193066393224097
111404,Hot-Humid,average,13832.103429,3639.17,3057.6415932264304,1070.0300114476258,0.29403133446572316
111406,Cold,inefficient,886.52250724,3702.15,3327.8363067165874,585.3866412056475,0.15812072476956565
111416,Mixed-Humid,inefficient,9540.9401769,3034.86,2148.405698725244,626.0306518877749,0.20627991139221408
111430,Cold,inefficient,11282.806001,1376.01,1693.0467332849162,346.5272450467729,0.2518348304494683
111431,Mixed-Humid,efficient,5386.767246,2131.98,1841.9310410766443,599.2524483765468,0.28107789396549065
111434,Mixed-Humid,average,7972.0762532,2637.2,2153.331612756371,1078.8315033031001,0.40908217173634925
111437,Cold,efficient,4397.6984489,1286.64,1511.1548537255564,286.90415416603753,0.2229871247326661
111438,Mixed-Humid,inefficient,6262.60161,1604.26,1942.5812953256284,173.32786596190155,0.10804225372564394
111454,Cold,average,15572.901514,1059.86,1379.5507466537492,207.20038449981882,0.19549788132377752
111459,Hot-Humid,inefficient,6464.5033952,1746.65,1245.6576852582798,271.3568498305765,0.15535845752187127
111463,Hot-Humid,inefficient,10222.44016,3000.64,1824.6246848207509,779.6957010160495,0.2598431338034718
111467,Cold,inefficient,4124.7057726,4700.02,4434.48484551005,1224.5336286598474,0.26053796125545153
111473,Hot-Dry,inefficient,9397.5081231,4650.2,2710.7084691944237,889.4209997614165,0.1912651068258175
111474,Hot-Humid,average,9320.8243395,4695.54,3257.4312359753126,1348.942465984214,0.28728164726191535
111476,Very-Cold,average,740.46803036,3249.76,3202.087390069804,395.16304067649065,0.12159760741608322
111480,Mixed-Humid,average,6878.0423031,2377.4,1750.2595052891484,421.5275293096829,0.17730610301576633
111481,Mixed-Humid,efficient,5606.7447073,2723.23,3155.4944060368,1267.901911808271,0.4655875235688029
111493,Mixed-Humid,inefficient,5361.8166907,2683.97,2139.474382640014,721.4022526724651,0.268781786932218
111496,Cold,inefficient,6619.3983329,3034.21,2253.4012867517276,867.8353438960587,0.2860169018940873
111497,Cold,inefficient,14178.564718,4804.8,1446.8930170225426,1213.717518773816,0.2526052112000116
111500,Mixed-Humid,average,6670.6266822,1777.49,1596.5198649288873,276.22041675497195,0.15539913966040425
111505,Hot-Humid,inefficient,6431.8334684,4736.84,2345.708943181647,944.3238113421116,0.19935733766437364
111506,Hot-Humid,efficient,11266.843178,37.53,2022.6769336679895,11.74383895340969,0.31291870379455605
111507,Mixed-Humid,average,5234.6774519,1639.85,1871.361334322696,218.04278164406136,0.1329650770765993
111511,Mixed-Humid,average,4522.8130586,1743.15,1884.7151308886664,483.49568579098576,0.27736895034333575
111522,Mixed-Humid,inefficient,6004.7067906,4037.55,4210.422750467138,628.8879724942648,0.15575979801965667
111531,Hot-Dry,average,5264.7562896,3060.27,2682.821651591298,851.1624802118579,0.2781331321131331
111534,Cold,average,13318.876479,4905.9,3245.0257772098767,956.3886479708419,0.19494662507813898
111539,Hot-Humid,inefficient,1918.6498246,2899.7,2871.7818460650096,485.4704524613202,0.16742092370290726
111541,Hot-Humid,efficient,7027.9988744,2710.69,3165.3295667161533,699.6149440509892,0.25809478179024126
111543,Mixed-Humid,inefficient,1532.5958188,3316.21,2088.785177253668,585.8574638495011,0.17666476605809073
111554,Mixed-Humid,inefficient,12880.839849,2263.41,2027.3982377792456,571.8803980718312,0.2526631931783598
111556,Cold,inefficient,7771.9428596,1439.69,1655.120075443137,164.0521770699544,0.11394965379349332
111559,Cold,inefficient,14376.441763,943.7,1308.113287100366,134.96288440668377,0.14301460676770558
111568,Mixed-Humid,inefficient,7799.6140928,1421.84,1093.887791488877,156.62862857702004,0.11015910972895687
111572,Mixed-Humid,efficient,10030.822764,1553.8,1442.0386767664954,285.5622420419454,0.18378313942717558
111581,Mixed-Humid,efficient,7596.3055111,696.41,1406.1349329979869,69.54507716288529,0.09986226097110222
111583,Mixed-Humid,inefficient,13203.834643,859.04,876.5829992073303,137.52461108615964,0.16009104475479563
111587,Cold,average,8953.7520864,2067.42,2597.091821321351,464.59940646987457,0.224724248807632
111589,Cold,average,9741.4710071,1282.33,1848.0561741468584,242.3192501773862,0.18896793350961627
111591,Cold,inefficient,2397.9284085,1321.84,1490.5025738098711,382.845235593948,0.28963054196721844
111592,Marine,average,8378.9199095,1660.25,1621.0892586899,344.8778924656416,0.2077264824367665
111593,Mixed-Humid,average,4081.8774646,2009.5,2158.539772655846,264.35404231459137,0.131552148452148
111594,Mixed-Humid,inefficient,9212.8135365,1992.98,1008.0718083052292,104.38151121364501,0.05237459041919388
111597,Hot-Dry,efficient,4374.2261451,1225.38,1721.2789963581524,440.83492876686626,0.35975365092205375
111598,Mixed-Humid,inefficient,12780.386382,3640.56,1577.6036912778468,524.7172792447021,0.1441309247051833
111604,Cold,inefficient,2339.5814604,1465.72,1802.9664244590945,591.9497831672602,0.40386279996674684
111605,Mixed-Humid,efficient,6815.3383463,2870.08,2414.8228017990054,943.7940217789338,0.32883892497036105
111607,Cold,average,1499.4417708,2678.69,3166.064813951428,621.8391754692377,0.2321430159776748
111614,Cold,efficient,19623.874187,1031.58,1252.8832619139266,205.02404596653935,0.19874759685777096
111615,Cold,inefficient,5767.1204592,2692.87,2314.076023402314,459.49555917058564,0.17063414096134819
111617,Mixed-Humid,efficient,4888.6811871,2726.81,3283.005845565518,872.1641340247617,0.3198477833163153
111622,Very-Cold,inefficient,898.5900265,1830.75,1873.869647211859,241.48117159538145,0.13190286581749636
111625,Cold,average,8806.8101283,1815.73,1633.9004930619722,225.25900862477937,0.12405974931558071
111628,Hot-Humid,average,15349.673696,834.49,1552.0549873866255,213.08929756048994,0.2553527274868362
111631,Cold,efficient,6640.3168764,2158.51,2034.3944935785369,408.5512844887386,0.18927467766595407
111632,Mixed-Humid,efficient,6480.898171,1687.91,2482.871569750654,303.30270430150637,0.17969127755716024
111633,Hot-Humid,efficient,8828.0085674,1219.25,1465.2898374641477,176.83166363654033,0.14503314630841938
111635,Hot-Humid,average,12099.676607,1341.48,1854.634162634833,314.97930650273673,0.2347998527765876
111636,Mixed-Humid,inefficient,1719.2461398,1087.71,987.7422022191904,199.780054343884,0.18367032972380873
111637,Hot-Humid,average,9093.3051831,1705.08,1722.1273277160917,330.2969231151478,0.19371344635744236
111638,Cold,average,5389.6913948,2358.56,2389.2214163937465,595.3438083996776,0.25241834356542875
111639,Cold,efficient,991.06070961,1253.53,3958.407614803058,680.1799964895127,0.5426116618585217
111645,Mixed-Humid,average,7230.5423069,1476.8,1284.9741099836758,224.66514164646387,0.15212970046483199
111647,Very-Cold,inefficient,869.56080306,2816.58,2437.727726397638,403.48008880212143,0.14325177655245774
111651,Mixed-Humid,efficient,5424.5043198,2557.77,2778.974363938238,385.49403161353507,0.15071489290027448
111657,Very-Cold,efficient,847.42982988,1445.35,2096.656237208577,431.86110541806454,0.2987934447836611
111670,Mixed-Humid,inefficient,4269.630378,1840.68,1607.2733051695789,401.574277005745,0.21816626301461686
111672,Mixed-Humid,average,5599.6302263,3882.25,4141.570191615516,1086.13737552723,0.2797700754787121
111682,Hot-Humid,average,7516.5132366,3596.68,2465.337585730194,1731.2380928099633,0.48134337578265607
111684,Hot-Humid,average,6240.7466816,814.32,1292.5881697597267,219.4673595292914,0.26950997093193263
111690,Cold,inefficient,6825.6931478,1552.06,1065.125941025403,188.13122308930198,0.12121388547433862
111691,Cold,inefficient,1795.6055618,2098.72,3014.7838010109294,352.512130892413,0.1679652983210781
111692,Hot-Humid,efficient,5747.9045913,1507.41,2103.624271185493,175.13370066190305,0.11618186204277738
111698,Mixed-Humid,efficient,9740.1021307,606.3,888.6041188635678,76.14050162702945,0.1255822227066295
111699,Mixed-Humid,average,1007.6013258,1294.82,1246.6937115376822,210.58518757982904,0.16263665032964353
111702,Very-Cold,efficient,7072.3003306,2333.39,1959.9228518582177,617.0998673562987,0.2644649490039379
111712,Cold,efficient,5979.0345463,1993.1,2452.383484431798,551.6168546582261,0.2767632605781075
111726,Cold,inefficient,9544.7521579,3122.7,2398.226094174123,492.9652649089711,0.15786507346494097
111727,Hot-Dry,inefficient,13188.537609,2488.86,1596.6640282409553,332.7042857180113,0.13367738069558405
111729,Cold,average,2374.1438303,2097.62,1911.2668619209337,569.9025041706983,0.27169006024480047
111734,Mixed-Humid,inefficient,7701.8089094,1502.12,1071.337092078125,353.8094964817815,0.23554010097847142
111735,Cold,average,9465.0497078,801.22,1113.661242113302,88.05872796713129,0.10990580360841128
111738,Cold,inefficient,4302.3823027,2288.77,1638.169707349884,501.41124759261004,0.21907454553869984
111743,Cold,efficient,3646.8575841,1578.81,2425.3488313533576,378.5672065862669,0.23978009170594744
111748,Cold,average,8691.2761537,1607.02,2146.3311859720966,512.1713351667634,0.31870874983930714
111749,Cold,inefficient,6069.6194596,1749.81,1240.593148756247,415.38052255390863,0.23738607194718778
111750,Mixed-Humid,inefficient,5764.7851576,2071.35,1838.6974289485495,245.33907365786436,0.11844404550552266
111752,Cold,average,4902.9137581,1952.59,3253.977616815093,450.2100491903472,0.23057070311245434
111754,Marine,inefficient,6839.4844539,2001.34,1684.9913856016472,571.2364661448759,0.28542699698445834
111755,Cold,efficient,4090.7050438,1353.49,1266.6470849785362,185.67436365247949,0.13718192498834825
111757,Cold,efficient,10393.043231,3950.17,5231.1965397125605,811.1100620834487,0.20533548229150864
111763,Hot-Dry,inefficient,4995.060687,4985.99,1846.5523995180456,1859.0612159746681,0.3728569884766452
111765,Cold,efficient,6524.0997061,814.06,1351.1148262620864,200.1511549913892,0.24586781685795792
111766,Cold,efficient,7423.2933149,3731.19,4302.888117057816,945.9659529001569,0.25352929036049004
111779,Cold,average,6358.4196499,3344.37,3064.142771788832,850.5668721769587,0.2543279817056602
111782,Hot-Humid,average,16642.051602,1105.3,1428.0679878708129,154.56938254848075,0.13984382751151792
111783,Mixed-Humid,inefficient,11124.721025,1415.99,1472.1390835666346,383.62682133934817,0.2709248097368966
111788,Mixed-Humid,average,4768.1619679,2619.86,2529.981099857755,877.8235327537466,0.3350650541455446
111792,Mixed-Humid,inefficient,7928.8055571,1319.11,1324.4782104383507,119.2258083957015,0.09038352252329337
111800,Mixed-Humid,average,6447.1395904,4207.73,2998.328139679163,1100.2356719407505,0.26147962724337126
111814,Very-Cold,efficient,925.32129864,2550.29,2756.1981656174175,439.56412368524735,0.1723584861663761
111815,Cold,average,4715.2500314,2515.15,1929.327853025653,328.91272267852935,0.13077260707255206
111817,Cold,inefficient,6958.4897438,1481.45,1418.2410900868551,221.58941539165,0.1495760338800837
111819,Cold,inefficient,2183.1800465,2233.49,2171.6723133864907,299.1094325077448,0.133920202243012
111821,Cold,efficient,9869.1047537,1330.14,1663.6203066081189,454.51434812381126,0.34170414251417985
111823,Mixed-Humid,inefficient,5059.9220572,5168.18,3871.0237959528454,1452.9665948625584,0.28113699500840883
111828,Hot-Humid,efficient,7416.4875466,990.87,1410.7027181259896,65.65115225953093,0.06625607018027686
111836,Very-Cold,inefficient,538.53500395,1990.15,2194.159494079012,614.4004196637154,0.30872065907781593
111837,Cold,efficient,897.22815002,1342.96,2399.7484711868105,195.71131813090193,0.14573130855044225
111856,Hot-Humid,average,7065.8417185,2685.71,2134.9352861765046,1009.5055163242041,0.37588031333398025
111864,Hot-Humid,average,16253.34625,1123.9,1194.9146384468525,172.45413726313487,0.15344259921980147
111874,Mixed-Humid,average,7006.7542715,1720.71,1911.717839096874,340.0253602606772,0.19760759236633552
111887,Cold,efficient,3222.2444999,1658.55,2034.6133915222897,507.5968179813867,0.30604854721376307
111888,Cold,inefficient,3876.4408275,1450.55,1911.8606792419232,286.04570649973334,0.1971981017543231
111891,Cold,efficient,1031.8976505,2239.15,1494.10896784452,479.4235301132089,0.21410960860737732
111898,Cold,efficient,3254.2997716,1790.19,3230.5132587953403,436.9977524033517,0.24410691178218608
111899,Very-Cold,average,572.373388,3482.15,2739.0406448596605,1116.6153496508518,0.3206683657082124
111900,Mixed-Humid,inefficient,9481.2975374,903.9,714.5833044358918,194.45265727794637,0.21512629414531073
111902,Cold,inefficient,5464.0095754,2014.58,2000.4133261247807,372.10186652603704,0.1847044379106499
111903,Hot-Humid,inefficient,11201.305721,3289.36,1440.0366508900745,291.36620775443544,0.08857838842645238
111905,Mixed-Humid,efficient,3570.7738203,3093.43,3178.993909260528,841.4197914358112,0.2720022083692895
111913,Cold,average,4619.7174318,2089.03,2540.026655924775,691.8627469397858,0.3311885166511662
111915,Cold,average,1470.6456416,1211.74,1210.0252785076636,249.85663628827677,0.20619657376027595
111917,Cold,efficient,2346.1939736,1833.97,2221.789855543328,343.31974731665514,0.18720030715696284
111918,Very-Cold,efficient,1163.2785044,574.53,677.6604242185632,71.77154945503153,0.12492219632574719
111924,Mixed-Humid,inefficient,12623.245065,2796.79,3335.703445092151,491.3353717641886,0.17567832113393878
111930,Marine,inefficient,6933.3649572,1940.22,1961.6840758941755,234.7220691974079,0.12097703827267418
111932,Marine,average,11867.355856,962.96,1007.1627299604633,193.03455000000002,0.2004595725679156
111933,Hot-Dry,inefficient,14295.699199,1819.01,1734.3427781249595,294.37526252631943,0.1618326796039161
111936,Hot-Humid,efficient,4995.9164718,1734.57,1929.464695536844,467.64904676446207,0.2696051740572373
111941,Marine,efficient,8682.031747,5330.37,5133.612620908903,1263.1559588659184,0.2369734106386458
111942,Mixed-Humid,average,7272.7976628,770.52,1104.6920246599077,172.68310805339064,0.22411242804001277
111944,Mixed-Humid,efficient,5607.320701,2286.73,2621.691981806202,601.93345750693,0.263228915310041
111945,Hot-Humid,inefficient,2359.7753939,1195.58,2485.878839666727,64.8199970673664,0.054216361153052416
111951,Cold,average,5903.7377051,1726.94,1492.4639365329788,363.21154287542714,0.21032088137134303
111959,Cold,average,2113.9403697,3193.19,2055.9266644669174,1015.7710522387141,0.3181054219256336
111961,Hot-Humid,efficient,8610.4385866,1464.46,2007.9016370999295,532.0349880935447,0.3632977261881818
111971,Mixed-Humid,average,1383.6772299,1523.63,2032.7817834511004,123.59853539428401,0.08112109593161332
111974,Mixed-Humid,inefficient,6468.922568,1967.23,2213.3768789996834,432.5264240945545,0.2198657117340395
111977,Cold,average,14690.25561,939.47,1016.1816373945773,134.17611666345977,0.1428210764191084
111983,Mixed-Humid,average,5737.0464849,1677.95,2160.948014952856,343.4749992374808,0.20469918605291026
111989,Cold,average,7677.2080156,1742.96,1704.1375866244437,291.95779723989136,0.1675068832560078
111991,Hot-Humid,average,15904.604403,698.69,1137.3090542273806,241.4337499487366,0.34555203301712717
111997,Cold,average,3920.6446235,1579.82,1394.4470690659143,591.0482081643434,0.3741237661026847
111998,Cold,average,4687.7753794,3226.88,2920.994692917843,585.137880892803,0.18133239565549478
112009,Hot-Humid,efficient,6191.9222163,261.32,1435.28908562224,59.188081477498415,0.22649656160071335
112010,Hot-Humid,efficient,11770.598199,2281.2,2412.2699952190233,407.9004078074479,0.17880957733098718
112021,Mixed-Humid,efficient,9693.9935866,595.23,1349.7135853084314,43.2269112683347,0.07262219859270316
112022,Cold,average,9922.1033013,822.01,919.4166567808873,165.2643541651836,0.20104907989584506
112025,Mixed-Dry,efficient,4139.572578,894.17,1530.5571963864963,313.9760435580607,0.35113685715027426
112027,Very-Cold,average,10484.558192,3916.16,4209.181392034628,764.5787258044826,0.19523684573778463
112039,Hot-Humid,efficient,6091.003877,2085.24,1919.117536843106,793.879684563443,0.38071381930302656
112041,Cold,efficient,6937.0569709,2525.93,2703.234085917351,568.5116208022455,0.22507021999906787
112046,Hot-Humid,inefficient,16994.69111,978.99,1195.0701931324224,156.22274596308011,0.1595754256561151
112047,Mixed-Humid,inefficient,10636.703969,1070.48,1595.896080290478,216.04492698674198,0.201820610368005
112049,Hot-Dry,inefficient,5268.5423845,2318.36,2138.0635798381068,477.5268398232156,0.20597613822840954
112058,Mixed-Humid,inefficient,8037.6163613,3879.26,3049.476803236634,450.04280096142327,0.1160125387216694
112064,Hot-Humid,inefficient,1699.5728792,3711.04,2350.052764241483,844.0587610386958,0.2274453417475144
112067,Mixed-Humid,average,5153.2063248,1572.07,1996.5649582839137,340.029823895828,0.21629432779445443
112081,Mixed-Humid,average,5812.6929901,2596.33,2228.7769211767495,439.65751656209795,0.16933807203325385
112083,Hot-Dry,inefficient,15047.160257,2171.57,2033.2960109506616,242.0097928480198,0.11144461972122463
112088,Mixed-Humid,efficient,10734.445817,1521.15,1914.0978471733983,603.0312020939308,0.3964311225677486
112091,Very-Cold,inefficient,1145.4942274,1762.36,1704.3075431316695,212.35485902442477,0.12049459759891554
112093,Hot-Humid,efficient,18481.003421,656.87,1077.1313811749867,59.661635246226695,0.09082715795549605
112095,Mixed-Humid,inefficient,2701.1623335,1714.04,1649.872847910316,302.73294164987476,0.17661953142859838
112104,Hot-Humid,inefficient,2395.4494757,1028.54,2071.815553447546,121.04433444650411,0.11768558777150535
112112,Cold,efficient,4301.4163761,2263.48,2704.5320026739773,542.5858037320946,0.2397130982964703
112124,Mixed-Humid,inefficient,4458.5543891,1566.31,1350.6051838920196,286.35566486432583,0.1828218327561759
112131,Cold,efficient,3357.9520464,1091.11,1655.637075764333,174.29964802204364,0.15974525760193167
112134,Mixed-Humid,efficient,2263.6046238,2183.15,1830.460264892473,470.80619631058516,0.21565453418710814
112142,Mixed-Humid,efficient,4721.7868934,1609.66,2210.871957004634,221.02121811005034,0.1373092566815665
112150,Hot-Humid,average,6042.2471163,1408.44,1850.88501559922,198.0212956799521,0.14059618846379832
112153,Hot-Dry,efficient,9083.0932837,1507.63,3036.2556149768043,171.87316305072312,0.11400221742119956
112155,Mixed-Humid,efficient,11323.47728,2607.38,2193.514353685495,1090.2090254752552,0.4181243338045299
112158,Mixed-Humid,efficient,3464.5783976,2192.9,2614.2170485654124,399.4560058832065,0.18215878785316544
112163,Cold,efficient,4942.2044808,1188.09,1321.9816812370482,185.62387419099525,0.15623721619658046
112167,Hot-Humid,average,2242.477505,758.76,1321.9023100883476,59.4784680277054,0.07838904004916626
112172,Mixed-Humid,average,6788.2124122,1468.31,1530.0445525505709,388.39498319085465,0.2645183804447662
112177,Mixed-Humid,average,5263.9873044,1884.8,1871.8252066694365,421.8029112719528,0.22379186718588326
112179,Mixed-Humid,average,4051.0080436,1393.99,1105.1255225523164,89.67369712260596,0.06432879512952457
112188,Cold,inefficient,7379.1296127,1770.36,1403.2328509043384,438.5020291250087,0.24769088158623595
112191,Very-Cold,inefficient,1038.4932829,2486.5,3598.3172065005983,357.61667693221557,0.1438233166829743
112192,Cold,efficient,7724.3434673,1274.52,1886.660010148231,268.34439844402766,0.21054545903087254
112201,Cold,average,6326.2969726,2537.16,2302.797482367244,408.82117166929,0.16113338207653044
112207,Mixed-Humid,efficient,5218.4577052,2247.94,3079.589450682919,379.6158326715089,0.16887276024783085
112210,Cold,average,5882.4623178,2607.9,2388.2693400747658,623.0035751376724,0.23889089886026013
112212,Hot-Humid,average,10606.779724,1486.36,1978.296578826311,499.97161456639344,0.3363731630065351
112216,Cold,efficient,3690.8041984,2316.46,2799.2168597608093,245.26585237874943,0.1058795974800987
112223,Very-Cold,inefficient,915.05577239,4032.24,3252.4567805655597,801.8482738504349,0.19885926280440522
112226,Mixed-Dry,average,3994.1368511,1102.97,881.9907730102173,134.7957753815984,0.1222116425483906
112231,Cold,efficient,2329.8074955,1321.87,1795.5298977958998,445.3198408220053,0.336886260238908
112233,Cold,efficient,7213.239362,2149.37,2804.2995396294887,560.6439004270006,0.2608410373397789
112244,Mixed-Humid,efficient,6574.8671777,4204.29,4137.477475102018,814.5878640207532,0.1937515880257435
112253,Cold,average,6209.3152284,1106.06,1199.5326883319374,121.50990366813744,0.1098583292661677
112255,Mixed-Humid,efficient,19685.024079,707.93,730.4198708863121,83.05974803774703,0.11732762849116019
112262,Cold,inefficient,6492.6553091,4175.14,3125.7536455619397,1137.2588776406797,0.27238820198620395
112263,Hot-Humid,inefficient,9387.8774312,938.0,1499.516156283362,67.42158238958538,0.07187801960510169
112268,Cold,efficient,4920.3350619,2598.41,3091.8607020760646,579.7249758922339,0.223107583442272
112280,Very-Cold,average,1578.5513701,1103.31,868.2977773196702,315.6072466888263,0.28605491356810536
112282,Cold,inefficient,18604.985831,2140.78,1770.104205287745,288.6287208320304,0.13482409254198488
112285,Hot-Humid,efficient,17316.432665,635.91,1589.9635655220736,156.48501632105544,0.24608044585091515
112293,Mixed-Humid,efficient,3258.7124556,3170.61,2566.179456949055,731.4602541951693,0.23070016627562814
112300,Mixed-Humid,inefficient,4595.1232668,1879.46,2057.7589060744667,199.80820821445732,0.10631149809756915
112302,Cold,average,8249.8220459,1988.39,2287.2022557692835,354.3059290376241,0.17818734203935047
112307,Cold,efficient,8012.1205818,661.33,1018.5266203261692,113.41488275436805,0.1714951427492599
112314,Cold,inefficient,5016.4947572,8026.18,4514.898431700832,2445.615770437026,0.3047048247655829
112315,Hot-Dry,inefficient,7400.5172726,3178.22,1918.0803049977624,703.364281945946,0.22130761304942578
112326,Cold,average,4961.7264145,2913.27,2402.089706666698,416.9300077656232,0.14311409782327872
112340,Mixed-Humid,efficient,9612.6361769,542.29,742.714284704562,93.99639386377758,0.1733323385343222
112345,Cold,average,4496.4518055,1245.59,1506.7981238214163,133.3825979695382,0.10708387026994294
112348,Cold,inefficient,2639.5962169,2554.15,3017.727087460171,366.59673830165275,0.14352983900775315
112349,Hot-Humid,inefficient,11912.810495,839.29,1164.1731363424035,141.40187984190874,0.16847797524325173
112350,Mixed-Humid,inefficient,6940.6486721,1797.73,1579.0299690300642,284.1651173169023,0.15806885200608672
112360,Hot-Humid,efficient,1263.0069329,264.47,1870.081776446456,12.721337720245312,0.04810125050192956
112361,Cold,average,6629.1703437,2208.9,2171.1658620516314,488.89249630345677,0.22132848761983645
112363,Cold,efficient,3013.526077,2787.0,2996.4368581798867,485.813303923363,0.1743140667109304
112369,Mixed-Humid,average,4559.3923575,1297.93,1547.8220520795514,287.02329208627106,0.2211392695185958
112375,Hot-Humid,inefficient,6147.8085167,2805.57,1497.7209272909824,636.45649991039,0.22685461418192737
112378,Cold,average,6310.9801227,2028.41,1776.3459757266082,608.241676584931,0.29986130840655045
112384,Mixed-Humid,average,12549.136237,844.23,742.3888849043215,218.10794372732505,0.2583513304754925
112387,Marine,inefficient,6429.6821785,1144.3,1419.1906168531775,242.33416675833354,0.21177502993824482
112388,Cold,inefficient,8025.1779021,2617.83,2128.515481151052,500.7807511767023,0.19129613121428907
112390,Cold,inefficient,5392.9313739,1556.4,1864.5964816226956,331.73369692981953,0.2131416711191336
112394,Hot-Humid,average,3679.2028553,1573.82,1330.9926862734455,352.60589040747743,0.22404461145968246
112397,Marine,inefficient,5233.2298123,2137.08,2471.9331371652556,421.30415616818254,0.19714009591039294
112400,Cold,average,1498.9211299,3809.23,3382.0819641556714,1050.869320611338,0.2758744734792433
112403,Mixed-Humid,average,5680.0910207,1079.15,1613.585529702748,267.9309574385998,0.24827962511105944
112407,Hot-Humid,inefficient,10287.925186,1326.29,1199.2095884390103,196.2848083349333,0.14799539190895905
112422,Marine,efficient,5401.0488338,1215.39,1977.8849814421517,157.3906814254644,0.12949808820663689
112425,Mixed-Humid,efficient,7573.6187495,2906.44,2647.3090697520593,900.6338396359699,0.3098752562020788
112426,Mixed-Humid,average,6964.7535793,2321.76,2158.5945127336304,483.0808966052018,0.2080666807099794
112433,Cold,inefficient,2905.3467729,4406.74,4276.435048714428,1008.5758919309012,0.22887120454823776
112435,Cold,inefficient,7933.18954,2203.44,2431.1916258747683,323.98952555358187,0.14703805211559282
112442,Mixed-Humid,efficient,12540.297213,1433.37,2080.564147789389,360.4940502110504,0.2515010431438152
112451,Hot-Dry,inefficient,8519.8523076,1709.76,1249.1946581720415,334.3472955106531,0.19555218013677542
112458,Mixed-Humid,average,6543.0679455,1984.31,2005.0581700081812,331.1537950182337,0.16688611911356277
112460,Cold,efficient,6187.9998753,1780.11,2222.166361478055,598.9276489620859,0.3364554150934975
112472,Mixed-Humid,average,8352.3231493,1324.86,1422.9123415317674,111.00575039707029,0.08378677777053446
112473,Mixed-Humid,average,8016.3037777,2127.74,2208.2048767017463,439.1645421777242,0.20639953292118596
112490,Cold,inefficient,18299.387347,1182.62,1139.1082796829676,194.87822509970385,0.16478515930705034
112493,Hot-Humid,efficient,6851.7262898,736.09,1226.2923998821122,149.0966453162628,0.20255219513410425
112495,Mixed-Humid,inefficient,9697.7991691,2697.12,1509.1845892749225,620.6251721962049,0.2301066219508976
112497,Cold,inefficient,10235.877965,2714.38,1808.3473812019424,336.05355101326126,0.12380490241353873
112514,Marine,inefficient,7802.6819965,2270.0,314.756380505666,452.1561241708584,0.19918771989905656
112516,Hot-Dry,inefficient,13800.128995,1054.13,1013.675195033794,163.9768485235317,0.1555565713180838
112518,Hot-Humid,inefficient,9970.6145535,2992.03,2440.5489833761835,318.042802862352,0.10629666242061477
112520,Cold,efficient,4146.6036727,1739.48,2380.8273073747314,357.7478879734872,0.20566369718162164
112527,Marine,efficient,5570.723463,1765.58,2052.078066405221,213.26144514888975,0.12078832176898796
112534,Cold,inefficient,4890.2487495,4275.53,3116.094028897654,1052.0909245808652,0.24607263300242668
112536,Mixed-Humid,inefficient,5855.273907,3197.8,2664.399281875239,877.9936530144282,0.2745617777892389
112539,Cold,average,8814.4693992,1733.79,1900.8232624270067,303.5547408843982,0.17508160785585233
112540,Hot-Humid,efficient,9339.8193707,2380.82,2304.083811791381,740.0128173768023,0.3108226650384331
112544,Cold,average,6472.7816086,1850.95,2393.1549562283135,295.76715865671343,0.15979208441973766
112549,Hot-Humid,average,13059.011477,2564.83,2294.394233296937,644.3526028386052,0.25122624222213763
112552,Mixed-Humid,inefficient,11255.007793,2134.44,990.8613738062044,143.46013522585446,0.06721207212470459
112553,Cold,inefficient,5781.8659091,2182.91,2538.2516379642907,454.0813937337026,0.2080165438491292
112555,Marine,average,5893.8984714,2354.65,2657.9440907594394,656.6057326544794,0.2788549179939606
112560,Cold,inefficient,24893.856335,1086.4,1560.9660805340504,229.98043608363596,0.21169038667492263
112561,Cold,average,4400.3971337,2474.25,2062.2685184549982,1154.687104229863,0.4666816628189807
112570,Mixed-Humid,efficient,6956.0913318,2251.86,2318.009516058629,273.95183231593694,0.12165580112259951
112573,Cold,average,6284.3287861,1980.31,1939.1561712596215,298.74961613304043,0.15086002501277096
112586,Cold,efficient,4697.563726,3654.81,4947.50334416533,1398.4791527774412,0.38264072626961215
112589,Cold,average,6463.1177803,2475.06,2975.587486338193,554.736157452482,0.22413038772897706
112591,Hot-Humid,efficient,20962.654766,513.37,738.6687798469324,79.13462813362369,0.1541473559686458
112597,Hot-Dry,inefficient,21447.214849,1501.03,1287.590897161506,172.7109438878223,0.11506162027928976
112600,Hot-Dry,efficient,18838.919662,441.97,523.7852407010768,99.73754617839307,0.22566587365294719
112613,Cold,efficient,5181.4593976,1109.85,1627.6428613480766,681.5186520250525,0.6140637491778641
112614,Cold,average,4174.1646887,2200.74,2061.733414889412,270.4144029281723,0.12287430724582292
112616,Cold,average,5851.001604,1980.28,1880.0774396405773,465.73999881257987,0.23518896257730212
112617,Cold,average,6342.8109073,2578.16,2390.608222487901,357.23258651507314,0.13856106157688938
112621,Cold,inefficient,7222.993703,1726.65,2018.0657246026171,333.89845301986855,0.1933793490399725
112628,Hot-Humid,average,3580.4707905,2447.28,1809.0256877875263,475.07252409337167,0.19412266847004497
112632,Cold,average,3573.9578838,3036.83,3402.0462453679015,548.0842759674213,0.18047907718490047
112634,Mixed-Humid,inefficient,5208.186145,1188.06,1389.080893164041,227.23773355119957,0.19126789349965453
112651,Very-Cold,inefficient,915.69696304,3828.28,3444.215209847863,482.9357221381491,0.12614952985104252
112653,Mixed-Humid,efficient,4643.6253622,3137.05,3279.2192386838296,615.9521081581415,0.19634755842531726
112658,Mixed-Humid,efficient,7970.3999049,1222.95,1697.1779804932023,153.3858845554204,0.12542285829790295
112660,Cold,efficient,2353.9037185,1390.09,2926.575751557208,131.78564406431323,0.09480367750599834
112662,Cold,efficient,5804.9724844,1604.19,1879.7382820831567,308.0755762246302,0.19204431907980363
112664,Cold,efficient,3486.3958459,3907.82,3311.0129595891203,1062.6876072928185,0.27193872985265916
112665,Cold,inefficient,3936.1371301,2307.02,1817.802496892641,216.9135620163658,0.09402326898612313
112666,Cold,efficient,6099.9297286,938.68,2473.339291433799,196.00348624038983,0.20880756619975907
112670,Cold,average,2098.4750326,3106.96,2987.656628766739,493.35689038433384,0.15879087287391336
112679,Mixed-Humid,efficient,2557.7819561,3151.5,4192.5416431070535,610.1135340753092,0.19359464828662834
112681,Mixed-Humid,average,7316.8598508,1078.01,1265.227305040359,226.18618566537816,0.2098182629710097
112684,Cold,inefficient,5446.1472422,3612.68,3313.4532097558117,994.8330114168073,0.27537257975154383
112688,Cold,efficient,8694.1630084,2347.8,1788.1643433367592,615.0521435974564,0.2619695645274113
112691,Very-Cold,average,827.06206579,1571.36,1645.9496395712365,362.5740385931426,0.2307390022611894
112692,Mixed-Humid,average,5907.9183366,2579.91,2181.6998854721114,559.071661173822,0.2167020016875868
112697,Mixed-Humid,inefficient,7989.3137895,1949.31,1580.596256759294,366.219591986688,0.1878713965386152
112698,Very-Cold,inefficient,665.14583849,3116.12,2754.707520863208,444.9015927026154,0.14277421687952177
112699,Cold,inefficient,4338.3639511,2925.74,2567.5396332119444,499.64981807934714,0.1707772454419556
112700,Cold,efficient,4645.3810193,2312.05,3276.5246061725093,333.3539681009084,0.14418112415428228
112705,Hot-Dry,average,3211.5225133,2187.47,1844.9403407918144,503.20588961368946,0.23004013294522416
112713,Cold,efficient,9448.5785735,1278.96,1723.6656966984374,179.84996547932428,0.140622040938985
112719,Cold,inefficient,1128.0275242,3255.49,2674.346039545184,1022.4399681562319,0.3140663826816338
112724,Hot-Humid,inefficient,18781.395699,1066.1,747.0825591330357,176.58661537909617,0.1656379470772875
112726,Hot-Humid,inefficient,1749.2542985,6773.92,2613.781138271224,162.7656591508565,0.0240282818738421
112731,Cold,average,3883.3603452,2267.99,2635.238566970348,533.0543475086913,0.23503381739279774
112732,Cold,average,1128.7799414,2390.65,2356.7105001451832,768.417115349473,0.32142602026623424
112733,Mixed-Humid,efficient,3716.4951967,1820.75,3439.6324300312313,800.3981549180403,0.43959805295512305
112734,Cold,efficient,18604.985831,1224.78,2333.5940587265472,158.3698349719989,0.12930472000849041
112735,Hot-Humid,inefficient,12968.690431,1175.02,1152.5504401466162,309.2270026090763,0.2631674376683599
112742,Mixed-Humid,average,5301.1869346,2505.15,2124.5827171691176,808.4110359737527,0.32269965310410664
112743,Mixed-Humid,inefficient,3859.5246506,2367.65,1610.1658153196954,792.1858338925815,0.33458738998271764
112744,Mixed-Humid,inefficient,13297.505896,2544.43,2626.603802916553,376.0372615846391,0.14778840902859938
112747,Cold,inefficient,14008.628818,1590.43,1387.070941781423,233.84551828476089,0.14703288939768544
112751,Cold,inefficient,8946.2864241,2360.14,1938.605176482084,633.2259476206117,0.26830016338887175
112752,Cold,inefficient,1343.3787338,743.11,698.1991059429954,170.3409216606055,0.22922706148565553
112755,Cold,inefficient,3055.0178937,6731.27,2947.57163371027,1380.0402038190932,0.2050192911321479
112765,Mixed-Humid,average,5324.4723217,1972.21,1851.4270334941789,660.2290624350965,0.3347661062640877
112773,Marine,efficient,9773.1947172,650.64,941.4339122060468,131.02019167084785,0.20137125241431184
112794,Cold,inefficient,7890.0795246,1040.27,1229.524614511933,203.47072477331403,0.19559414841657843
112800,Marine,average,6162.8287677,591.23,695.0364631048686,87.63633013368093,0.14822713687343492
112809,Cold,inefficient,2885.2386435,2863.5,3159.4448940299303,623.3731431700486,0.2176962260066522
112819,Hot-Dry,efficient,8980.7993812,1114.28,1919.1443203228168,313.6590111433338,0.28149029969427236
112820,Hot-Humid,inefficient,6765.1144141,1437.08,1515.1375555273162,379.27908635602176,0.2639234324853326
112821,Cold,inefficient,5492.5920052,1705.63,1659.6734452346254,375.7851446370951,0.22032043563791387
112825,Hot-Humid,inefficient,17595.235663,1812.66,1119.2191989877851,273.3544382366621,0.15080292952713806
112838,Mixed-Humid,inefficient,8749.6775365,2396.38,2032.9874510659872,435.7483719130629,0.18183609106780346
112840,Cold,average,5990.8188558,2364.03,2441.8110569767387,716.0452545502528,0.30289177994790795
112841,Mixed-Humid,inefficient,13015.802372,1129.44,1522.867013186442,211.22223865871945,0.18701501510369692
112844,Mixed-Humid,inefficient,7763.2055207,2811.09,2704.924540970818,645.8337419106322,0.22974495370501555
112850,Marine,efficient,5472.9715007,513.18,781.8047740842891,122.28167657415638,0.23828223347393973
112851,Hot-Humid,average,5449.1793039,2142.52,1968.5443770263896,861.9723753755328,0.4023170730614103
112852,Mixed-Humid,efficient,5559.0541968,500.76,1071.681211519501,61.95657211325061,0.12372508210170663
112854,Hot-Dry,efficient,8365.1210845,674.04,1529.7037695660442,146.69153582885428,0.2176303124871733
112862,Cold,efficient,1660.6584375,936.42,1331.1087949446494,148.82986378531834,0.1589349477641639
112864,Cold,inefficient,6119.9365906,1429.32,1192.6897734533,357.5933401052076,0.25018424153108304
112870,Mixed-Humid,inefficient,11454.168065,806.18,744.3990191490464,180.2501419508245,0.22358547960855457
112883,Cold,inefficient,3187.3648255,4289.51,3786.114588883278,758.4170348794908,0.17680738240020205
112884,Cold,average,1938.7023484,3779.92,3340.6233405933704,614.9619421359967,0.16269178769286033
112886,Cold,average,3797.7326749,1325.02,1676.424817907019,310.79918371266916,0.23456188111324294
112918,Hot-Humid,average,5485.7689618,1118.73,960.644177481531,235.27179335917285,0.21030256930552754
112926,Cold,efficient,3626.2675414,1333.07,1502.8750542876844,246.25803075125697,0.1847300072398726
112929,Cold,inefficient,3141.9082173,1874.53,2648.84920708259,402.351782613802,0.2146414208435192
112932,Cold,inefficient,17192.105849,1783.72,2188.616562356236,525.3171431737576,0.2945065050421353
112936,Mixed-Humid,inefficient,5726.5907013,3917.64,2496.456148449965,710.1616738388451,0.18127282594593816
112937,Marine,inefficient,6868.8152636,1378.38,1459.4524534242837,332.72470633147105,0.2413882284504063
112941,Mixed-Humid,inefficient,3137.4649266,1009.1,1201.435840064346,151.92575891740847,0.15055570202894508
112945,Cold,inefficient,8205.0683418,2189.91,2034.0216767503573,801.4693079511803,0.3659827609130879
112953,Mixed-Humid,efficient,4738.8490477,4473.66,3762.466695798392,1338.2620056558837,0.2991425378003433
112957,Mixed-Humid,efficient,6770.24642,823.13,1566.5095621935552,156.7401048784232,0.1904196237270215
112960,Hot-Humid,inefficient,5418.3314257,1493.07,1594.5086899149192,444.6917285056544,0.2978371600163786
112965,Hot-Humid,efficient,5004.1133304,2854.52,3726.3676185837808,846.8155692929975,0.2966577810955949
112968,Mixed-Humid,inefficient,8631.4129677,931.42,1074.2207620227489,134.12940316352962,0.14400528565365744
112974,Mixed-Humid,inefficient,10353.969905,2266.71,1852.64322913081,678.1538404775542,0.2991797982439546
112975,Cold,inefficient,14717.340671,1761.05,1876.6000813061555,620.8845161677642,0.35256495622938827
112979,Cold,inefficient,6993.5762734,2517.12,1977.9791362699905,882.419114309954,0.35056696316026015
112981,Very-Cold,inefficient,846.70558197,3263.21,2355.7310204070495,548.7770133943295,0.16817091556912656
112990,Cold,efficient,8520.9884556,1283.72,1777.9958541241674,225.96226542468565,0.17602145750217
112996,Mixed-Humid,average,2482.5990927,1690.83,1878.983768481053,380.7578703944844,0.22518991879401504
112997,Mixed-Humid,average,1929.3557197,1891.31,1494.42813983138,250.89616370742172,0.13265734528312215
113001,Cold,average,8605.2394719,2887.32,3040.3013427034616,431.80654108230317,0.14955271361757724
113007,Cold,average,2517.0329174,1387.24,1744.652717120095,372.08984515556483,0.2682231230036366
113011,Hot-Humid,inefficient,2003.4842648,1005.54,740.3624923688459,58.393607826607536,0.0580718895584537
113021,Cold,inefficient,1483.2067569,3309.9,3150.047560079779,959.9372637424182,0.2900200198623578
113025,Cold,average,5640.4388442,1949.29,1739.4844228344348,519.6604868175452,0.2665896233077404
113033,Marine,average,5203.4773852,1288.67,1430.3191588947466,369.693229899021,0.2868796743146197
113034,Hot-Humid,average,10118.534153,1376.3,1517.6768782962397,380.234782381296,0.2762731834493177
113045,Cold,inefficient,12091.586147,2134.71,2288.79876482334,373.10712741291195,0.17478117749619945
113046,Cold,average,4466.8465043,1500.63,4044.641648459361,759.4256817047923,0.5060712378832838
113047,Mixed-Humid,inefficient,12194.1285,3207.57,1797.3254240166068,1018.6039812948679,0.3175625103411205
113051,Cold,average,2006.4311145,1484.82,1410.572152783899,490.671143269156,0.3304583338513463
113053,Cold,average,3382.1325892,4146.56,4017.5917479255777,588.1478452075177,0.14183994569173425
113062,Mixed-Humid,efficient,7684.6601117,997.86,1389.7905276677643,235.97428764819574,0.23648035560919942
113063,Marine,efficient,5942.9108334,1463.92,1426.6888329989115,223.0042785294491,0.15233365110760771
113069,Mixed-Humid,efficient,5207.8583082,2377.97,2505.772363130599,475.0220483916762,0.1997594790479595
113081,Cold,efficient,11181.098216,1398.1,2110.0220966542793,351.5073318950209,0.25141787561334733
113092,Cold,average,8998.6897231,2389.07,2248.720983882552,814.8538947814553,0.34107577207091266
113105,Mixed-Humid,average,5280.192312,1263.98,1580.5280484125788,343.8568730283052,0.27204296984786563
113106,Very-Cold,average,820.17770187,3890.33,2731.944072510425,1174.2594503920914,0.30184057660714936
113107,Hot-Humid,efficient,11731.607481,2304.23,2051.6440000781513,476.9546664533267,0.206990910826318
113110,Mixed-Humid,efficient,5511.8438589,1998.73,3294.0071776078844,274.5199386170874,0.1373471847708732
113114,Cold,inefficient,3390.6425917,2884.8,2761.340908379683,473.2659361564184,0.16405502501262423
113116,Hot-Humid,inefficient,4678.5123327,2544.24,2174.519278813065,376.81056335695706,0.1481033877924084
113118,Cold,efficient,5530.8558527,2157.88,2418.1701187408953,394.68791951028015,0.18290540693193325
113120,Cold,average,3769.5083883,2142.97,2074.879815388935,716.0128341174697,0.334121725510609
113124,Cold,average,6731.0649033,921.5,855.9941485916136,133.32011101334837,0.14467727727981375
113127,Mixed-Humid,efficient,5956.6580189,2174.35,2823.0019942246686,1104.8593714057697,0.5081331760782624
113132,Cold,average,7580.9849171,1474.5,1814.8364944674604,161.06973663844343,0.10923685089077208
113144,Mixed-Humid,efficient,10301.402696,3839.98,2660.6190691308716,571.4513885081703,0.14881624084192374
113147,Cold,average,8619.6739622,1094.54,1544.6363253898091,240.65136914086474,0.2198653033611058
113148,Cold,inefficient,9998.3279913,988.79,1044.1154412607698,170.42110069943428,0.17235317984550236
113152,Cold,inefficient,1050.7122438,1780.82,1986.0033123278731,360.4713942280749,0.20241877013290221
113157,Cold,average,11472.643002,1303.43,1736.2914074438022,432.8692101293009,0.3321000821902986
113164,Mixed-Humid,inefficient,6442.0506805,3401.93,3653.8263517098753,776.1602850430902,0.22815292643972399
113166,Cold,average,6442.5598193,2506.02,1973.2836912610428,671.7536928007166,0.268055998276437
113176,Hot-Humid,efficient,10830.626368,1472.39,1805.945983399443,297.5209447195316,0.20206667032479952
113186,Very-Cold,efficient,16045.878836,632.07,2055.4382861968975,112.78446858416153,0.17843667407749383
113189,Marine,efficient,4933.7708799,977.07,1626.5067332682038,194.2873614758921,0.19884692138320909
113200,Very-Cold,inefficient,844.99698434,6915.21,4942.653363935533,1177.4565197385587,0.1702705369379323
113203,Mixed-Humid,inefficient,8659.1234212,8469.31,3300.5292798101095,1428.8878744886547,0.16871361120193437
113213,Hot-Dry,average,9957.4902106,1233.64,2062.924399644634,151.67925361852159,0.12295260661013065
113225,Cold,average,2285.9712201,1934.59,2558.7498051948396,430.3698624923955,0.2224605019628942
113236,Hot-Dry,inefficient,9425.2779393,1977.8,2110.6555246485714,289.9925243527019,0.14662378620320654
113244,Hot-Humid,inefficient,13489.178825,1381.39,995.1298728316708,186.88316366239616,0.13528631571272134
113246,Hot-Humid,efficient,16979.242738,832.19,1359.968492919148,251.6866201186676,0.30243889029989257
113250,Cold,inefficient,1563.5414499,905.77,1066.8358256662818,261.7055106285994,0.28893152856530846
113258,Cold,average,7647.0577403,2127.44,2239.691046129051,450.67345093769154,0.21183838366190894
113264,Mixed-Humid,average,12224.167086,1404.28,2246.9321078779953,325.0351957009639,0.2314603894529324
113278,Cold,inefficient,4007.6616932,1311.7,1050.1536211998125,189.4507587351659,0.14443146964638703
113279,Marine,average,9050.9725444,1931.88,2141.086804671119,230.68927271816958,0.11941180234702443
113281,Hot-Dry,inefficient,6954.0866936,1381.26,1263.557820201565,187.87121687766506,0.13601437591594998
113289,Hot-Dry,inefficient,5012.1419657,4763.28,2633.7146909461635,1104.1194862510229,0.23179814880733926
113292,Cold,efficient,8777.0342065,1167.09,1979.994942395471,441.2986895979177,0.37811881654192714
113298,Very-Cold,inefficient,755.71998091,2866.7,2399.524707259593,479.49910832540525,0.16726518586716618
113305,Hot-Humid,efficient,4975.6355399,1718.56,2587.437560765401,511.3197821181877,0.2975280363316891
113310,Mixed-Humid,inefficient,5139.6466768,1576.69,1920.7560290392632,340.73996533297077,0.21611094465809433
113316,Cold,efficient,1751.2126746,4415.24,6221.078044832752,243.2678267425611,0.05509730541093148
113326,Mixed-Humid,average,8356.1064606,827.51,882.8259731588416,149.20655158637072,0.18030785318167844
113329,Marine,inefficient,5315.3529927,3103.09,2134.4618991049547,464.52091131671153,0.14969624191264563
113331,Mixed-Humid,inefficient,5331.0877098,1728.36,1417.9723748635931,465.04514973409897,0.2690672948541386
113334,Hot-Humid,average,6135.5655883,1144.63,1473.1755955192818,166.31562628824074,0.14530077517472084
113336,Hot-Humid,average,6919.3345616,2928.66,2151.503538197665,470.6562064747086,0.16070701497432568
113337,Cold,average,4917.0800445,1919.13,1741.4382723310616,418.94168426370504,0.21829771003720697
113345,Hot-Humid,efficient,9767.7967879,2659.36,2324.934553616665,939.2479100203182,0.3531856950620894
113353,Hot-Dry,average,9741.2953062,3803.36,3271.351547059919,1332.7545436485195,0.3504150392412287
113354,Cold,average,6856.8959889,2026.31,2000.7907626831088,479.168270020364,0.23647332837540358
113357,Mixed-Humid,inefficient,2757.9074949,2302.57,1209.4802027835085,687.6718143482332,0.2986540319504871
113363,Cold,efficient,7195.9868584,1607.12,2038.680357884352,250.51179705138173,0.15587622396048942
113371,Cold,inefficient,5990.6362958,3395.34,2710.790348419476,723.2903242953661,0.21302441708204953
113373,Hot-Humid,efficient,4859.4995172,1709.43,2929.4598822660546,497.554449087158,0.2910645355979233
113383,Very-Cold,average,726.06972518,4498.25,4099.286935886339,932.8813950581691,0.2073876274235912
113385,Hot-Dry,efficient,4261.5304921,1218.05,2506.2378726145316,325.74939556506763,0.2674351591191393
113390,Hot-Humid,inefficient,11574.717458,1654.23,1005.3646733102676,407.08041578255677,0.24608453224917742
113395,Mixed-Humid,inefficient,4301.8383983,2157.82,2481.803673454762,471.0895067178231,0.21831733264026798
113404,Cold,efficient,8808.8299126,748.05,1378.8950283937943,292.7275681249633,0.3913208583984537
113405,Marine,efficient,6253.140456,1129.06,1460.9440311685014,294.52699319918213,0.2608603556933929
113411,Mixed-Humid,efficient,6392.4219352,1679.61,1558.9263273394,306.82478797593944,0.18267620934379972
113415,Hot-Dry,efficient,5031.0469092,3284.68,4509.742399144329,1083.2508887258514,0.3297888648896853
113416,Hot-Humid,efficient,7202.5388679,1147.63,1823.1470350559484,200.9067525259822,0.17506230451102026
113417,Hot-Humid,efficient,1848.3736911,1230.96,4547.4360637199115,56.183247018611006,0.04564181372149461
113421,Mixed-Humid,average,5169.0161999,2404.48,2083.006329282025,429.2355353795941,0.1785149119059398
113425,Cold,efficient,4409.4359972,1347.42,1877.4912552433416,326.6258263438551,0.24240832579585808
113426,Mixed-Humid,average,6316.6510575,3051.78,2303.7719272733875,457.559044404256,0.14993185760580904
113428,Hot-Humid,efficient,8930.1700779,779.9,1594.665697408138,97.50105406986049,0.12501737924074943
113432,Hot-Dry,efficient,7904.6103175,1757.44,2137.664799373684,405.5446169460918,0.23075872686754131
113434,Cold,inefficient,7386.4062528,4565.3,2588.4640311985154,448.32642406749966,0.09820305874038938
113440,Cold,efficient,3618.1870049,1922.58,2092.49917602749,450.8233778905583,0.23448874839567577
113445,Mixed-Humid,average,5338.5653449,2141.75,2009.8734528300156,415.0363140783568,0.19378373483289682
113449,Cold,efficient,5667.1496074,1043.5,1636.5490941569392,302.0569994814877,0.28946526064349565
113450,Marine,efficient,9043.0363054,1228.61,1517.6676151837137,194.07561577025302,0.15796356514292823
113461,Hot-Humid,average,10750.368545,1445.85,1595.0283322888934,96.90303804342622,0.06702150156892224
113462,Mixed-Humid,average,8036.3439829,1117.3,1081.3938039473096,153.52876672706913,0.13741051349419953
113463,Mixed-Humid,inefficient,4201.13081,1981.35,1682.1737467711685,296.9230534365346,0.14985896153457723
113464,Hot-Humid,average,12419.751329,1560.99,3023.068714201566,203.90552987750516,0.13062577587140542
113470,Cold,efficient,5439.4758671,1884.09,1919.113001479893,484.1409133282307,0.2569627317846975
113480,Cold,efficient,6715.4781847,1602.87,1973.5711296879283,323.5312787837113,0.20184498978938487
113490,Cold,efficient,5356.6942017,1300.55,1790.3065993055084,497.13631890254396,0.38225083149632383
113496,Marine,average,5755.3046904,1667.59,1915.9282802346129,442.7284428119504,0.2654899842359036
113498,Cold,average,2706.0605154,1033.89,642.6214689918645,304.6872297473473,0.29469985177083374
113501,Hot-Dry,efficient,4528.4871392,1263.74,1685.6728413837775,593.56036116848,0.4696855058544321
113506,Mixed-Humid,inefficient,10933.982891,2228.4,1498.8158274027908,144.6942224424782,0.06493188944645405
113509,Mixed-Humid,average,7458.26448,3686.42,2732.0476524663054,695.315340760528,0.18861533432450128
113510,Mixed-Humid,average,7002.9371169,1570.73,1305.60549675345,365.64380841848975,0.23278590745608077
113524,Hot-Dry,inefficient,7211.7888001,1791.82,1892.0229543183884,461.63405626842575,0.25763416876049255
113532,Cold,efficient,4218.1105066,2586.89,3623.580454101371,981.7514174919603,0.3795103067745286
113534,Cold,average,2531.5871385,4020.75,3869.307368218365,865.5993741907517,0.21528306266013847
113535,Cold,average,7902.0367142,3177.12,2775.0974087274026,972.9359793020817,0.30623205270876824
113537,Cold,average,1916.1015138,9053.87,5367.01935052895,1507.0426876294368,0.16645287458616445
113538,Hot-Humid,inefficient,9898.808949,1925.56,1856.6141105924603,387.27135490730154,0.20112141657871038
113543,Mixed-Humid,inefficient,6693.8839415,2580.09,1842.5446244849895,505.485553842596,0.19591779893050087
113555,Mixed-Humid,average,6474.0835368,2944.64,2319.5924042437227,254.60133567374157,0.08646263572923739
113558,Hot-Humid,inefficient,12107.117389,2825.07,1825.7958497669529,714.4847832904536,0.2529087007721768
113561,Marine,efficient,2670.3431005,694.44,1340.0223374449286,174.82444649580418,0.2517488141463685
113563,Cold,inefficient,18322.879235,949.17,1150.6012317519237,123.42254671376669,0.13003207719772716
113567,Mixed-Humid,efficient,3791.1714664,1369.33,1188.3904376922262,321.88913074697615,0.2350705313890561
113568,Hot-Dry,average,6687.7107249,2553.17,1302.101663605519,1344.6054012029972,0.5266415480375365
113570,Cold,efficient,6041.3532019,2775.12,3164.6532672812536,922.4661289260727,0.33240585233289827
113577,Mixed-Humid,average,4414.8396136,1350.05,1340.858476551185,183.5378300282741,0.13594891302416512
113579,Hot-Humid,inefficient,16459.15891,1664.92,1194.3406551021933,270.10658075942274,0.16223396965585296
113581,Marine,average,5017.7203389,1487.18,1763.1151555701472,173.13873759880576,0.11642083513684003
113586,Hot-Dry,inefficient,16161.184355,1032.37,1143.2742828291373,41.75640435842464,0.040447130736484635
113589,Hot-Humid,efficient,10538.099915,907.32,1910.931971039411,368.3966189304528,0.4060272218516651
113591,Mixed-Humid,inefficient,12325.855637,2170.98,3690.546355915736,375.8059594666805,0.17310429366768948
113595,Marine,average,9068.6712357,2052.73,2824.72300606522,130.0862409866692,0.06337230955199621
113598,Hot-Humid,efficient,8877.5983172,1197.26,1777.5133807538002,247.39969515214307,0.2066382366003567
113601,Mixed-Humid,inefficient,7466.2581901,1837.76,1509.7015419672189,619.7943898389105,0.337255348815357
113604,Hot-Humid,average,8976.1815012,537.05,752.0711951834351,110.05539169705006,0.2049257828825064
113608,Mixed-Humid,inefficient,7666.7149622,3371.35,2529.500139332143,755.3844399096772,0.22405992848849193
113611,Cold,average,5354.6835467,2594.61,3021.703602322163,351.9399738563345,0.13564272621177537
113624,Mixed-Humid,efficient,3248.8867709,3675.48,2735.1429477358697,1112.3835646837008,0.3026498755764419
113629,Cold,efficient,7651.0788457,1021.12,1082.8757879491122,213.67509877078294,0.20925562007480308
113630,Hot-Dry,efficient,21259.647054,438.85,1195.1815292878953,45.57758376771782,0.10385686172431996
113641,Mixed-Humid,average,3510.3813884,2522.76,1896.9537576495068,738.7758410158975,0.2928442820624623
113643,Mixed-Humid,inefficient,5105.2409088,2098.56,1931.4976188750493,510.02545397499216,0.2430359169978424
113647,Mixed-Humid,average,6617.4174729,1860.45,1728.8362926262057,457.37567456165254,0.24584142253844637
113652,Cold,average,12419.443515,3284.65,3605.2661028216103,481.265705093242,0.14651963073485516
113653,Hot-Dry,efficient,5376.4207701,1050.83,1293.95946467948,166.47529064291933,0.15842266650449582
113656,Very-Cold,inefficient,582.61580125,1991.93,1656.9575067190824,599.4550750411427,0.30094183783624057
113661,Cold,average,4006.9538556,3671.55,3321.598656021736,797.7003218064172,0.21726527537590856
113667,Hot-Dry,efficient,3557.100295,701.98,1534.041523133758,235.8108477056029,0.33592245890994454
113669,Mixed-Humid,average,7061.8068504,1260.76,1477.0906062781214,331.1532282856151,0.2626615916475896
113671,Cold,efficient,9429.6652518,2524.56,2293.1327711214453,492.8014393571795,0.19520290242940533
113672,Hot-Humid,inefficient,1490.6877996,1032.4,1244.4558219904868,72.17304932024858,0.06990802917497925
113675,Cold,inefficient,6020.4315212,2504.73,1784.7196062769224,730.5129702962297,0.2916533799236763
113677,Marine,efficient,5804.2790812,538.2,1192.7511703725677,84.59493653580812,0.15718122730547773
113678,Hot-Dry,inefficient,7527.8846626,1729.86,1766.0728820568422,212.42401024449046,0.12279838266940127
113683,Mixed-Humid,inefficient,7977.0978531,1541.01,1751.092488795084,458.32967837670105,0.29742161204450396
113685,Cold,efficient,9360.8225056,1119.1,1877.5622144367976,303.9892467452713,0.27163725024150775
113688,Mixed-Humid,inefficient,4575.7716682,2362.87,1268.878637881992,830.3548947030956,0.35141793442004665
113689,Cold,inefficient,8154.3373814,4142.55,3774.5824888850425,748.0061238815032,0.1805665891495584
113702,Mixed-Humid,efficient,5826.3079272,1315.36,2156.4774010201313,326.9664750741007,0.24857565615048405
113705,Cold,average,951.93363454,1795.77,1654.3544741372436,457.4489751651533,0.25473695137192026
113706,Mixed-Humid,average,4980.5286773,1213.75,1451.0532609066456,298.1583373077898,0.24565053537202042
113707,Cold,average,3216.3591241,819.12,863.1853271206978,162.74939456733364,0.19868809767474074
113715,Hot-Humid,average,12616.179828,860.29,697.3612657992535,64.81441077332454,0.07534018851006584
113717,Cold,inefficient,1619.1100711,3036.01,1909.5668859948264,406.14813161785787,0.13377694132030457
113719,Mixed-Humid,efficient,4701.0351805,1756.33,2392.8218115601776,367.8938179092633,0.20946736542065747
113724,Cold,efficient,2460.9567534,1486.19,2030.139380016972,378.1359821172132,0.2544331358152142
113725,Mixed-Humid,inefficient,2905.1364065,2503.94,1658.5055427814398,1104.3345818488237,0.44103875566060835
113731,Very-Cold,average,685.27400595,4924.03,4689.895784472896,1304.8964345352924,0.2650057848013299
113733,Cold,inefficient,2569.2203619,3244.9,2623.8295334488644,377.59152650001823,0.11636461108201122
113734,Cold,average,10500.482368,950.61,861.5263898502722,138.97976492667223,0.14620061321327593
113735,Mixed-Humid,inefficient,4851.7700595,3398.8,2033.0355972559692,801.40098336501,0.2357893913631311
113739,Cold,efficient,789.64144792,1091.54,1479.4444693924415,183.96697460609823,0.16853892171253296
113740,Mixed-Humid,average,12050.467314,358.53,666.8803846285631,53.382765419624484,0.1488934410499107
113745,Cold,average,6244.3370007,720.54,1263.6973277916538,102.42865946850326,0.14215541048172656
113762,Mixed-Humid,inefficient,5495.6985109,2915.15,2342.41772096407,615.2098417212675,0.21103882878111502
113786,Cold,efficient,6939.3964193,1589.51,2234.0811653530623,675.1510027490939,0.4247541712534642
113790,Cold,average,1564.8074598,3451.71,3323.552961374157,373.56861344347,0.10822711451526054
113792,Mixed-Humid,average,3935.1332152,1538.91,1794.7282060497157,276.4920815598418,0.1796674799434936
113794,Cold,average,2440.7981765,8516.14,6650.883141834577,1089.8987697146326,0.12798037252964756
113797,Hot-Dry,efficient,5490.9130536,2208.83,1748.900380123024,451.79421649742676,0.2045400580838846
113804,Mixed-Dry,efficient,3933.3937152,1060.74,1649.9727551864944,320.51339192501405,0.3021601824434018
113809,Cold,average,7008.8293383,1432.64,1643.8727545103816,183.05507805539332,0.1277746524286585
113831,Very-Cold,efficient,654.49152025,1502.47,2398.3161825092516,249.16287249550257,0.1658355058640123
113840,Cold,average,2040.0626892,1299.92,1511.6246768042042,291.8907295958522,0.2245451486213399
113844,Hot-Humid,efficient,9260.7131112,654.55,960.6595747226752,100.09449578822479,0.15292108439114627
113858,Marine,average,4988.4688736,1302.31,1559.56518595134,321.9361464891933,0.2472039272440458
113866,Mixed-Humid,inefficient,4759.6683604,2590.39,1786.0054649513625,511.0520759160899,0.19728769641486027
113867,Hot-Humid,efficient,4901.7654196,1832.13,2186.012281896361,309.5804007131937,0.16897294444891664
113870,Cold,efficient,5382.9364516,2541.32,2536.482592115089,695.5754369435457,0.27370635612341054
113872,Marine,efficient,6757.4465073,2237.14,2229.165321375068,205.0865721275037,0.09167355289678059
113877,Hot-Humid,average,10070.906753,2334.26,2134.962149975871,315.4813921850573,0.1351526360324288
113880,Marine,average,4604.3407396,1981.15,1869.3065694120648,307.44484360705786,0.15518504081319326
113889,Cold,average,1970.495985,2330.16,1986.455411883598,375.63469961016443,0.161205539366466
113896,Cold,efficient,6392.9996481,2334.21,3047.8336411755504,771.4988602777713,0.33051818828544616
113897,Cold,efficient,5964.595911,2031.91,2953.881841534054,1093.4194807124136,0.5381239723769328
113906,Mixed-Humid,average,5777.9241025,1765.32,1752.3374165241096,299.20968502689885,0.16949317122498972
113907,Cold,average,7019.6248805,2385.88,2377.7122948394076,414.7472571995741,0.1738340810097633
113912,Cold,inefficient,9760.7029331,2984.93,2007.6640706669784,948.6951423187888,0.31782827145654635
113915,Very-Cold,average,9105.0596623,3241.58,3260.735735743012,954.9708224277524,0.2946004178295006
113916,Hot-Humid,efficient,3688.4050123,831.03,1504.5004875808104,213.63047207305019,0.25706709995192734
113920,Cold,inefficient,5707.9500622,2157.63,1745.727205012682,722.8591853941498,0.33502462674052075
113924,Mixed-Humid,inefficient,3195.8852945,2350.89,1939.5454717558157,797.7983874307307,0.33936015187045365
113927,Cold,efficient,7624.1683115,1520.9,1656.6242660308128,545.20436471131,0.3584748272150108
113932,Cold,inefficient,5708.1967444,5310.11,3609.4138913517704,2027.1650485741854,0.3817557543203786
113945,Hot-Dry,inefficient,4832.23685,4768.46,2566.20769651338,1671.9725356290842,0.3506315530861293
113950,Cold,average,5218.1666276,2567.95,2756.205377985931,952.7720919585198,0.3710243937609844
113954,Mixed-Humid,average,3203.3551575,1119.31,1490.9673997396023,230.50650490578013,0.2059362508203984
113955,Mixed-Humid,inefficient,9665.5500831,1979.97,1201.118231428111,302.9296310432515,0.15299708129075265
113956,Hot-Dry,efficient,5544.1197501,1073.41,1425.209795483054,257.2890706745361,0.23969319335066386
113959,Hot-Dry,average,8619.1670342,2192.32,1447.8862058139423,882.4247075588728,0.40250725603875015
113969,Hot-Dry,inefficient,8043.8662151,2819.94,1945.361379876264,790.9806915223652,0.28049557491378013
113973,Very-Cold,inefficient,859.53548289,6147.15,6854.723898627433,1279.9941282921698,0.20822562135171094
113974,Mixed-Humid,average,3693.7522995,2196.78,2858.1845806637552,760.0769872092069,0.3459959518974166
113992,Cold,average,8414.0615043,2044.7,2142.419113894314,345.11267193508144,0.1687840132709353
113995,Hot-Humid,inefficient,10420.001182,1262.8,1888.4473888692107,134.65557385886177,0.1066325418584588
114007,Hot-Humid,average,12148.27749,1130.68,1456.942550598212,294.5877898843162,0.26054037383195616
114013,Hot-Humid,average,10807.901032,1878.73,1811.3629232988624,614.4683147667556,0.3270657916607259
114015,Cold,average,7773.5060908,1572.01,1560.2729957110334,362.46564541251854,0.23057464355348792
114018,Cold,inefficient,4391.9054135,593.56,971.0874958890656,81.10285486641455,0.13663800604221066
114020,Hot-Humid,inefficient,5430.4297182,4664.83,1923.631942540874,797.3325682686498,0.17092424981588822
114021,Hot-Humid,inefficient,15577.714895,2395.34,1867.4134675646092,245.26374973392075,0.10239204026731935
114022,Mixed-Humid,inefficient,11974.561669,1129.83,2131.858203683043,176.87301483609298,0.15654834341103793
114023,Cold,inefficient,6670.398397,1875.93,2062.44398993552,388.8204142727352,0.20726808264313445
114032,Hot-Humid,efficient,3596.7102461,1296.21,1578.396595838165,551.9966007309147,0.4258542988643157
114037,Hot-Humid,efficient,5637.6627246,2359.83,2624.150083755538,707.0447859328517,0.29961683084495566
114038,Marine,average,7342.1399411,2145.89,2408.389176989805,433.69674071206805,0.2021057653058023
114042,Mixed-Humid,average,4230.695985,1905.35,1796.2887333158571,371.0176254859226,0.19472413230426044
114047,Hot-Humid,inefficient,5843.0237008,3541.97,2529.867143763391,1454.516997910242,0.4106519812167359
114056,Marine,efficient,5938.2378678,1326.64,1569.6805361442157,222.0757013226344,0.16739710948157327
114058,Marine,efficient,6260.8695357,849.34,1224.255728095508,265.07175147424124,0.3120914492126136
114070,Very-Cold,average,783.55519418,2523.98,1654.4297959015553,1399.4632612857667,0.5544668584084528
114076,Hot-Humid,inefficient,8690.092705,5156.73,2453.7391404371992,1177.2716020342573,0.22829808852397884
114088,Cold,efficient,1007.6775047,2771.6,2121.944035605301,573.8668212459661,0.2070525404986167
114091,Hot-Humid,efficient,7853.1921052,2019.79,2160.141380880761,421.1175077243083,0.20849568901930812
114100,Hot-Humid,average,16046.83167,992.77,920.6055947902712,238.33237271164336,0.24006806482029408
114105,Hot-Dry,average,5301.4392495,825.61,1203.770049475081,78.57377158324994,0.09517056671218849
114111,Hot-Humid,inefficient,4770.7149929,2985.24,1890.1911855387516,343.6998611435164,0.11513307511071687
114116,Mixed-Humid,average,10863.635002,802.06,1832.9117272880565,161.98425337935646,0.20196026903143963
114125,Hot-Humid,efficient,8488.7327917,653.09,1017.6168614177436,122.600158333948,0.18772322089443721
114135,Mixed-Dry,efficient,4088.8529177,1347.02,1678.8666498988755,432.47915460354994,0.3210636476099464
114139,Mixed-Humid,inefficient,6294.1215222,3191.66,2251.696260180088,863.2829507694667,0.2704808628642984
114140,Hot-Humid,inefficient,10928.261352,1792.31,2049.7871943674,252.51809249491177,0.14088974144813776
114143,Mixed-Humid,average,4852.4171794,2310.79,2284.3827275214376,581.0147679066375,0.25143555576518745
114145,Hot-Dry,average,4157.1729097,2084.39,2594.5405059132977,267.58895474830143,0.1283775851679875
114150,Mixed-Humid,inefficient,7194.7857005,2150.59,2307.5521180735263,183.25504943577528,0.08521152308704832
114157,Mixed-Humid,inefficient,3598.5615417,1292.4,1806.8896183431675,180.50226326779384,0.13966439435762443
114162,Cold,average,5318.2848067,3564.18,3043.6415266329795,737.3680508888377,0.20688294387175668
114164,Mixed-Humid,average,8126.8577686,1606.26,2055.326360925261,350.5382089661791,0.21823254576854254
114166,Cold,average,6048.2859501,1727.47,2000.7535029616072,210.97011327546397,0.12212664374806159
114170,Very-Cold,efficient,871.04517302,1060.82,1665.8945881045508,208.2459366376002,0.19630657098998908
114171,Hot-Humid,average,8471.8134242,1468.27,1552.5343128387144,458.89833975572094,0.312543564709298
114172,Hot-Dry,average,15219.707717,651.87,809.9617636049238,75.06132925043038,0.11514769701080027
114184,Cold,efficient,3402.9161188,3941.52,2952.3538511354836,2342.9256165728307,0.5944218516138015
114207,Cold,efficient,4214.3529394,2833.92,2414.0667911125884,1026.851483063432,0.36234314414783475
114212,Mixed-Humid,efficient,4960.9022681,3200.1,3403.2301975279747,694.7472173742356,0.21710172100066735
114220,Mixed-Humid,inefficient,11540.04393,2033.43,2088.917333292154,305.4889707454413,0.15023333517526608
114230,Hot-Humid,average,22176.985343,854.27,781.8354276497828,200.93413303941952,0.2352115057761826
114232,Cold,average,6705.9940013,1722.91,1654.8712509531106,244.01963799890845,0.14163226053532016
114255,Hot-Dry,efficient,9311.9650188,1756.93,2474.855579904057,433.6282230062636,0.24681018766044385
114258,Hot-Dry,average,4901.8969999,1681.61,1559.9661085647165,292.6437580262412,0.17402593825336504
114268,Hot-Dry,efficient,4805.5543145,1594.48,2570.1079318194556,387.97100141959766,0.24332133449124332
114269,Marine,average,5026.5501545,1685.23,1739.860957236123,318.70235654652885,0.18911505049549845
114272,Cold,efficient,10294.276303,1507.98,2066.8821443267057,626.1261997132096,0.4152085569524859
114280,Mixed-Humid,inefficient,7893.1036204,2568.75,2907.9571055922875,354.1923196939358,0.1378850879587098
114281,Hot-Humid,inefficient,1717.3240528,1578.27,1810.9194287326245,115.88429843183249,0.07342488828390104
114290,Hot-Humid,inefficient,10247.255394,3120.99,2065.11587197621,1233.1601826426836,0.3951182742151316
114295,Cold,efficient,2313.2851244,794.32,1926.0954387104448,118.1326843931435,0.1487217801303549
114299,Mixed-Humid,average,5646.2462855,1640.7,2106.938210827523,197.5907637071325,0.12043076961487932
114302,Cold,average,13087.202889,1627.75,1084.7202807299946,344.6997866045321,0.21176457478392388
114304,Cold,inefficient,5329.0371456,1042.94,1067.3251340751387,253.87967383549133,0.24342692181284764
114306,Cold,inefficient,3541.4513539,1748.12,1598.7673264193022,446.2444484978274,0.25527106176797215
114311,Cold,inefficient,4222.2140884,3204.83,2905.4062447720685,773.6635849844233,0.24140549888275614
114314,Mixed-Humid,efficient,9687.1122056,658.08,1201.2964252490526,331.68003833521016,0.504011728566755
114319,Mixed-Humid,average,5115.4860111,2237.31,2352.824276632614,240.087397670605,0.10731074266445195
114324,Hot-Dry,efficient,4917.2282485,2726.59,3195.088955164307,1188.7244585843669,0.4359747738326506
114325,Cold,average,4168.9401504,2182.16,2396.096146258217,577.7088237654332,0.2647417346873892
114337,Cold,efficient,3936.1371301,606.59,1341.6964931859563,38.39763207233108,0.0633007996708338
114342,Cold,average,3873.512993,3683.2,3624.10768286884,609.1996425990751,0.16539955544066984
114347,Cold,inefficient,5965.2730768,6400.47,3730.722390752432,1087.0091465650014,0.16983270706135664
114349,Mixed-Humid,average,5553.99643,1966.17,2522.0467766812344,291.6247104513563,0.14832120846689567
114354,Cold,average,2497.7866733,2253.92,2829.1669012260536,533.4935746475979,0.23669587857936303
114362,Mixed-Humid,inefficient,7243.7479465,3840.35,3594.5435886037585,535.1810759273407,0.13935737001245738
114365,Mixed-Humid,average,4849.5461634,3427.69,2679.157240200451,483.73151190642625,0.14112463843183784
114370,Mixed-Humid,average,6958.4359129,3719.34,4253.822903839545,1059.718012996811,0.28492098409847205
114373,Cold,inefficient,11314.108767,3296.41,1987.151575141512,551.7597917973683,0.16738202826631648
114375,Hot-Dry,efficient,11704.122155,902.31,1671.613782108206,84.0178058713199,0.09311412471469882
114376,Mixed-Humid,efficient,4157.681605,2698.59,2935.325437383656,524.324892615927,0.19429587029371892
114384,Very-Cold,efficient,12747.835618,1940.6,3113.0062708324704,302.2408230826172,0.15574606981480843
114397,Cold,efficient,1985.2263346,921.21,1324.846304298935,109.32384493336421,0.11867418388137799
114399,Hot-Humid,average,10217.489153,1586.24,2016.1088819116703,528.8074119333914,0.33337162846315277
114420,Mixed-Humid,average,7831.0268959,1926.74,2477.0272211793476,304.01717889133005,0.1577883777216075
114429,Cold,inefficient,6337.730117,3148.69,2998.9785316953817,889.8790160296115,0.2826188084662547
114430,Hot-Humid,average,4665.8448809,2307.95,1957.4590829899223,829.1049061195182,0.35923867766611856
114432,Mixed-Humid,efficient,8810.6866576,1282.93,1156.3070774703258,156.47071012051782,0.12196356006993196
114436,Mixed-Humid,average,6813.0375475,2520.15,1988.974730593803,817.3456982117495,0.3243242260229548
114448,Cold,average,4566.3718482,1874.94,2072.513232292466,474.1801989420736,0.25290419903680844
114450,Cold,inefficient,1120.9744531,2520.03,1462.082818538982,508.87197973159806,0.20193092135077678
114453,Mixed-Humid,efficient,7475.6100285,604.05,1336.5621360065484,128.55797488170106,0.21282671116911028
114462,Cold,average,11913.587867,1228.67,1725.0270760613546,321.68439763054965,0.2618151315085008
114486,Cold,inefficient,3424.8253274,2850.18,3519.996617345603,508.0938398947983,0.1782672813277752
114487,Hot-Humid,inefficient,4834.8711137,1733.86,1880.273243201948,621.3798001797962,0.3583794540388476
114490,Cold,efficient,7291.418941,1829.39,2258.8693702470346,190.12914785555415,0.10393035266157251
114492,Hot-Dry,efficient,14022.261403,648.57,859.5265806849621,76.28052840086531,0.11761340857712398
114494,Cold,average,1935.6756595,2222.17,2491.6901006982553,170.96807771931046,0.0769374430036003
114498,Cold,inefficient,3701.8327887,3296.92,3967.846460373392,1079.6815499395511,0.32748187700628195
114532,Hot-Humid,efficient,3416.1840587,1607.45,1645.3695723863616,370.92964685376705,0.23075656900915553
114533,Hot-Humid,average,14806.706685,1353.69,943.1041333262586,296.27255254949887,0.21886292470912755
114536,Cold,average,1559.7059965,3526.52,3355.1061416876946,985.8376685904029,0.2795497171688812
114538,Marine,average,5671.603183,1849.86,1688.0254930899748,304.4807529111362,0.16459664672523122
114540,Hot-Humid,inefficient,15498.456064,3810.01,2427.6555410384663,422.16871643681196,0.11080514655783369
114546,Cold,efficient,1043.8110955,1617.21,2384.922465245548,147.49198502767138,0.0912015044599473
114547,Cold,efficient,4426.4544744,1513.6,1700.721735609726,347.900626529115,0.22984977968361195
114549,Mixed-Humid,efficient,7793.5529566,728.46,1054.7487165357654,50.901624917916536,0.06987566224352268
114553,Mixed-Humid,inefficient,8790.3259782,2303.67,1856.98684197937,605.7949022383428,0.2629694801071086
114556,Hot-Dry,efficient,9298.3005456,2832.81,2972.015434979971,582.3908881808636,0.2055876984975567
114557,Hot-Dry,inefficient,8820.7821925,1858.35,1898.714929943541,498.72477475695666,0.2683696691995354
114568,Cold,efficient,2335.1236411,1000.12,1288.257348719476,402.0045597648335,0.40195632500583284
114569,Cold,efficient,2977.4423674,919.14,2516.3810675340665,215.30217308041364,0.23424306752008794
114575,Mixed-Humid,inefficient,6390.1646483,3680.44,3107.445397442898,821.142730007128,0.22310993522707284
114576,Mixed-Humid,average,5217.1476957,2395.62,3187.629651489807,603.6640426089568,0.251986559892202
114578,Cold,efficient,7997.8600875,1472.66,1941.2277200538651,390.7127696297905,0.2653109133335532
114579,Hot-Dry,average,2593.805559,2128.34,1517.5734580553387,337.76810047979427,0.1587002548839914
114580,Cold,efficient,4848.8211671,593.95,859.8974643628367,53.464910874667765,0.09001584455706332
114588,Cold,inefficient,3188.8464045,4405.04,2786.542959034137,1337.03773329193,0.30352453854946376
114590,Cold,inefficient,9158.2067712,1395.66,2116.9746092905284,230.3751300207291,0.16506536693802867
114591,Marine,average,4944.7253832,2451.99,1303.022361198069,597.1294674634494,0.24352850846188176
114593,Hot-Humid,average,7226.2018805,1500.55,1757.0703965627772,311.37505582812776,0.207507284547751
114594,Mixed-Humid,average,6459.0488948,2708.62,2544.961882133136,799.8374887140997,0.29529335555157227
114596,Mixed-Dry,inefficient,4029.4617142,1839.07,1695.9630060377892,445.35531751362566,0.24216333120198016
114597,Mixed-Humid,inefficient,3375.6993239,2740.71,2067.0397997865657,636.9255656665124,0.2323943670313577
114599,Mixed-Humid,efficient,6404.4734522,920.07,2142.0025495446744,142.95973282770282,0.15537919161335856
114600,Cold,efficient,488.00127219,1865.36,2275.4884595894164,412.63933451184323,0.22121163448977316
114604,Cold,average,10156.428203,1891.19,1567.8342492922322,439.7243369657703,0.23251198291328226
114611,Mixed-Humid,efficient,8269.391385,1114.53,1962.4553509713364,279.0401589141357,0.25036576755595247
114617,Cold,inefficient,12887.826476,2382.23,2339.991712898045,544.1050566347405,0.22840156350761284
114634,Marine,average,4384.8582744,2243.81,2291.389672170684,819.1423815471742,0.3650676222795933
114638,Mixed-Humid,average,7774.7954315,2162.8,2266.4966256353055,357.02244650104666,0.1650741846222705
114639,Mixed-Humid,average,3831.3305653,1438.59,1597.0144754460025,289.5323795668994,0.20126122075567007
114640,Mixed-Humid,efficient,6649.3228756,1297.52,3208.824942557692,418.61816428309004,0.32262945024592304
114644,Mixed-Humid,inefficient,2717.6809805,1609.68,1423.860489379259,220.26308469404688,0.13683656670521277
114647,Cold,efficient,6800.8754875,1024.61,1417.135027663668,236.81661323764723,0.2311285398714118
114649,Cold,average,6075.3233167,2361.84,2211.7401887885203,632.090168376279,0.2676261594249733
114652,Cold,efficient,4782.5145977,1737.32,3529.4097871819413,358.7045577796192,0.2064700560516308
114656,Cold,efficient,8598.6154305,1811.97,2258.459299991299,688.8453006683342,0.3801637448016988
114658,Mixed-Humid,efficient,9016.9576807,739.83,852.6069203043236,146.01552799386553,0.19736362136418573
114665,Cold,efficient,6452.8722756,2347.06,2140.2767202830973,1034.1027532940197,0.4405949371954785
114668,Marine,inefficient,5032.6533407,1845.83,1377.344469995911,410.78018156152854,0.22254496977594282
114670,Cold,inefficient,5895.0074337,1354.83,1272.4367813328963,403.4141336277518,0.2977599651821644
114671,Very-Cold,average,895.46260424,3733.69,3199.40969512404,733.7767237948801,0.1965285612342964
114675,Cold,average,15195.908286,887.14,733.0174266507776,93.67011880395557,0.10558662533980609
114682,Mixed-Humid,efficient,11000.501827,1002.25,2330.163733205767,138.89775160113825,0.1385859332513228
114683,Cold,efficient,831.0702147,2158.29,1708.8018837847983,202.43585526668235,0.09379455738880427
114685,Cold,efficient,2206.4724691,539.96,984.5022833236328,137.38839222585148,0.254441796106844
114686,Hot-Humid,inefficient,11519.885264,2134.32,1740.543642260879,238.26954555438667,0.11163721726563339
114694,Mixed-Humid,inefficient,7820.9621895,1858.57,1549.4184584908776,432.2103169878423,0.23254992654989715
114698,Mixed-Humid,average,8848.6727364,2717.62,2191.1304064101355,556.2092861582307,0.20466779246481506
114707,Mixed-Humid,average,12224.971844,1733.4,2202.83896414181,295.25859859854626,0.170334947847321
114710,Hot-Humid,inefficient,4728.8372429,827.27,891.4910825494088,17.152789647379304,0.02073420968653439
114711,Marine,efficient,11919.374972,1615.55,1720.5835455023011,238.10014649268356,0.1473802398518669
114712,Mixed-Humid,efficient,3796.7804217,1086.79,1285.219739253601,286.6590496396707,0.26376673473225803
114719,Mixed-Humid,inefficient,7061.6609222,3491.04,2241.219914975802,823.2093538997642,0.23580633676490795
114722,Mixed-Dry,inefficient,12575.677111,1771.7,1707.9509258269827,987.4137822914305,0.5573256094662925
114728,Mixed-Humid,average,1441.4933608,1018.52,1088.6686601143267,146.61681749200199,0.14395084779091424
114732,Mixed-Humid,average,8590.0420729,1351.0,1922.8034461787547,273.5053643260702,0.20244660571877884
114734,Cold,efficient,4242.3263561,1709.77,1915.4110763719425,214.69876855982028,0.12557172517930498
114745,Hot-Humid,average,4828.376091,2101.2,1657.6489484610988,601.6558108918604,0.28633914472294897
114753,Mixed-Humid,inefficient,8652.7193399,1643.4,1330.0028751292016,240.22496338000798,0.1461755892539905
114766,Marine,efficient,15673.778146,730.02,1584.0387562523138,118.6301450323439,0.16250259586359814
114769,Hot-Humid,efficient,4810.551794,1411.02,1519.8432566582633,315.37669379993986,0.22350972615550443
114773,Marine,inefficient,5203.4773852,1707.03,1635.6232317359925,668.9625276915831,0.39188680204307075
114774,Mixed-Humid,average,6666.4352232,2130.82,1683.5902646703205,374.64245220779475,0.17582078833866527
114788,Hot-Humid,inefficient,7746.7068698,1078.09,1027.0407311799263,249.9895260531871,0.23188187076513753
114789,Cold,inefficient,6683.7370377,2458.64,2416.6464410734034,561.8727480736102,0.22852989785963387
114793,Cold,efficient,3275.4577,2057.47,2724.393262408887,499.78037165360087,0.24291016231274376
114796,Cold,efficient,4838.414534,1283.44,1841.979157459419,225.88008457208807,0.17599582728611238
114797,Mixed-Humid,inefficient,5931.4406092,1782.65,1601.8164417717342,145.774679652981,0.08177414503855553
114798,Mixed-Humid,inefficient,10167.596344,2249.09,1140.7658093466555,988.0478204463748,0.4393100411483643
114807,Hot-Humid,inefficient,5174.5445179,1140.79,1880.6446739677929,148.0039376728817,0.12973810926891163
114808,Hot-Dry,efficient,4768.0381691,1623.73,4020.4956730084496,261.0292379773456,0.16075901657131764
114813,Cold,efficient,7880.4226966,2943.97,3127.2952854619048,1178.6862600474292,0.40037305408935187
114814,Hot-Humid,average,7748.8521754,2357.52,2387.4046155295614,547.6975246440954,0.23231935450986438
114823,Mixed-Humid,efficient,5245.204396,2252.45,3493.203518742137,569.9831598072168,0.2530503051376132
114825,Mixed-Humid,efficient,1840.1578316,1359.06,1653.4455663385029,192.3661950976373,0.14154356326993459
114829,Mixed-Humid,average,6600.4513061,7175.28,6946.72865534446,1541.9616113091124,0.21489915533736836
114837,Very-Cold,inefficient,769.60417522,4325.7,3275.833056116806,1067.3666140462963,0.24675003214423014
114842,Hot-Dry,inefficient,14950.077837,1842.73,1922.2089799803136,149.97636867705944,0.08138814078951308
114845,Hot-Dry,average,21860.068994,745.2,334.47500458391977,68.07115246266348,0.0913461519896182
114849,Hot-Humid,efficient,1613.2716094,1435.66,1759.9162313851373,167.37719100402734,0.11658553627183826
114852,Cold,average,2343.2790616,1504.05,1404.1615940201834,382.4824020994951,0.2543016536016057
114861,Hot-Humid,efficient,8596.8384226,2644.79,2567.2514022737387,214.25951413852545,0.08101191933519314
114864,Cold,efficient,4881.3832657,1811.89,1940.8127270998668,530.5345977565105,0.2928072883875459
114875,Mixed-Humid,average,7381.8903888,1723.22,1910.74057326132,438.7671483942725,0.2546205060260863
114890,Hot-Humid,inefficient,11474.413303,1527.92,1798.7777265331622,144.88678736011485,0.09482616063675771
114894,Mixed-Humid,efficient,5348.6108965,2387.62,2139.070328249288,641.8901555054132,0.2688410029675632
114900,Cold,average,8051.84859,1129.67,804.7436536557605,184.4591247003886,0.16328584869952162
114902,Mixed-Humid,average,2761.831867,1623.59,2442.675201075372,262.1337803528779,0.16145318729043534
114908,Cold,average,5355.0008344,2261.93,1382.4979823132198,731.2867854424602,0.3233021293508023
114911,Cold,inefficient,9783.0650155,2075.88,1792.7650386543285,372.8843107666848,0.17962710309203073
114914,Hot-Humid,average,17385.283574,1082.59,899.7220084552479,203.75839731368075,0.18821381807857154
114920,Hot-Humid,inefficient,12304.602003,1362.43,1456.899015290418,252.92846038815043,0.1856451049875226
114922,Mixed-Humid,inefficient,7316.8598508,1590.37,1166.8949591860624,419.4315329474016,0.26373204534001626
114926,Mixed-Humid,efficient,5108.8092186,3034.29,2365.195728989197,723.8254507017747,0.23854854041695905
114931,Mixed-Humid,efficient,3661.0616415,2865.6,2623.2590468438307,562.688145880126,0.19635962656341638
114932,Marine,inefficient,3817.8098393,1998.64,1058.1406084428158,184.95160458247466,0.09253872862670348
114955,Cold,inefficient,10135.711043,1391.42,1211.3919099537522,379.5477443618041,0.27277726664975643
114956,Mixed-Humid,average,4725.656941,1136.5,1020.6970289560816,231.46377605974584,0.20366368329058146
114957,Cold,efficient,3732.3745165,1417.05,1964.839227044382,262.6018974604849,0.18531590096361097
114966,Mixed-Humid,inefficient,5194.1351722,1802.56,1322.9818557544556,303.7182063012057,0.16849270276784448
114967,Cold,average,9001.8801593,1730.15,1390.3207423313995,275.49723378716806,0.1592331496038887
114969,Cold,efficient,6206.2662345,631.64,1724.2413960725348,112.68394704289406,0.17839900424750502
114976,Cold,average,4042.3064612,2866.25,3378.630995415049,670.3816949365398,0.23388807498876227
114982,Cold,average,3338.7208518,3903.59,3810.7305438897824,1080.941751170557,0.27690965269676293
114983,Hot-Humid,inefficient,10930.409324,2128.77,1631.7548373823392,731.5053189747729,0.3436281603812403
114986,Hot-Humid,efficient,12900.66239,452.93,625.0796472753505,61.58577338522916,0.1359719457426736
114990,Mixed-Humid,average,6430.7760529,1607.44,1953.4959441262636,238.22471992149067,0.14820131384156837
114992,Cold,efficient,13362.975241,1559.77,2271.2474138376906,255.0116626650519,0.1634931192836456
114993,Mixed-Humid,efficient,7084.2100743,2629.32,2824.90281409598,659.943226654928,0.2509938792748422
115013,Mixed-Humid,average,7386.7789434,2347.55,2368.539743064236,768.3035076622762,0.3272788684638351
115016,Cold,inefficient,10931.801629,960.79,698.8564895571329,130.0079237155074,0.13531356874603961
115018,Cold,efficient,3068.5460304,1097.17,1342.796496554043,263.89161385195,0.24052026017112207
115021,Mixed-Humid,efficient,4071.293505,620.83,1594.2713085690807,86.24284654103616,0.13891539800112132
115022,Hot-Humid,inefficient,18850.94706,1069.73,648.7615082522681,296.37564973410724,0.2770564999898173
115024,Hot-Humid,efficient,8769.8369591,2951.03,2217.762290185486,368.39729865098525,0.12483685311602567
115026,Cold,efficient,9624.1612493,1608.73,2466.8873733435075,456.5399285878557,0.2837890314644817
115030,Hot-Dry,average,3533.7728599,2382.28,2128.416429656017,448.62777754018305,0.18831866008201514
115031,Cold,efficient,1888.1484528,2404.97,1877.5968218660328,562.2332441746549,0.2337797328759423
115033,Cold,inefficient,4440.3124818,2332.12,1842.928432865365,603.5280094865227,0.2587894317130005
115036,Hot-Humid,efficient,14044.03327,985.51,1619.4469633169774,113.22754997771234,0.11489233998408169
115046,Mixed-Humid,average,9918.9615479,1318.99,1519.514131893747,293.1834745225118,0.2222787697575507
115053,Mixed-Humid,efficient,8770.4504105,2046.57,2488.218213479526,335.2823376417422,0.16382646947905138
115055,Mixed-Humid,efficient,6767.2776889,1919.4,2041.078865212711,272.07884535225054,0.1417520294635045
115057,Mixed-Humid,inefficient,6598.5753083,2690.53,1987.2362636283635,236.6520349653053,0.08795740429034624
115058,Cold,efficient,4960.7244255,1342.32,1223.03779028299,403.5361656428427,0.300625905628198
115067,Hot-Humid,average,11399.705395,1588.4,1340.6629565475062,168.5117331399938,0.10608897830520889
115071,Cold,inefficient,2621.6138043,838.82,919.6308103049294,82.22965570587576,0.09803015629798496
115072,Very-Cold,average,1231.0633691,1193.79,1732.103349490218,276.1304795577796,0.23130574017019712
115078,Cold,inefficient,3752.6993894,2019.34,1659.3028487563645,242.6644847659785,0.12017019658204092
115082,Mixed-Humid,average,12090.92429,2530.97,1718.418470017241,840.2494863109343,0.33198713786055717
115091,Hot-Dry,inefficient,8456.9488036,1054.47,1218.0199618386189,133.9207971544576,0.1270029466504098
115099,Hot-Dry,inefficient,4654.19337,1798.74,1835.446099327366,328.6724825420268,0.18272373024563127
115102,Hot-Dry,average,10663.411925,1318.46,1289.3629829621034,234.90646955751393,0.17816730849439036
115110,Cold,inefficient,7112.6115067,3555.43,2494.6676059322863,782.6660833980693,0.22013260938847604
115112,Cold,inefficient,13202.489908,644.76,796.103387760431,94.00499702572972,0.14579843201459414
115115,Hot-Humid,efficient,5703.0739846,351.92,1460.1989998386318,69.32759712496937,0.19699817323530736
115119,Cold,inefficient,14593.679873,1394.54,1651.4480566965535,297.92900917080635,0.21363962967774777
115120,Mixed-Humid,efficient,5829.5808084,1464.39,2008.7242428038223,304.8441579148624,0.20817142831818192
115130,Hot-Dry,average,6141.1141639,534.42,762.8935340673597,34.192315415639136,0.06398023168227075
115134,Cold,inefficient,3513.5596821,4482.07,3472.6349298735013,1102.7424482623924,0.246034186940943
115135,Very-Cold,efficient,1705.8049073,527.09,865.9490954416889,109.31371712631409,0.20739099039312847
115136,Mixed-Humid,efficient,5427.8182854,4097.54,3052.731847456336,894.0162615702932,0.2181836569186129
115140,Hot-Dry,efficient,15216.799992,1126.3,1856.8844048955732,38.63757390523223,0.034304868956079405
115146,Hot-Dry,efficient,4720.0922191,734.43,2365.0945962167893,236.16442572331803,0.32156151807975986
115149,Hot-Humid,efficient,8949.8840548,2593.36,3197.362531961294,629.1327709200693,0.24259368962275554
115151,Hot-Dry,inefficient,16458.537916,1355.27,1934.4233389553176,220.42186277360173,0.16264055337578617
115163,Cold,efficient,892.48114581,882.76,1121.491656381408,116.39682571291254,0.13185557310357576
115165,Mixed-Humid,efficient,5146.0152552,2277.19,3068.2464681703036,491.82299606946003,0.2159780238229836
115169,Hot-Dry,efficient,6477.6512751,722.55,858.534279047312,78.71819231753021,0.10894497587368378
115174,Cold,efficient,1607.6248574,1384.09,1696.109283703683,338.1945803687923,0.2443443564860611
115175,Mixed-Humid,efficient,7031.0439761,679.92,833.0714617022096,90.16893818542164,0.13261698168228858
115176,Marine,inefficient,8721.7255985,1246.78,1118.8018035695145,637.1275029519986,0.5110183857232219
115190,Cold,efficient,8798.4045632,522.66,990.8981059310996,74.48025112155834,0.14250229809351844
115197,Hot-Dry,average,5069.1496213,1753.52,2375.3297273862004,388.9828362799924,0.22182971182535266
115201,Hot-Humid,inefficient,3966.0826247,1486.99,1009.6919762101072,886.1110459294442,0.5959092165579084
115202,Mixed-Humid,efficient,4086.7127907,5433.05,4837.819110728785,1193.5531620124646,0.21968381701115663
115217,Cold,efficient,6249.9019421,1908.93,1997.6208612896105,435.35186723757374,0.22806067652432185
115220,Hot-Humid,inefficient,9086.1525491,1221.36,804.9026333486383,551.8395625414986,0.45182383780498675
115222,Cold,inefficient,7841.2927365,1403.34,1120.9433974308745,108.63493377216491,0.07741169906948062
115224,Cold,efficient,6344.6458799,851.13,1339.763047512044,139.23806035191205,0.16359200163536952
115225,Mixed-Humid,average,10490.508479,2099.72,1776.484934717535,623.8804445730286,0.2971255427261867
115227,Cold,average,1353.5761995,1587.93,1729.1492863209398,400.8506956762197,0.2524359988640681
115230,Hot-Humid,average,5583.6749612,2863.47,3662.3180869995463,827.265958735994,0.2889033091794201
115232,Hot-Dry,inefficient,8115.7544486,2870.23,751.2831509408829,585.5657203160946,0.20401351819056124
115233,Mixed-Dry,efficient,5036.6210718,803.91,1857.056895518156,156.91447434890023,0.19518910617967214
115237,Hot-Dry,inefficient,4182.548179,2770.73,2203.697254945991,1049.7393444483464,0.3788674264357575
115241,Cold,inefficient,14336.505914,1731.45,1927.1333971831605,266.74415676061943,0.15405824988340375
115243,Mixed-Humid,efficient,4330.8922852,1321.14,2252.147008978021,196.77247216240968,0.14894142343915837
115251,Mixed-Humid,average,9295.9399244,2016.67,2718.7679282819186,354.08017785575214,0.17557665748771595
115254,Cold,inefficient,2815.2838013,2451.19,2324.0431967032323,506.67669402229967,0.20670641362860473
115255,Cold,efficient,1434.6555449,870.94,1445.7219412188404,107.16922545235224,0.12305006711409767
115269,Cold,average,6003.7902393,1694.76,2555.7675996748153,484.1425250312098,0.28567025716397
115270,Cold,inefficient,8767.5936476,1171.59,1233.6255305264256,211.99277537039177,0.18094450735358938
115276,Cold,efficient,5136.3692944,1564.11,2601.066506060246,668.3162935368574,0.4272821563297066
115282,Mixed-Humid,inefficient,7406.2135834,1319.33,1763.780354005529,242.24796041971274,0.18361438034435112
115283,Mixed-Humid,efficient,6342.0115895,3684.47,3106.886917237499,909.9781241100163,0.24697666804452645
115302,Mixed-Humid,average,3861.3432047,2259.12,2117.452693814512,410.1624472994573,0.18155850388622885
115306,Hot-Humid,efficient,4948.8799304,1613.39,2418.2239485823793,318.03159223749026,0.19712009634216787
115309,Mixed-Humid,efficient,5104.0510159,3672.73,3091.7595482047263,1009.1399320782118,0.2747656190567267
115311,Mixed-Humid,inefficient,7163.2879143,2373.4,1778.811826843454,410.88763434604857,0.17312194924835617
115325,Mixed-Humid,efficient,4701.0538671,1313.66,1655.2732460484128,325.4720808789942,0.2477597558569144
115328,Cold,inefficient,6527.939667,2473.12,2581.8936586175946,631.1323644669475,0.2551968220171069
115329,Cold,inefficient,13620.843745,1641.79,1589.4762048734162,287.73665972331315,0.17525789517740586
115341,Cold,efficient,10515.250066,1535.66,2140.1933703625973,598.8938608837939,0.3899911835196553
115347,Mixed-Humid,inefficient,4844.3161909,2391.21,1502.0057986461777,394.16964787940555,0.16484108375232853
115348,Cold,average,7789.6420184,1228.65,922.9443251563224,143.9552516916053,0.1171653861487041
115349,Cold,efficient,6762.7241986,2629.48,2429.9007174044527,926.7977252982303,0.35246426110798723
115350,Cold,inefficient,4022.6635256,5799.05,3050.0791226434935,1610.4855804140439,0.27771541552737844
115351,Mixed-Humid,efficient,6320.2674656,670.51,1936.0240644277271,110.48449236657014,0.1647768002961479
115365,Cold,efficient,11228.744198,614.95,678.8510455402203,92.83452934852322,0.15096272761773025
115389,Mixed-Humid,efficient,6145.9325032,1933.98,4845.204947311679,328.8018343565242,0.17001304788908064
115390,Mixed-Humid,average,12106.714806,682.98,1442.124028334803,74.331119684364,0.10883352321351138
115398,Mixed-Humid,average,9359.9763968,1335.5,1579.3634514374094,293.4582265268862,0.21973659792353892
115403,Cold,average,15705.598588,1188.71,1455.506155739193,336.8699122403325,0.2833911654148888
115404,Hot-Humid,inefficient,1939.0179947,2063.66,2228.537926475357,183.05000437881876,0.08870162932790225
115410,Mixed-Humid,inefficient,8316.4767501,1535.48,1046.2732110318748,255.27641505169328,0.16625186589971427
115411,Hot-Humid,average,13054.150474,1672.07,2166.632778570368,251.4140931708129,0.150360985587214
115420,Hot-Humid,average,12995.131093,839.51,717.0904824635633,60.527831122050785,0.07209899956170955
115422,Cold,inefficient,8119.7413016,1203.36,1323.5102675493708,249.0238900328356,0.20694047503061064
115434,Mixed-Humid,inefficient,3377.1606148,3901.63,2334.4543446098983,718.1011118033467,0.1840515660899026
115456,Mixed-Humid,inefficient,5755.6326655,2817.49,1980.0548141852005,585.1231188993131,0.20767531345251028
115458,Cold,inefficient,16268.074992,1299.71,938.8013682592028,271.6703946804408,0.2090238550757021
115459,Cold,efficient,4715.8258539,5038.72,3730.5031032530105,1147.8526606368773,0.22780639937064914
115461,Cold,inefficient,5944.0743379,2254.52,1647.6020047913698,493.6205127764188,0.2189470542627339
115464,Cold,average,4449.7194783,1422.4,1436.7930139193356,450.9231513208829,0.3170157138082697
115467,Cold,average,6648.5631391,1434.19,1937.6880189734309,44.117784869783165,0.03076146456869952
115468,Hot-Dry,inefficient,17038.657474,980.65,1247.1627931481612,242.48254052718102,0.24726716007462501
115475,Cold,average,7773.8752501,1572.91,1739.1528244090302,498.97671776454115,0.3172315757192345
115479,Mixed-Humid,inefficient,5774.2241459,2762.76,2127.081434599884,641.7051506173406,0.23226959656913396
115483,Mixed-Humid,efficient,8126.8577686,1253.19,2248.54724483993,270.33920754115854,0.21572084643283024
115494,Cold,inefficient,910.59817474,2675.89,1757.194225016491,212.51056893224234,0.07941678055982956
115499,Hot-Dry,inefficient,14649.882371,2637.35,2080.5357798223285,721.2346721772708,0.2734694569083629
115506,Mixed-Humid,efficient,12247.656607,919.63,1391.760328988194,220.52236423399313,0.2397946611506727
115522,Cold,inefficient,7349.0571204,2527.59,2876.805134578505,499.7330629308481,0.19771128344820485
115524,Cold,efficient,10197.473898,622.16,1752.9410282865235,58.87956396055796,0.09463733438433516
115534,Cold,efficient,8454.6078952,1896.74,1693.596662897697,243.4092592709427,0.12833032427794147
115539,Mixed-Humid,efficient,9339.2812534,628.74,1383.7307647562843,155.79099736694897,0.24778286313412376
115552,Very-Cold,efficient,1053.0395728,753.18,1712.7937692850574,211.8859800327922,0.28132183546136674
115555,Cold,inefficient,9004.3213168,1078.26,937.4317955962064,141.58527339586135,0.13130902880183012
115557,Mixed-Humid,inefficient,8184.6042748,4935.45,2925.685682468278,602.4686865417947,0.12206965657473882
115560,Cold,inefficient,7300.6253007,2279.02,2079.0248633979086,434.249000046027,0.1905419873656339
115569,Hot-Dry,average,4377.9796907,3673.35,3426.8251362848973,1029.3420207758966,0.28021887943590906
115580,Cold,efficient,2751.6214772,975.02,1025.923991985814,182.26796969726013,0.1869376727628768
115586,Mixed-Humid,inefficient,7346.4284585,2929.25,3111.3486956735997,530.3257665675759,0.1810448976931214
115587,Cold,inefficient,7349.4139638,1917.57,2202.4825620632496,313.87421794066483,0.16368331687534998
115591,Hot-Humid,efficient,5425.2949849,2804.47,2280.918496370753,539.5367685334354,0.19238457481571758
115609,Mixed-Humid,efficient,4053.5890816,2262.91,2483.346087085089,721.8835099978659,0.31900672585205153
115610,Cold,average,1995.7170866,3882.32,2217.946119756503,419.7645073142229,0.10812207837432847
115613,Hot-Dry,efficient,5367.6981851,361.24,1282.4685328210812,24.294073298013878,0.06725189153475218
115618,Mixed-Humid,inefficient,10185.755316,1420.32,954.2799378686047,481.0518854721206,0.33869260833623455
115623,Hot-Humid,inefficient,9637.126063,1788.61,2246.737904018066,329.9709225871464,0.18448455649199458
115633,Cold,average,8155.3040783,4284.23,3450.9871762854814,907.7375097786314,0.2118787996392891
115646,Mixed-Humid,inefficient,6526.3994757,2793.19,2282.499087225134,834.7668404637107,0.29885787950827214
115647,Cold,inefficient,1184.9739838,4209.07,3114.0940551884837,1197.218659250234,0.28443781149998315
115655,Hot-Humid,efficient,8251.322512,923.15,1630.8697262926853,222.47458087332933,0.2409950505046085
115669,Mixed-Humid,average,6791.0287797,1642.7,1742.87278360623,375.52415456959363,0.22860178643062862
115673,Marine,average,5798.4067456,2112.41,2598.4531160271945,279.2664460906766,0.1322027665513213
115679,Cold,inefficient,12429.388887,1249.35,1553.8194659952794,244.92400255647541,0.19604114343976903
115681,Hot-Humid,average,8430.3375699,2069.25,1868.798179023676,599.8280926188847,0.28987705333762703
115686,Marine,average,4815.1967886,2326.63,2218.5518078239184,526.1881319204499,0.22615892166801335
115693,Cold,efficient,1005.8986662,1263.16,1406.975566328519,238.76850711503937,0.18902475309148434
115699,Mixed-Humid,efficient,5127.3632598,1457.9,2167.902338065244,312.5386735747531,0.21437593358581047
115708,Marine,inefficient,4230.9256824,2465.39,2710.121786776009,756.7404569407171,0.306945536787574
115715,Hot-Humid,efficient,9915.3218931,1441.39,1984.7103929189927,439.3227336416886,0.3047910236935795
115720,Hot-Humid,efficient,9111.0805679,1182.94,1121.400482859667,235.49802950407383,0.19907859190159588
115737,Mixed-Humid,average,11474.899668,1182.12,1445.522126634526,290.54286870855253,0.24578119709382512
115738,Hot-Dry,efficient,8415.4284647,2041.47,2856.2032078329316,563.0054031212258,0.27578431381368607
115744,Cold,efficient,12205.051171,436.19,569.7940855250324,65.81642444267021,0.15088934740060572
115746,Marine,inefficient,5797.090053,2268.03,1402.4707780988822,336.18539697701823,0.14822793216007646
115753,Very-Cold,efficient,3348.3145494,1986.15,2334.472559335914,575.1437806016621,0.2895772124973754
115755,Hot-Humid,average,6397.2374107,2559.26,2285.5852818208814,892.8949662229503,0.34888794660290484
115778,Mixed-Humid,efficient,8861.8973947,3439.48,4343.286949656489,1039.9968773486908,0.302370380798461
115781,Cold,average,8681.5890369,3072.4,2283.490620883388,854.5756608430556,0.2781459643415752
115791,Mixed-Humid,average,3364.9245318,1745.1,1743.6525415926048,306.56130789788915,0.17566976557096395
115795,Cold,efficient,2361.7916091,1132.51,992.3447667279434,222.58519970477835,0.19654148723170511
115805,Marine,inefficient,13607.438617,1664.55,1101.770000019209,287.3535985918996,0.1726314010344535
115820,Mixed-Humid,efficient,3693.7522995,2853.66,2576.8719388918175,541.2959239080319,0.18968479913796035
115830,Cold,average,4104.9387515,2941.45,2842.8496884870906,746.301767398417,0.25371900504799233
115832,Mixed-Humid,efficient,4179.3847811,1317.19,1911.1696141264283,142.00748108791186,0.10781093167114224
115838,Cold,average,6369.3319054,1595.28,1834.510990620155,438.58970369988674,0.27492960715353215
115841,Hot-Humid,inefficient,12435.491208,1593.87,2052.8961030181767,385.0959420296094,0.2416106345119799
115842,Very-Cold,average,712.15056077,4070.47,4204.7776839607095,831.181855590377,0.20419800553508
115849,Cold,inefficient,12379.539912,1967.92,2037.6729886087833,559.3768767230024,0.2842477726345595
115853,Hot-Dry,efficient,5004.4538666,756.05,2079.0083486920357,176.62105353419508,0.2336102817726276
115857,Hot-Humid,efficient,10254.583598,783.02,917.4704559438484,255.61305793742662,0.326445120095817
115866,Mixed-Humid,efficient,6197.0391934,1316.96,1670.0251371237998,217.09679220711106,0.1648469142624765
115869,Mixed-Humid,efficient,4962.0439669,1614.5,1798.9014939707065,330.18395667159194,0.20451158666558808
115873,Marine,efficient,12705.228367,372.25,508.8232949195889,66.42562173510116,0.1784435775288144
115874,Hot-Humid,inefficient,2008.6033211,4098.37,2947.7104606743924,346.8047271673192,0.08462016049485996
115876,Mixed-Humid,efficient,4261.2175701,1096.64,1323.767531190363,223.10969430892715,0.20344843732576517
115890,Cold,inefficient,8041.4241455,1690.21,2575.325062255295,586.9989496634928,0.3472935017917849
115898,Mixed-Humid,average,5016.518368,1971.54,1946.8198711243515,251.8767278108277,0.1277563365748743
115905,Hot-Dry,efficient,4165.30868,2520.42,2467.300060491896,568.3967429827069,0.22551667697554648
115917,Hot-Humid,efficient,9241.4211229,561.59,910.4471696565648,48.60747238489563,0.08655330825850821
115918,Cold,efficient,8892.6901685,1299.67,2122.515914891211,411.5482659922947,0.3166559711252046
115922,Hot-Dry,average,14649.882371,1755.97,1595.6815217317164,496.8912855515298,0.28297253686084034
115923,Hot-Humid,efficient,7560.9498819,1474.13,2078.2486878063587,253.06098753518,0.1716680262495031
115935,Hot-Humid,average,15339.943342,1137.94,959.6085510513292,193.17264909685986,0.169756445064643
115936,Very-Cold,efficient,1370.0894629,572.3,917.5823402257864,75.16192810254954,0.13133309121535827
115942,Cold,average,11551.774287,909.37,857.6110640529845,211.17679724490517,0.232223184451769
115943,Cold,average,10077.002365,2178.69,2234.2616485663084,477.12410344580576,0.21899586606897067
115946,Mixed-Humid,efficient,5911.015086,1677.41,2170.009413162487,470.88173165391817,0.28071952096024116
115955,Mixed-Humid,efficient,2901.8815773,1115.93,1948.4055778935349,190.4664021376231,0.1706795248246961
115959,Cold,average,2350.0250316,876.11,852.9566618303144,92.18258280302388,0.10521804659577436
115960,Cold,efficient,7897.9950111,2259.47,2106.906438861805,524.7105385601126,0.23222726504893298
115963,Mixed-Humid,average,15582.244911,682.19,1231.8101842576734,150.69383469993824,0.22089716164109446
115977,Cold,efficient,4683.5015577,1232.19,1950.0955140608264,223.64584254268212,0.18150272485792135
115984,Cold,average,3888.0581325,599.72,615.9827104199724,60.455717606613504,0.1008065724114812
115991,Cold,average,6545.8903172,1057.46,444.9507514137526,167.9638567179481,0.15883707820432744
115995,Hot-Dry,inefficient,13399.925041,2290.15,1885.2993092747477,458.4121895834895,0.2001668840833524
116001,Cold,inefficient,7431.344263,2578.23,1675.853160343731,282.86158215643553,0.10971153937252903
116003,Mixed-Humid,average,7184.8890127,2816.94,2424.819727984418,1241.589710323349,0.4407583087759587
116009,Cold,average,5850.7102225,3093.01,2760.7157317437573,645.7705082283628,0.20878384105721054
116011,Mixed-Humid,average,10719.178467,921.3,1120.445162743084,141.65711945502926,0.15375786329646074
116023,Mixed-Humid,inefficient,4585.024464,2151.84,1822.436362213836,362.1078935911884,0.16827826120491687
116032,Cold,inefficient,7024.7382404,1649.54,2179.3762129376987,294.9326499879596,0.17879690700920234
116037,Cold,efficient,5075.5591519,1066.75,1596.0905863009557,283.97621248560534,0.2662069017910526
116045,Cold,average,11285.383967,1567.68,1968.5598849500343,281.51922602668003,0.17957697108254236
116046,Cold,average,4583.4700604,1404.78,2021.9725075847257,333.2540309862702,0.23722862724858712
116053,Cold,efficient,717.17245582,749.23,1121.211280713943,171.10152663605825,0.22836982853871074
116056,Mixed-Humid,efficient,9039.7440454,692.23,1883.2477765023752,175.76612542090044,0.2539128980554157
116059,Mixed-Humid,average,5080.566666,4033.46,2865.498360130528,475.78515712385956,0.11795955758179319
116060,Cold,average,2041.4851962,2482.6,2768.0624195908,530.5465390631535,0.21370600945104068
116062,Mixed-Humid,efficient,3052.2363418,1498.71,1515.7361760942545,357.6336479863326,0.23862765177141182
116064,Mixed-Humid,average,8232.2161895,2511.58,2100.6239302608296,286.3667187696314,0.11401855356772686
116065,Cold,inefficient,8187.868876,689.17,614.4651782101179,80.11958190578714,0.11625517928201626
116067,Cold,average,8395.6728912,2445.21,1463.167603664519,434.13625377767164,0.17754559067633113
116069,Mixed-Humid,efficient,2704.343428,1016.88,1262.813927031954,160.10102400307656,0.15744337975284847
116076,Cold,average,2483.0210074,2247.35,2242.056865883859,196.70039891122957,0.08752548508742723
116084,Hot-Dry,average,7653.7116703,2379.55,1899.6454675779337,485.50375880423337,0.20403175340053092
116088,Mixed-Humid,inefficient,11152.055837,1379.04,2097.9858857502827,105.41797710274373,0.07644301623067042
116095,Mixed-Humid,average,11052.189428,1082.0,949.6596135030088,312.6651731736075,0.28896966097375926
116099,Mixed-Humid,efficient,4369.4596426,2060.24,2398.1496318116674,302.4242797427855,0.14679080094687294
116104,Mixed-Humid,inefficient,6162.5682931,3426.35,2275.627813655571,588.5571781468244,0.17177380540424195
116106,Mixed-Humid,average,10548.180906,3612.45,3814.6528374076943,1290.8648708647465,0.3573377820771904
116111,Hot-Humid,average,14813.179325,667.87,886.9960572814005,87.98688152813615,0.13174252703091344
116112,Cold,efficient,9395.0833183,811.96,1583.1208453145568,179.48983890338945,0.22105748916620208
116116,Cold,inefficient,1569.468646,5686.59,4334.189855530711,681.0549255989004,0.11976508339776568
116120,Mixed-Humid,inefficient,7075.5197938,1534.93,2527.275131794701,299.6532409600122,0.19522274042465274
116126,Cold,average,11605.489224,936.86,1296.534755887285,114.03459740992801,0.12171999808928549
116128,Marine,average,8933.9843055,2117.48,2306.8939953221975,646.3082112094514,0.3052251786129982
116132,Cold,efficient,5093.7059026,1748.3,1808.6307284232644,426.08408320432983,0.2437133691038894
116134,Cold,inefficient,8591.4745091,2271.03,2213.2153535237385,617.7885426413461,0.27203011084897427
116139,Cold,inefficient,6605.7830826,2111.62,1298.0778404544085,362.0918259971121,0.17147584603153604
116140,Cold,efficient,4275.1149394,1794.08,1630.8239887274676,606.4865482273822,0.3380487761010558
116162,Cold,inefficient,3857.6780514,5773.29,2984.527465791679,620.1847492772823,0.10742310697666016
116165,Hot-Dry,efficient,15780.682794,756.28,666.8833686839116,161.60469049335137,0.21368367601067248
116166,Cold,efficient,6909.1920908,764.07,1818.1385672298527,317.6084293411468,0.41567975361046344
116169,Mixed-Humid,efficient,6685.3201599,5945.52,5453.27420023737,1521.7566769177347,0.2559501400916547
116172,Mixed-Humid,average,4871.0527541,1173.62,1371.0242046456565,172.0507938759823,0.14659838267580844
116177,Cold,inefficient,5542.3735693,2703.89,2097.2503005339163,1571.0257640220282,0.5810242887181166
116184,Cold,average,11064.166415,1781.46,3063.132424881697,322.85373328033876,0.18122985263791427
116185,Cold,inefficient,3940.2918199,2662.12,2270.99950286061,318.0271245631436,0.11946385758836703
116192,Mixed-Humid,average,7577.3478119,1774.19,1856.6039225652453,283.65774786310374,0.15988014128312286
116198,Mixed-Humid,inefficient,4410.2880189,1192.2,1210.9958229776505,216.05212934400961,0.18122138009059688
116212,Cold,efficient,1013.7317182,2121.57,2491.3224570797456,500.1650875141207,0.2357523378979344
116218,Cold,efficient,1186.9270361,1044.7,863.2081764722659,173.4492364352323,0.16602779404157395
116220,Mixed-Humid,efficient,7579.1329793,2070.91,2661.556863027288,420.30218555716056,0.20295531218505902
116234,Cold,efficient,4401.0623675,1465.57,3170.9235738742186,548.5773787162896,0.37430991267308256
116241,Hot-Humid,efficient,5171.9560594,950.97,1523.3195523474938,183.26747400901357,0.1927163569923484
116248,Hot-Dry,inefficient,15417.758917,700.1,1192.7671264795142,61.538436300439,0.08789949478708613
116252,Mixed-Humid,efficient,5169.0161999,1302.62,1462.747951671351,318.86019463066924,0.24478373941031864
116266,Very-Cold,average,794.26150082,3363.4,3353.8152362357605,1180.6319533682613,0.3510233553452641
116274,Mixed-Humid,efficient,4735.8687137,814.3,1779.1939428693745,336.44204051493114,0.4131671871729475
116288,Hot-Dry,inefficient,9811.126867,3377.37,1732.6339561550276,562.8008475201267,0.16663878921176142
116291,Cold,inefficient,1228.5979121,2628.63,2561.9369855316127,388.83395620483367,0.1479226654967925
116292,Cold,inefficient,9826.4258749,1861.7,2438.687878758473,207.99667766696575,0.11172405740289292
116295,Marine,inefficient,4602.4606454,1857.44,2106.0528207749785,202.38534092627066,0.1089592885510545
116299,Hot-Humid,efficient,8914.0639618,2249.47,2545.2413013150062,406.70089082646143,0.18079853957886144
116303,Cold,average,11949.294767,2900.78,1894.069569256863,898.2208835732124,0.3096480545140315
116305,Mixed-Humid,average,11828.20305,2760.83,2322.49961372251,547.4102528257654,0.1982774212196207
116312,Mixed-Humid,average,1635.4268131,899.58,1484.5957902472842,217.47365089967312,0.24175020665162977
116317,Cold,average,2123.4515056,5168.77,4969.409980352351,591.7595106864089,0.11448749135411498
116319,Cold,efficient,6611.6724948,1908.07,2458.665912606271,455.13768976809826,0.23853301491459866
116321,Mixed-Humid,efficient,1536.1906099,966.53,1102.5973296333318,229.24426614599818,0.23718277357764186
116325,Cold,inefficient,4785.3730507,3137.92,2241.1729395195766,795.6411048431569,0.25355684811695545
116339,Cold,efficient,2148.1569866,1118.93,1617.636694721847,150.61784058008055,0.13460881429587243
116342,Hot-Humid,efficient,13040.016323,2303.25,1996.122800179469,536.5237250305689,0.2329420275830105
116349,Cold,inefficient,11552.243894,1393.75,996.1401976767183,252.12177831732896,0.18089454946534814
116357,Hot-Dry,average,10212.123012,766.07,1277.3337395890408,71.63675743376604,0.0935120255769917
116396,Very-Cold,inefficient,1010.3979789,2398.26,1902.1190808969416,492.57742734014516,0.20538950211409318
116397,Hot-Dry,average,13472.784882,1030.38,1008.9603863674802,68.35360624618163,0.06633825020495508
116406,Mixed-Humid,efficient,5375.8393813,1388.26,2989.7390488970987,517.4612800634815,0.37274089872464916
116409,Hot-Dry,average,11559.707523,1028.09,1257.435300551798,103.42567649194937,0.10059982734191499
116418,Hot-Humid,average,11090.147801,2728.46,2841.400855998714,909.4382967423544,0.3333156054119739
116421,Cold,efficient,10256.322184,550.83,892.4929358654317,95.93196757965642,0.17415893756632067
116422,Cold,efficient,4586.1365678,722.67,1257.24314929426,157.43030866489647,0.21784536325694506
116423,Mixed-Humid,efficient,4708.6632356,2996.02,2704.0673650228255,729.7730714496283,0.24358084106568992
116425,Cold,efficient,9023.1790293,2024.25,2326.9422543034616,584.6889084842322,0.2888422420571729
116427,Cold,efficient,1552.305917,1436.55,2014.1424925575316,362.0052931174605,0.25199630581424975
116435,Mixed-Humid,average,5556.4754761,7509.01,4644.745989889169,978.7200471973879,0.13033942519684857
116438,Mixed-Humid,efficient,5064.8047944,1696.93,2151.7414557384823,568.6668756210428,0.3351151052907561
116440,Very-Cold,average,850.45995704,3434.64,3758.8729672628983,397.0997184768939,0.11561611070647693
116448,Mixed-Humid,inefficient,1744.0987249,1937.26,1733.9455966700673,706.8642779706748,0.3648783735640414
116449,Hot-Humid,average,10803.426774,1280.94,1774.9743546303928,336.70395245879155,0.26285692730244314
116456,Cold,inefficient,3908.9941044,3251.46,2821.117322939954,509.4915444762278,0.15669623629884044
116458,Mixed-Humid,efficient,6736.2308623,2155.26,2786.278338154858,620.2845538998404,0.2878003368038382
116473,Hot-Humid,average,5798.1832656,2378.32,2116.8230725571702,278.41742568527286,0.11706474557051735
116484,Cold,average,10360.198598,1841.83,1991.283616182024,631.7905390620621,0.3430232643957706
116485,Mixed-Humid,efficient,5125.4904238,1531.9,2509.386429518735,575.4871220939048,0.3756688570362979
116494,Cold,inefficient,6275.5961279,3253.36,1831.943134528506,709.9883319010189,0.21823232962261135
116510,Hot-Humid,inefficient,4677.3107435,2780.25,2371.2350422040327,505.75611827760963,0.18191030241079387
116515,Mixed-Humid,inefficient,12159.447044,1826.67,2140.021187007621,429.96999282268865,0.23538460303321818
116517,Mixed-Humid,average,4489.83085,2169.46,2643.8087747338773,469.0984303610139,0.21622819981055835
116518,Mixed-Humid,inefficient,5629.3291656,1846.39,1747.427293983106,417.3711943401512,0.22604714840318196
116519,Cold,efficient,3444.188914,1571.79,1900.2213175601523,447.6692699472841,0.2848149370763805
116527,Cold,efficient,2157.7985919,1068.23,1196.5020921508358,243.09333501112357,0.22756647445879966
116543,Hot-Humid,efficient,5122.6640583,1406.21,1661.1056041800591,411.0034366671588,0.29227742418782315
116548,Cold,average,9313.5955571,774.03,764.1033973479665,210.07612651169228,0.27140566452423326
116550,Mixed-Humid,average,5523.2031111,1507.79,1645.6666797573323,268.1084179237344,0.17781549017020568
116561,Mixed-Humid,average,3243.459065,2446.96,3052.5997195899995,867.8864690862732,0.3546794672108548
116563,Cold,efficient,4886.4572433,1548.16,2367.780962315835,409.63246057846493,0.26459310444557727
116572,Mixed-Humid,inefficient,3290.2393681,1628.95,1782.029243898155,213.79605342152763,0.13124776906690053
116581,Hot-Humid,average,7073.3508101,1624.74,1137.8883322916272,425.1577285209486,0.26167739362664094
116585,Cold,inefficient,1168.3908376,2093.19,1614.3704122507106,267.40846025775375,0.1277516423534193
116596,Cold,inefficient,840.96372133,2445.77,2260.5114916496486,625.3695713475636,0.255694350387634
116600,Cold,inefficient,3939.4676093,1561.73,1058.3318058140412,210.15121004721573,0.1345630871195506
116603,Hot-Humid,efficient,8690.092705,2252.67,2708.9945560538927,331.95274533357906,0.1473596866534286
116604,Cold,inefficient,6613.6077529,1083.9,884.8797239324076,160.4933202806745,0.14807022813974952
116607,Cold,inefficient,2716.8136298,2440.58,2907.3499683400123,362.24196964638094,0.14842454238188502
116608,Cold,efficient,10762.69123,1136.14,1369.1739332129332,186.72703819323667,0.16435213811082847
116611,Cold,efficient,5002.5456454,1475.57,3216.432336424203,694.5252602279527,0.47068269226668524
116616,Cold,average,1011.2051995,1484.11,2447.5754268704413,204.1304117766518,0.1375439905240527
116617,Hot-Dry,average,4059.5962999,3443.83,2191.8985566187152,730.9085492295198,0.21223711659098152
116618,Cold,efficient,9075.390175,329.38,580.2384891996077,51.153747968567885,0.1553031391358549
116623,Mixed-Humid,average,3463.8667841,1394.2,1964.8234873533468,378.2873596950609,0.2713293356011052
116628,Hot-Humid,inefficient,16744.218033,2142.0,1696.528672795955,523.5967992585795,0.24444295016740406
116639,Hot-Humid,average,9579.6825123,1528.08,1780.9670217294406,274.5538232238729,0.17967241454889332
116644,Mixed-Humid,average,4906.7964273,1937.15,1737.7335139016468,759.2398981381829,0.39193655532002314
116653,Mixed-Humid,efficient,1905.4066629,572.22,923.1731353379142,76.7601304816752,0.1341444382958918
116663,Cold,average,4472.5055461,963.76,1165.7169240644982,91.18021792015523,0.09460884236755544
116664,Cold,inefficient,8393.3144524,1868.32,1853.8310303267303,262.8195299685447,0.14067158193914572
116676,Cold,inefficient,3641.8170022,2869.03,2511.2643378270855,889.2143624044643,0.30993554002727897
116677,Very-Cold,efficient,660.42108167,1505.05,2501.9983348196743,206.5754750075201,0.13725489186905426
116683,Mixed-Humid,efficient,4812.9768324,1158.88,1740.657607490407,354.6899751987747,0.30606272884058283
116686,Cold,efficient,3764.9028653,2031.29,2335.16938007454,369.58984233306165,0.18194833939666993
116691,Mixed-Humid,inefficient,4552.6478806,2379.88,2010.8290012710183,494.9723795780877,0.20798207454917378
116693,Cold,efficient,4037.5462861,912.93,1454.5897885826864,160.0866508043635,0.17535479259566836
116701,Cold,efficient,4149.4192014,2315.76,3637.184483015208,485.085069597233,0.20947121877795322
116703,Hot-Humid,inefficient,9756.1860266,1986.83,1863.3876585618711,304.1560052762766,0.1530860744383146
116708,Hot-Humid,efficient,12367.353972,659.2,615.7057936367712,85.38778224273864,0.12953243665463993
116711,Cold,average,4536.3724589,1994.81,2300.7937720400582,403.78173552704123,0.20241613764069824
116713,Mixed-Humid,average,7103.3049026,2315.0,1665.3683326235623,396.96425104162654,0.17147483846290562
116748,Hot-Dry,inefficient,1891.74991,1965.22,2094.8684002454443,365.5578832804451,0.18601372023511112
116753,Mixed-Humid,inefficient,10627.150932,5419.41,3573.804553867173,1614.4043869184866,0.29789301546081337
116756,Cold,average,10711.606685,1688.94,1546.490533774916,290.094271591252,0.1717611469864246
116758,Hot-Dry,average,10157.598984,4727.72,3620.9937147716046,1202.1632895185953,0.25427971400983884
116768,Mixed-Humid,inefficient,11830.931495,1838.0,2390.5270463656393,278.9466047818165,0.15176637909783272
116771,Cold,efficient,4664.8884469,1476.88,2082.149279170975,482.8267452573343,0.32692347736941
116773,Mixed-Humid,inefficient,7101.6173093,1998.08,1548.2911197697483,349.3197176504678,0.17482769341090837
116780,Cold,average,5998.2973626,2037.81,2252.950772285559,762.9329639793688,0.37438866429125817
116781,Marine,efficient,5570.723463,1027.41,1920.9832015096952,337.5202710007574,0.3285156568465923
116783,Hot-Humid,average,7371.9551741,3241.3,3094.7482778198323,681.3524631953214,0.21020962675325375
116802,Cold,inefficient,11961.472162,2315.56,1638.3287857946063,460.5986994481215,0.19891460357240648
116807,Cold,average,4286.2644124,1978.25,1676.7055766775732,480.1468571583854,0.24271293171155586
116810,Mixed-Humid,average,11789.065473,4182.17,3614.624929479275,1270.3691385234142,0.30375836910585036
116813,Hot-Dry,inefficient,16868.90128,1512.54,1195.2319088941765,145.92745786101113,0.09647841237984525
116816,Cold,efficient,8534.9378545,2233.11,2631.8336474390394,601.3702642402903,0.26929719729000823
116820,Cold,average,3095.5858899,1717.86,1245.6516433599556,335.79031144704334,0.19547012646376502
116830,Mixed-Humid,inefficient,8259.4084148,3473.27,1833.010935925966,1349.2742611498097,0.38847376136891454
116831,Hot-Humid,average,11711.537414,2692.68,2225.671155171448,552.9298846261515,0.20534556078930716
116833,Cold,average,8964.8008589,1767.75,1899.141601064232,329.08838182768187,0.1861622864249367
116834,Hot-Dry,average,13283.372619,2074.73,1940.92637661455,178.12870467238156,0.08585633054536328
116835,Cold,efficient,9746.1325083,1071.49,1836.8425163550364,253.20302231497584,0.23630927242902486
116840,Mixed-Humid,efficient,4852.3465488,3202.53,3679.777181174308,955.3864219259353,0.2983223957077483
116842,Cold,inefficient,4573.6184049,4817.19,3637.167575154247,1022.4319867284449,0.21224655592335887
116852,Hot-Dry,inefficient,5178.2905484,2123.4,2314.749293866594,393.08673206236665,0.18512137706619886
116853,Mixed-Humid,inefficient,7253.8312316,2352.84,2228.570396047747,458.34122407796957,0.19480339677919856
116855,Cold,inefficient,3824.0825566,868.09,709.91453449822,156.10906189645232,0.179830503630329
116856,Cold,inefficient,13397.608954,2240.81,1141.6062944210837,412.2266036206688,0.18396321134798077
116860,Cold,efficient,5960.9057364,1222.64,1925.627531683485,356.1704880616458,0.29131264154750847
116866,Cold,inefficient,4954.4795043,1580.61,1890.6859708042712,104.06564628531608,0.06583891427063987
116872,Cold,inefficient,6801.0491282,1002.5,813.8722786140711,66.292223686688,0.06612690642063641
116873,Mixed-Humid,efficient,9689.1386583,666.8,749.6532380897285,110.7890971225555,0.16615041560071311
116874,Cold,average,10749.718342,401.89,440.5399449140903,44.89333037260498,0.1117055173619771
116878,Mixed-Humid,average,10055.849372,1918.05,2177.0518389159524,452.40181438617464,0.2358654958870596
116881,Hot-Humid,efficient,6871.9611933,1424.08,2103.786046647992,256.8021072497081,0.18032842765133147
116886,Mixed-Humid,inefficient,3144.6523597,4063.35,2077.302798583057,407.80995621261013,0.10036299019592458
116887,Mixed-Humid,efficient,2718.4716595,1633.76,1922.27855990322,771.4915649984396,0.47221841947314147
116889,Mixed-Humid,inefficient,10940.683231,3718.39,1786.898574431309,821.2818913806138,0.22087029369716837
116900,Hot-Humid,average,1619.8015382,1368.67,2607.1333680403477,220.83490655200978,0.16135000149927284
116901,Mixed-Humid,average,8597.5244215,988.38,1008.511952964586,358.06704532947407,0.36227670059033373
116902,Mixed-Humid,average,5773.3177508,2522.31,2073.779511837637,570.4636961341112,0.2261671626937653
116904,Hot-Dry,inefficient,12902.813539,2230.12,2017.2923218347112,626.802140732269,0.28106206873722894
116906,Mixed-Humid,efficient,10698.612436,2345.53,2488.82384497664,717.3478931964739,0.30583616205994973
116910,Cold,average,3931.8529367,447.44,661.5548727338403,83.17306663898408,0.1858865247608262
116914,Mixed-Humid,efficient,3024.6051694,2012.16,2529.7161324224744,388.629610986752,0.19314051118536896
116919,Cold,average,6465.4691697,2117.72,1896.148055760366,338.50653787437466,0.1598448037863243
116920,Hot-Dry,average,13611.631692,1417.59,1906.8363608447603,162.14862987337267,0.11438330537981552
116928,Cold,inefficient,13207.686023,2954.53,2005.6533047941505,1220.7979142636045,0.4131953015415665
116933,Mixed-Humid,average,9509.9661315,1755.1,1664.2925854981977,411.01755353772234,0.23418469234671663
116939,Hot-Humid,average,9151.0859036,1766.75,2387.476548883901,631.8685639055252,0.3576445812398614
116940,Cold,efficient,6309.1401117,1835.99,2595.825104699823,483.1856877488121,0.2631744659550499
116942,Mixed-Humid,inefficient,5938.8741398,1856.74,1533.2567862194742,313.69949340726174,0.1689517613706075
116944,Cold,average,13057.510278,1406.66,1676.070068874981,399.5331583278945,0.28402965771962985
116951,Hot-Humid,inefficient,17079.862436,1251.33,1191.44202824528,417.68006506838344,0.33378890066439987
116955,Mixed-Humid,average,5369.8595817,1325.27,1494.314579872407,268.07942846769083,0.20228287704972633
116957,Mixed-Humid,inefficient,6572.7101882,2865.51,2274.5565600444083,880.2281002687254,0.30718025770935203
116968,Hot-Humid,efficient,8338.5456889,2012.54,2592.2523279779307,362.841846347074,0.1802905017277043
116969,Mixed-Dry,inefficient,4809.2753596,3019.89,1648.7700865905929,747.0181964940757,0.24736602872756153
116974,Cold,inefficient,14556.253804,4200.89,2017.7082090303015,1335.9112324948567,0.3180067158375622
116979,Cold,average,1190.2422521,2594.13,3188.779166959534,490.0899749928516,0.18892267349471753
116980,Mixed-Humid,inefficient,7521.7325019,2134.94,2230.265219886313,543.5109974608416,0.25457905021257815
116983,Cold,efficient,3752.7000905,1090.95,1925.7680126484024,306.99685265355834,0.28140322897800846
116985,Mixed-Humid,average,9905.4209992,1260.92,1289.0556474501304,157.17460597444725,0.12465073595029601
116986,Hot-Dry,efficient,10117.27975,1664.34,2488.240266199966,363.1227755876006,0.21817824217864173
116992,Mixed-Humid,efficient,5346.9806792,701.3,763.9857574028631,151.392933095419,0.21587470853474836
116995,Mixed-Humid,inefficient,13023.60859,1498.39,1731.7195709132093,241.02713655585063,0.16085741132538967
116999,Mixed-Humid,average,5782.8897447,4897.61,2973.717381270236,1251.372486482905,0.25550676482670226
117005,Cold,efficient,10838.306629,1036.53,1348.855518562806,212.56741543816463,0.20507598954025896
117009,Mixed-Humid,efficient,6588.6121758,1568.8,2099.128579241697,435.50253853126713,0.2776023320571565
117020,Mixed-Humid,inefficient,12031.595971,2615.83,1725.8047546172938,332.6492287748954,0.12716775508152112
117027,Hot-Humid,average,7423.5097194,2725.83,2167.8817481663928,551.6382465190767,0.2023744131215361
117032,Marine,inefficient,7538.0175124,1997.17,1460.4283513385276,280.7961938167262,0.14059704172240028
117034,Cold,inefficient,1724.8861988,1979.4,1798.9113575087054,309.61488215511355,0.15641855216485478
117035,Mixed-Humid,inefficient,7845.8347223,1829.93,1499.80200875037,485.0367827112968,0.26505756106042133
117036,Mixed-Humid,efficient,5856.397585,1239.73,1435.3415863416835,157.54895452259103,0.12708327984528167
117040,Hot-Humid,average,18209.820974,1231.05,1156.3956625045355,220.3546438769381,0.17899731438766753
117041,Mixed-Humid,inefficient,6230.7479247,1382.46,1835.1819324630617,168.87534085321192,0.12215567962415688
117049,Cold,efficient,9809.6080133,2085.5,2166.3776742876084,615.1511996471354,0.29496581138678274
117052,Very-Cold,efficient,853.55800653,1534.59,2087.071637890469,294.9075218226743,0.19217349378184032
117066,Mixed-Humid,inefficient,6823.50247,972.51,1196.787566538284,281.20972497746504,0.28915869757376794
117069,Cold,inefficient,5826.6195424,1240.98,1889.5928811873164,362.1691507917615,0.2918412470722828
117076,Cold,inefficient,5794.6959379,1691.32,1836.6544494732743,230.49794954809522,0.13628287346456924
117085,Cold,average,8054.6129069,1882.77,1749.197117525552,508.26009075013593,0.2699533616693149
117093,Mixed-Humid,inefficient,4376.7919373,2727.02,2111.119017681293,824.0430015508474,0.30217710231345846
117105,Marine,efficient,4976.713566,960.09,1747.8416791361349,111.01416472385382,0.115628914709927
117106,Hot-Dry,average,9831.392603,1780.7,1518.0426811109892,233.8445587971189,0.1313217042719823
117108,Cold,average,6955.28084,1216.73,1267.7805339599554,251.16774277370848,0.20642849504303212
117113,Mixed-Humid,average,5434.5128196,2162.78,1851.7498545354435,616.8922771259188,0.28523117336294895
117114,Mixed-Humid,inefficient,8495.1857893,2435.46,1573.1400052802364,495.5408609619472,0.20346910274114427
117120,Hot-Humid,average,10883.586897,2143.24,2092.318859495408,345.1001026754489,0.1610179460421833
117121,Cold,average,7014.84718,1554.19,2095.674816605887,448.3998460602487,0.2885103147364535
117127,Cold,efficient,1078.7147661,660.41,2618.8784131493194,158.2215606648241,0.23958080686970837
117131,Mixed-Humid,efficient,1976.6596184,1133.03,1335.8468055992355,260.73758210322,0.23012416449981024
117133,Hot-Humid,inefficient,5745.7688028,5538.8,2075.5815408535695,1991.3723927062917,0.35953137732113305
117137,Cold,inefficient,6958.4897438,3913.1,2525.2671476564233,934.446018759727,0.23879942213583275
117142,Cold,average,7261.0273162,1339.49,1165.249759845879,271.89176866268537,0.20298155914764976
117148,Very-Cold,average,649.43953206,4191.43,4381.424874254687,1175.5102901532791,0.2804556655254362
117149,Mixed-Humid,average,11015.410056,1438.55,1842.6896784074888,255.3788674299938,0.17752519372284162
117150,Hot-Dry,efficient,4562.8297313,1571.96,2126.7162709822824,476.673325152224,0.3032350219803455
117165,Cold,inefficient,5175.2365807,1858.23,1555.5796598919364,480.60847030449247,0.2586377737440965
117183,Mixed-Humid,average,6088.9124977,1554.36,1582.511328559693,297.718403067881,0.19153761230852637
117184,Marine,average,5325.5686809,1240.74,1071.330518748122,251.27889833271757,0.20252341210303332
117192,Hot-Dry,inefficient,12186.505179,1715.67,2036.3559973854583,460.91972351776747,0.26865290150073584
117200,Hot-Humid,efficient,2007.8342887,706.77,2478.289321285544,60.65507886668027,0.08582010960663337
117204,Hot-Humid,efficient,7439.1752796,1561.0,1958.7482524629056,737.9715279392867,0.47275562327949183
117221,Hot-Dry,average,6139.7128939,1628.29,1972.0001355003408,269.865410369481,0.16573547118110474
117231,Cold,average,5670.3268745,1893.98,2089.432114183528,402.6270883938038,0.2125825449021657
117235,Hot-Humid,efficient,4560.5357167,1130.28,1415.2035457830748,145.1209965698679,0.12839384627691183
117256,Mixed-Humid,inefficient,8937.9484997,879.07,931.877744017292,67.11886005566767,0.07635212219239386
117259,Hot-Humid,average,4443.4693354,1217.21,1531.624649376822,352.3695006936348,0.28948948882578585
117263,Mixed-Humid,inefficient,3467.0647224,1146.43,1241.9367678039814,268.1397923016125,0.23389111616200944
117266,Mixed-Humid,average,4826.3828886,2218.67,2042.009265101457,650.7865483146355,0.2933228232745904
117267,Very-Cold,inefficient,890.61207555,5127.99,3260.0587424799087,749.7321932066988,0.14620391092936974
117270,Marine,inefficient,10046.244687,3116.79,2207.503242903805,427.77483440230066,0.1372485263371291
117272,Cold,efficient,1966.404504,1198.02,1204.854186044367,442.54508187872887,0.3693970734033897
117276,Hot-Humid,inefficient,12506.707514,1734.13,1988.420071859755,213.83432612800098,0.12330928253821857
117280,Cold,efficient,5776.5547509,1557.05,1669.156780034887,428.426571140576,0.2751527382810931
117287,Hot-Humid,average,1749.1584555,1880.27,1485.7298998888307,60.83902647886342,0.032356537347755066
117297,Marine,inefficient,5838.4153731,4034.27,2803.235668330464,555.656440309054,0.13773407340338004
117304,Cold,average,9379.7020972,1515.72,1620.630535631503,361.2846967120987,0.23835846773289177
117305,Hot-Humid,average,6312.4199842,1038.38,1439.5366666139748,256.4138795746715,0.24693645830492833
117329,Hot-Humid,average,6558.0731696,915.24,1073.777055001615,126.39308234984284,0.13809829372606403
117330,Cold,average,3665.173828,737.17,852.5280684696136,118.843430727883,0.16121577211210847
117343,Hot-Dry,inefficient,8497.4128386,2594.49,2305.9502751243313,294.50142107463694,0.1135103319244387
117350,Mixed-Humid,inefficient,9247.492428,5571.6,3189.217745222999,1573.3645088656504,0.28239006907632463
117356,Cold,average,9243.2767626,982.58,591.2035006914404,81.24782386757802,0.08268825323900142
117357,Hot-Humid,average,8077.6589149,1889.37,2060.0771560741096,495.62793696328805,0.2623244451660014
117362,Mixed-Humid,inefficient,8417.9795509,4576.22,2096.1365089164738,1048.2857411598602,0.2290724093596593
117363,Cold,inefficient,6420.5046997,2150.25,2158.592068115429,532.4373817227638,0.24761650120812176
117367,Hot-Dry,efficient,15355.95245,1542.64,2389.180420992049,558.4714924957098,0.36202321507008095
117373,Cold,average,5586.199523,3757.37,3469.502856603771,1582.3206769874644,0.42112453045280723
117381,Mixed-Humid,efficient,6671.8136353,2060.82,2931.465528683052,568.181201860493,0.27570637021209665
117382,Hot-Dry,inefficient,9988.3473788,2990.99,2680.082918193293,620.3228692940442,0.2073971726064093
117383,Cold,efficient,7809.0303038,595.39,2017.236300749,209.40039065848663,0.35170290172573715
117391,Cold,efficient,3751.8159831,1642.61,2537.342024721144,314.58371276392245,0.19151454865361983
117395,Mixed-Humid,efficient,6852.387321,2285.41,2146.392090531099,584.3284961202662,0.2556777541536382
117403,Cold,average,8371.3864254,2207.51,1833.0183890303344,461.6382964848493,0.20912172379053742
117413,Cold,inefficient,7283.7632228,2637.42,2689.000684864531,640.5302658345472,0.2428624435374522
117431,Cold,efficient,2200.5366695,567.0,554.5268553564047,144.13482220273892,0.25420603563093286
117432,Cold,average,6236.6913191,1777.95,2180.65851677038,559.2099408782885,0.3145251221228316
117443,Hot-Dry,average,15725.933725,2087.35,2208.7067558201056,515.0031226260904,0.2467258114959592
117449,Mixed-Humid,inefficient,7771.3527524,2753.08,2409.942070653681,521.9999001084645,0.18960578701253308
117462,Mixed-Humid,average,8493.4468418,1305.1,1695.774135850079,217.0787857442811,0.1663311514399518
117474,Cold,inefficient,1967.0872359,1314.6,944.5000418180258,320.9703664895195,0.24415819754261336
117486,Mixed-Humid,inefficient,8919.7984623,1698.87,860.1424334582963,196.57649820701658,0.11571014745508285
117508,Hot-Humid,efficient,4436.9421068,2116.16,2901.4077648832067,335.0442460920383,0.15832651883224252
117513,Mixed-Humid,average,6589.6198578,2296.69,1646.1135591237626,673.6047983432842,0.293293739400304
117514,Mixed-Humid,inefficient,9786.9269528,2616.6,2270.00733514187,419.4102306981639,0.1602882483750531
117515,Hot-Dry,average,7719.5557378,2879.92,2079.715489541118,448.04546701588936,0.1555756642600799
117516,Cold,efficient,7036.0245218,1352.6,1307.3498644357192,162.928885561836,0.12045607390347185
117527,Cold,average,3715.750681,1287.15,2393.1928218082353,215.80453861616854,0.16766075330471858
117531,Hot-Dry,efficient,3958.466129,1656.04,2797.1353015104964,140.02141715129846,0.08455195354659215
117541,Mixed-Humid,inefficient,14109.216641,1363.01,1224.856492237899,240.7487919098664,0.1766302462270023
117542,Cold,average,2366.4637749,2782.37,2783.264761579065,682.32652352182,0.2452321307093665
117543,Hot-Dry,average,5608.2811742,3415.72,3210.1759579712757,1007.2262257815685,0.2948796229730682
117545,Mixed-Dry,inefficient,8690.092705,1619.84,1636.0250035008742,52.7837044465233,0.03258575195483709
117554,Hot-Humid,inefficient,10248.420026,1471.58,1555.9539860408277,392.8569526697288,0.266962688178508
117559,Mixed-Humid,inefficient,9982.1303604,4484.97,2957.233510433195,1321.4859224813704,0.2946476615186657
117561,Mixed-Humid,efficient,6057.7580822,465.43,1195.41493989311,98.39330339189854,0.2114030109616882
117562,Cold,efficient,6247.3803384,1538.17,2333.141420484027,487.72605975064073,0.31708202588182105
117564,Cold,inefficient,3307.0341909,4154.77,2219.832187023846,1583.5644942298043,0.381143720164968
117569,Hot-Humid,efficient,12309.173782,1548.76,2535.343958267938,325.6228902541481,0.2102474820205507
117571,Cold,efficient,3180.0031766,1777.44,3381.834865965309,229.99125692076976,0.12939466700466387
117574,Mixed-Humid,efficient,8528.6786837,2880.03,2871.7750848857527,1008.913787857124,0.3503136383499908
117579,Mixed-Humid,efficient,4331.5705557,949.54,1277.893906037392,217.87753879356757,0.22945588263113462
117580,Cold,average,6555.2470117,1997.4,2319.384675175749,720.2721404550522,0.3606048565410294
117584,Mixed-Humid,inefficient,5763.7048253,5104.46,3567.250273247985,1813.0401236686148,0.35518744855844003
117586,Cold,average,1242.6712404,2035.36,1547.6519167312508,414.6237045584862,0.20371025497134965
117587,Cold,average,7022.4463211,2387.03,1717.1943264061829,353.3537761394351,0.14803072275565665
117594,Mixed-Humid,efficient,9756.4305012,1842.62,2296.526652288637,376.9716837028068,0.2045846043692171
117596,Cold,inefficient,8318.6140653,2042.85,2016.7828426454005,310.2378827024627,0.15186522882368392
117600,Mixed-Humid,inefficient,7614.8487971,1652.9,1712.6842352511285,569.9513913696501,0.3448190400929579
117604,Hot-Humid,average,2150.0692374,2561.66,1915.8891794546803,402.58120403809977,0.15715637673934083
117615,Mixed-Humid,efficient,5037.2931778,1483.0,2092.6225110075707,380.22563143750176,0.25638950198078336
117618,Hot-Humid,efficient,6177.8876385,2001.99,2231.5189580138963,598.408663257477,0.29890691924409063
117620,Mixed-Humid,inefficient,7714.97864,2042.76,1621.8175574965455,571.4775325170406,0.27975754984287954
117621,Mixed-Humid,average,950.39215365,1713.58,1726.1318577753837,392.43387553087484,0.22901403817205784
117625,Cold,efficient,10722.949749,1411.78,1363.5028277389088,168.62043243987733,0.11943817906463991
117626,Hot-Humid,inefficient,11935.268695,3019.85,1550.4927499777164,498.1820178031777,0.16496912687821505
117629,Cold,inefficient,8282.6429018,2813.49,2693.176306619274,1202.732473171322,0.4274877369997128
117639,Cold,average,1003.74066,1552.66,2731.098943329124,218.76106010245593,0.14089437488082124
117640,Cold,inefficient,5375.0146425,3153.73,2770.7230890631017,1032.1799529600708,0.32728862425130584
117641,Mixed-Humid,efficient,3388.9727525,1516.4,1559.7073880139076,234.9202267072083,0.15491969579742038
117642,Hot-Dry,average,10873.633803,1614.32,1879.797018854521,345.83483970554914,0.2142294214936005
117655,Cold,average,3254.2997716,3893.14,4148.5925905653085,588.5294182903493,0.15117088475892193
117657,Hot-Humid,inefficient,10082.659252,2492.08,2302.105168369994,386.2109983891738,0.1549753613002688
117660,Hot-Humid,average,9137.7252246,1601.55,1756.2283506940655,285.43888070982723,0.17822664338286487
117666,Hot-Dry,average,14959.736387,1379.78,2392.276918401557,240.73565062160338,0.1744739383246629
117676,Cold,efficient,8013.0594734,1504.96,2051.5508892159587,217.04654306477073,0.1442208052471632
117681,Mixed-Humid,inefficient,11567.632619,2289.62,1916.1324836760384,726.8089193992224,0.317436482647436
117684,Mixed-Humid,inefficient,9638.5032051,2686.31,2215.426759910048,494.0541897719314,0.1839155532205633
117687,Cold,efficient,3401.378607,1756.89,2534.634220629695,301.03162135738677,0.17134346564519506
117688,Mixed-Humid,inefficient,7939.8351902,2878.64,2622.6875166329723,990.2710559947967,0.34400656420906983
117690,Cold,average,6362.2337019,1620.77,1990.5101013420751,358.6508081308002,0.22128420943798333
117692,Cold,inefficient,6796.0118555,4756.51,3386.40973201154,696.4178555802214,0.14641362166382943
117699,Hot-Humid,inefficient,1885.886157,4697.92,3009.209192142752,360.6787471193187,0.07677413560029092
117704,Mixed-Humid,efficient,5777.9241025,1336.46,1644.103179467076,216.0678254389634,0.16167174882822039
117709,Very-Cold,average,894.63159924,3847.65,3065.5678069686664,862.2692996556972,0.22410284190498023
117711,Cold,efficient,1291.4029902,285.52,750.7022742826098,44.40873206920664,0.15553632694454556
117731,Hot-Dry,efficient,6043.7437955,760.54,1056.018314830187,56.63959760852508,0.07447287139207022
117732,Hot-Humid,efficient,18814.499052,946.59,801.5529361125388,200.68407988146345,0.2120073948398604
117736,Cold,average,7309.3898702,1087.9,1618.1630646483518,299.2304933044142,0.2750533075690911
117742,Hot-Dry,efficient,1913.3399107,1313.59,1429.908541105306,254.9859151243952,0.1941137760826401
117743,Cold,average,2197.9413382,1409.41,1246.6776254575525,199.7355000942866,0.14171568251558211
117748,Hot-Dry,average,9849.3296989,1796.59,1587.3893678205488,704.5508566907005,0.39216006806822956
117751,Cold,efficient,7033.0940812,1593.0,1628.0677587972257,310.96189164231987,0.19520520504853728
117753,Mixed-Humid,average,6438.4000468,2902.4,2804.4998067250776,295.6519823228479,0.10186465763604187
117761,Cold,inefficient,4191.3872055,2692.92,3008.2813199537413,773.052291746991,0.28706842080232275
117765,Marine,efficient,5694.99032,1078.17,1681.6038146862898,203.05379813378212,0.1883318939812665
117770,Marine,inefficient,12587.776946,1917.86,1519.381259954745,462.747659432534,0.24128333633974014
117777,Mixed-Humid,average,7028.850463,1818.55,1988.4946874460747,314.31070154209937,0.17283588658112198
117783,Cold,average,3074.2548317,786.62,993.0937968878984,94.51451579477504,0.12015269862802247
117785,Hot-Humid,inefficient,10228.557712,2474.84,1729.46436596492,873.0938476351782,0.35278799746051387
117788,Hot-Humid,average,18606.038829,540.58,977.4292505520503,32.9515841273375,0.06095598084897239
117792,Cold,efficient,6514.3850182,1019.04,2660.3557494642714,318.96008380466645,0.3130005532703981
117794,Hot-Dry,efficient,8318.1442265,1355.11,1633.8322303711168,358.89621889510425,0.26484655776660515
117806,Mixed-Humid,efficient,5446.5685524,1234.02,1492.8341295494497,361.288892264125,0.2927739358066523
117809,Cold,efficient,2738.3751827,710.65,1228.0526963017326,160.758813101666,0.22621376641337648
117816,Mixed-Humid,efficient,5778.5402572,2349.24,3309.652016765822,806.9605518847833,0.34349855778242466
117818,Cold,inefficient,1579.5246725,4425.52,2106.4905054801466,2259.475592966945,0.5105559556768345
117823,Mixed-Humid,average,6543.0679455,1502.46,2050.1857645770906,304.04380673939994,0.20236399420909704
117824,Mixed-Humid,inefficient,3552.3058129,1730.56,1900.48865288152,245.54239393373112,0.1418860911691771
117827,Cold,average,1336.5716892,1534.93,1287.0899638586925,379.4734465065147,0.24722524578092464
117830,Cold,inefficient,7973.1830444,2291.11,1926.7564377571853,416.5715850010626,0.1818208575760494
117832,Mixed-Humid,efficient,3723.5818327,1893.14,2028.142613332865,901.1110693854394,0.4759875494603882
117837,Cold,average,11266.249318,1241.9,1419.986963057336,204.62649519853778,0.16476889862190014
117845,Hot-Humid,efficient,5623.0340006,1463.13,1858.0549050565328,248.98803908150614,0.1701749257287501
117849,Hot-Humid,average,9348.8807123,1493.31,1804.3576723229269,221.69852346910554,0.14846115238571064
117851,Cold,average,7599.0407082,1078.97,825.2600777419403,251.70975239419477,0.23328707229505433
117854,Cold,efficient,16591.954105,1889.39,2786.1284088344487,565.2548478905235,0.29917319764078537
117860,Hot-Humid,efficient,10753.857829,1229.94,1576.7911554970808,276.1502453332914,0.22452334693829895
117873,Cold,inefficient,6401.8776874,3254.06,3247.518184733736,460.46635538156806,0.14150518287356967
117876,Mixed-Humid,average,5531.4900244,1394.23,2046.0161821413867,276.5397487811103,0.19834586028209858
117880,Hot-Humid,efficient,6815.8314521,1779.35,1911.8698816964045,450.7445803491513,0.25331979675114585
117882,Marine,average,10491.086873,1350.08,1510.6089092476748,379.53764373121294,0.28112233625504635
117890,Mixed-Humid,efficient,6352.2464449,1218.48,2091.7938980346253,324.8925675664151,0.26663758745848526
117891,Cold,efficient,2043.2832025,772.88,1412.414677789833,200.89031713363303,0.25992433124629055
117895,Hot-Humid,efficient,11219.500787,481.07,1365.037237228997,78.15053982672757,0.1624514931854565
117899,Mixed-Humid,inefficient,7395.8862981,1446.64,694.0149711656517,315.3142584841814,0.21796318260533468
117900,Mixed-Humid,efficient,8129.1460833,2905.82,2920.90416094852,1041.4478425538234,0.3584006726341698
117901,Cold,efficient,8803.2960103,1621.39,1909.2367058780717,304.2197241804309,0.18762896291480202
117902,Cold,inefficient,1891.7143781,3117.04,2031.8144461515049,637.0357673780452,0.20437202197535007
117903,Hot-Humid,average,12412.082543,1873.75,2049.17296634637,425.0912796621714,0.22686659354885733
117908,Hot-Humid,inefficient,6928.4895588,1582.81,1343.3164029945276,476.1842563907273,0.3008473893838978
117914,Mixed-Humid,inefficient,6213.6784266,3773.44,2910.6101649004454,1647.567906970284,0.4366222616419723
117920,Mixed-Humid,efficient,4835.6433634,2746.48,2766.430341562241,550.427582338982,0.20041201186208601
117925,Mixed-Humid,average,6792.8388107,2235.83,1940.6167178152025,471.9155575553549,0.21106951671430962
117931,Mixed-Humid,average,8846.3374359,1903.7,2939.508394459824,393.29310152588135,0.2065940544864639
117933,Marine,average,5331.6899384,1942.04,1644.1243827158512,560.5871061884307,0.2886588876585604
117937,Very-Cold,average,705.21081909,2525.49,2930.9919947490275,416.2638991963504,0.1648250039383844
117942,Cold,average,5657.5540682,2549.68,2171.2697461007874,1009.0852665260546,0.395769377539948
117962,Cold,inefficient,7499.5376695,948.67,1451.3263772372188,94.50051506120651,0.09961368553997335
117965,Marine,inefficient,13157.777895,1275.72,931.2445484959592,291.2782948680627,0.2283246283416915
117966,Hot-Dry,efficient,4155.402371,2603.03,2420.0598931721224,680.9870069376277,0.26161319959340756
117969,Mixed-Humid,efficient,6397.2374107,1787.55,1908.0692681532184,803.1525456077884,0.4493035414996998
117974,Mixed-Humid,inefficient,8151.3450856,2677.81,1797.1754801911009,277.6685526076022,0.10369240260048404
117981,Cold,inefficient,4136.1134601,1702.41,1241.5534081706348,268.55727651857796,0.15775123296889584
117992,Mixed-Humid,inefficient,11814.296186,1920.28,1110.892796466638,574.8718320485959,0.29936875458193385
117995,Cold,average,3422.9186621,1712.21,2098.71483268917,200.59998954516027,0.11715852000932143
118005,Mixed-Humid,inefficient,7676.2841424,5972.54,3469.900358779899,1866.2243173019174,0.31246744555949685
118010,Marine,inefficient,10120.762221,2390.33,1772.4491790704976,597.2286179626637,0.24985195264363655
118017,Marine,efficient,5857.6120762,1754.59,1782.9601475513748,530.2780035983997,0.30222331347973014
118020,Mixed-Humid,average,12517.849528,883.24,1198.7738033446992,173.43199352063135,0.19635885322294205
118023,Mixed-Humid,average,10241.013562,2107.28,2498.975206347013,605.0090775877421,0.28710426596738076
118024,Cold,average,15143.122678,795.97,946.18403315999,193.0104122734408,0.24248453116755758
118028,Cold,inefficient,5447.6716798,1952.65,1691.5637966276877,435.1185198963729,0.2228348756286958
118040,Cold,average,3854.0571366,1585.01,1601.5158035671916,424.3071103733927,0.2676999579645508
118055,Very-Cold,efficient,1686.9647722,1776.02,3899.131345185587,323.1428565743979,0.18194775766849355
118058,Cold,average,6591.7393159,3180.69,2370.4921184360146,711.4173826710107,0.2236676264178561
118078,Cold,average,9101.2655058,2604.6,3562.2498200203336,707.2731925841085,0.2715477204116212
118079,Cold,average,6267.1900817,2149.0,2351.910201500622,703.4969945597768,0.3273601649882628
118083,Mixed-Dry,average,3840.2077904,1319.73,1831.6263851915105,271.45119737630364,0.2056869188215041
118085,Mixed-Humid,efficient,4582.4061324,1822.2,2109.7794554249645,520.3411542719364,0.28555655486331705
118088,Cold,efficient,3080.7950365,1169.71,2806.1307503846942,229.5147587210169,0.19621509495602918
118089,Mixed-Humid,efficient,3967.7299222,1931.39,1911.0543646272383,211.16262239649564,0.10933194352072632
118090,Cold,average,6363.0163728,905.82,896.1740101304612,330.7801106335021,0.36517201059095855
118096,Hot-Dry,average,11519.723243,978.53,983.401598012769,63.75654858800466,0.06515543579451286
118104,Very-Cold,inefficient,751.60471787,1741.77,2607.053621775475,355.39638497030273,0.20404323473839986
118107,Cold,average,7727.7913047,1321.06,1361.3879611460184,206.07266340710092,0.15599038908687032
118112,Very-Cold,average,1053.0318439,2949.51,2636.6296731119614,430.2713696278323,0.14587893230666527
118119,Mixed-Humid,inefficient,4176.2272689,1733.38,1525.7592969055393,247.55388656131908,0.14281570490101367
118120,Cold,average,14498.274805,2876.65,2892.552470177342,628.2214123002378,0.21838646074435117
118122,Hot-Dry,average,14911.132266,921.11,1052.936860021338,190.7260795896849,0.2070611323182735
118123,Cold,inefficient,3971.0939182,1669.42,1422.399140757097,235.79695138282239,0.14124483436332522
118134,Mixed-Humid,average,8182.5337667,2086.46,1963.3151275962812,777.7175719980255,0.372745018834785
118137,Cold,average,12219.58117,1319.85,1555.0423152186722,187.05044931398822,0.14172099050194206
118144,Mixed-Humid,inefficient,5960.275021,2409.08,2185.112887687546,812.1092342244544,0.3371034727881409
118149,Cold,inefficient,10792.210469,3092.41,2934.812580768788,318.1739708039713,0.10288867608239895
118152,Cold,efficient,9432.7660612,1089.0,1626.6252624945732,357.0631987547015,0.32788172521092884
118153,Mixed-Humid,inefficient,7500.927492,2434.66,1800.0661383142074,359.7016435135455,0.14774204345310865
118158,Hot-Humid,inefficient,2643.9794385,3294.94,1773.5223578503485,505.061881788858,0.1532840906932624
118161,Cold,efficient,7325.9013823,1021.23,1412.1057136163104,239.91430616111217,0.23492680998512788
118162,Mixed-Humid,inefficient,7780.6862359,1571.6,1754.7582664816407,163.71885335245577,0.10417336049405432
118168,Cold,average,6315.7753992,1384.4,1636.1158678634192,487.6780356298232,0.3522667116655758
118174,Cold,efficient,853.55800653,1290.13,1803.113699665813,386.5018845571086,0.29958367339501335
118176,Cold,efficient,3920.3100015,1798.44,1720.7085627000386,673.0366298166917,0.3742335745516624
118178,Mixed-Humid,average,8056.5177152,4359.37,3411.952052436929,1360.756433408344,0.31214520295555187
118181,Cold,inefficient,4248.9192944,4279.44,2452.909438669523,883.8829803010983,0.20654173917641055
118191,Cold,average,12053.537951,2493.07,1751.3361381572702,289.50901265750736,0.11612550496275971
118193,Cold,average,977.77395414,2547.7,2183.009507831489,427.7261232296779,0.16788716223640066
118194,Cold,inefficient,18820.197031,1754.26,1437.8061683217,286.2770378316053,0.16318962857934702
118196,Mixed-Humid,inefficient,6165.0809591,1602.37,1271.4956694562302,201.13371487933995,0.12552264138703292
118197,Cold,efficient,3728.1353636,2057.66,1679.847352330332,400.5863379800222,0.19468052932944327
118202,Mixed-Humid,efficient,13719.710392,709.03,1119.943094525286,154.91384231676932,0.21848700663832182
118203,Cold,average,3669.1450804,1302.98,1558.480087806517,276.349827289661,0.21209061327853151
118207,Cold,average,3711.4649627,1342.08,1492.543255935121,393.659463196035,0.29332041547153304
118218,Cold,average,5425.5471826,3794.77,2929.2034449740645,643.7628318246688,0.16964475628949022
118221,Hot-Humid,average,9630.810939,2236.72,2073.810534137607,610.8807070016833,0.27311451902861483
118222,Cold,average,5870.9400481,2272.15,2665.741803021936,533.7701872623235,0.23491855170755604
118223,Mixed-Humid,average,3589.2915534,1926.69,2505.245967692071,408.32077553472936,0.21192863176469975
118229,Hot-Humid,efficient,6652.3358616,2185.05,2159.3235120224745,502.9512634906538,0.23017837737839122
118239,Mixed-Humid,average,8304.6914482,1506.99,2119.680412153164,173.90855181270854,0.11540126464854347
118243,Cold,average,3343.3392508,1362.2,1555.7807975779422,474.9679634024478,0.3486771130542122
118245,Cold,average,8123.2872168,1572.23,1956.08517434086,454.42382150188234,0.28903138949255663
118249,Mixed-Humid,average,6307.6514293,2344.89,2570.7988429084503,321.1968685305477,0.1369773714462289
118251,Cold,efficient,12883.539625,581.0,965.7829497223366,105.70285791253042,0.18193262979781483
118264,Mixed-Humid,average,1665.3835047,1170.18,1402.117937538614,303.4986583099395,0.25936066101791133
118271,Mixed-Humid,average,8129.8656398,1805.38,2208.891565925275,663.5617803246855,0.36754687673768704
118282,Mixed-Humid,efficient,6763.1703824,704.26,799.8021624502852,96.269081163084,0.13669536983938319
118285,Mixed-Humid,inefficient,12272.228967,2411.99,1759.0853501908664,499.07734112641936,0.20691517839063156
118286,Mixed-Dry,inefficient,9029.0617647,3559.26,2506.003981789436,399.21780291605546,0.11216314709126488
118289,Hot-Humid,average,4971.8705483,1424.54,1577.020999540691,276.964352131193,0.1944237102020252
118291,Cold,average,7189.7102594,2599.53,2210.082818735191,451.1769842468049,0.17356098381122928
118305,Hot-Humid,efficient,8887.0350415,1434.34,1895.0924051012864,438.86957173846747,0.3059731805140117
118310,Cold,efficient,6595.2251066,1107.96,1181.5105032049717,170.38638943878345,0.1537838815830747
118313,Very-Cold,inefficient,497.42484755,7359.53,5849.67783615275,2164.961457929069,0.2941711573876415
118319,Cold,efficient,5735.1841378,1506.94,1729.3812468025462,446.6571027943684,0.2964000575964328
118323,Cold,efficient,4341.2052889,1775.01,2620.5232247005033,373.09237195636916,0.21019170143062246
118327,Hot-Dry,efficient,10855.24186,614.0,1754.1101905884211,108.40472550748208,0.17655492753661578
118330,Cold,efficient,826.07773326,1449.06,1926.5755153955315,336.9234253578446,0.23251171473772284
118332,Mixed-Humid,average,12146.614961,2313.28,1894.7522609423756,669.8901877830706,0.2895845672737717
118346,Mixed-Humid,average,5747.5362962,2389.91,2243.3407551065293,635.7567507904163,0.26601702607646993
118350,Mixed-Humid,average,3924.5433286,1765.31,1505.9837344741434,270.3566821950745,0.15314969166609518
118353,Cold,inefficient,2595.1930023,2931.89,2534.9333135780566,486.323528343784,0.16587372934993605
118355,Cold,average,5955.5906244,2613.26,2788.9896808094354,681.9382589066545,0.2609530849998295
118356,Mixed-Dry,efficient,13254.208284,1514.21,2218.24880437002,447.56194867346045,0.2955745561536778
118369,Cold,average,4094.3150835,4938.82,4369.209548029761,506.55155488789376,0.1025652999882348
118371,Cold,average,5789.6730398,2594.79,1734.3177566976965,273.7849673188567,0.10551334301383028
118377,Cold,average,2864.4188782,2085.78,4010.808763142534,332.40916331077915,0.15936923515940277
118387,Cold,efficient,8654.3427773,2090.57,1316.6114847331428,453.06726197659657,0.2167194889320121
118393,Cold,inefficient,2267.3239022,1135.4,861.2083839318151,221.18728653672687,0.19481001104168297
118394,Mixed-Humid,efficient,6964.9284949,1783.8,1934.4157173831304,357.85705641474055,0.20061501088392228
118407,Hot-Humid,inefficient,9661.7719881,1993.77,1859.9856796093072,627.9473335619591,0.31495475082981444
118412,Cold,efficient,3785.6843464,2258.68,2050.2972998991577,559.0636101948702,0.24751784679320232
118420,Cold,inefficient,9079.0699465,2298.76,2011.2285127652567,412.61582257380326,0.1794949549208283
118423,Cold,inefficient,7031.6204128,1309.35,1284.1661186908652,473.30953386278964,0.3614843501453314
118427,Hot-Dry,efficient,5806.3668623,1219.45,1881.5873458910037,376.78084494463786,0.30897605063318534
118428,Mixed-Humid,average,5098.6130143,2004.96,2374.055027121799,409.3030478782131,0.20414524373464463
118429,Hot-Dry,inefficient,4517.9123885,1990.16,1575.446644465543,393.1242054917177,0.19753396987765692
118432,Mixed-Humid,inefficient,7115.6504737,3355.63,1885.7897697436283,1154.8337711938439,0.344148124553018
118437,Marine,inefficient,9149.8537937,1205.77,821.1919233144539,217.32866375326682,0.1802405630868796
118441,Mixed-Humid,average,7010.1144578,2245.78,1968.1685033673696,511.2940868626223,0.22766882190714238
118444,Cold,efficient,22794.803007,580.58,981.1467598916878,132.1307619727709,0.22758407449924367
118446,Cold,inefficient,4344.7549626,1544.8,1394.3812274576028,222.4108545669592,0.14397388307027395
118451,Mixed-Humid,average,6831.4467854,1040.9,1471.33326068412,261.1179906223648,0.25085790241364664
118453,Hot-Humid,efficient,5046.2323357,1241.72,1561.793079514645,143.9027685854149,0.11588986936299236
118456,Mixed-Dry,inefficient,11276.698679,7484.77,2766.607329523135,2675.1684283372074,0.35741491433099576
118458,Very-Cold,average,677.0581435,3253.72,3455.284808636301,778.2097129829294,0.23917537863827543
118463,Hot-Humid,average,11183.034219,2114.2,1702.6347429361408,584.778298299637,0.2765955436097044
118480,Mixed-Humid,average,7956.7591369,2563.68,1971.3209610279712,689.8615574869675,0.26909035351017585
118484,Hot-Dry,efficient,8676.9238238,3394.4,2920.1876002108065,224.06650839710954,0.06601063763761181
118491,Mixed-Humid,inefficient,1004.5430955,2420.13,2128.887407603181,395.2704458439489,0.16332612125958063
